area,ticker,interval,signal,candles_from_last
sp500,A,1d,"['RSI_OVERSOLD', 'hammer', 'RSI_OVERSOLD', 'RSI_OVERSOLD', 'engulfing']","[374, 166, 163, 152, 151]"
sp500,AA,1d,"['engulfing', 'RSI_OVERSOLD', 'rebound', 'RSI_OVERSOLD', 'RSI_OVERSOLD']","[448, 379, 376, 73, 68]"
sp500,AAL,1d,"['inverted_hammer', 'hammer', 'RSI_OVERSOLD', 'engulfing', 'RSI_OVERSOLD']","[330, 173, 148, 147, 144]"
sp500,AAMI,1d,"['RSI_OVERSOLD', 'rebound', 'RSI_OVERSOLD', 'rebound', 'engulfing']","[760, 752, 448, 436, 377]"
sp500,AAON,1d,"['RSI_OVERSOLD', 'RSI_OVERSOLD', 'RSI_OVERSOLD', 'RSI_OVERSOLD', 'RSI_OVERSOLD']","[399, 333, 204, 141, 50]"
sp500,AAP,1d,"['engulfing', 'RSI_OVERSOLD', 'RSI_OVERSOLD', 'RSI_OVERSOLD', 'RSI_OVERSOLD']","[398, 376, 249, 200, 33]"
sp500,AAPL,1d,"['hammer, RSI_OVERSOLD', 'RSI_OVERSOLD', 'RSI_OVERSOLD', 'RSI_OVERSOLD', 'rebound']","[430, 394, 378, 189, 180]"
sp500,AAT,1d,"['RSI_OVERSOLD', 'RSI_OVERSOLD', 'rebound', 'hammer', 'RSI_OVERSOLD']","[396, 378, 375, 230, 43]"
sp500,ABBV,1d,"['RSI_OVERSOLD', 'hammer', 'RSI_OVERSOLD', 'RSI_OVERSOLD', 'rebound']","[737, 724, 476, 378, 375]"
sp500,ABCB,1d,"['rebound', 'RSI_OVERSOLD', 'RSI_OVERSOLD', 'piercing_line', 'engulfing']","[896, 859, 450, 448, 4]"
sp500,ABG,1d,"['inverted_hammer', 'RSI_OVERSOLD', 'RSI_OVERSOLD', 'RSI_OVERSOLD', 'rebound']","[389, 383, 14, 10, 4]"
sp500,ABM,1d,"['RSI_OVERSOLD', 'RSI_OVERSOLD', 'RSI_OVERSOLD', 'RSI_OVERSOLD', 'RSI_OVERSOLD']","[521, 450, 448, 395, 145]"
sp500,ABNB,1d,"['hammer', 'RSI_OVERSOLD', 'RSI_OVERSOLD', 'RSI_OVERSOLD', 'RSI_OVERSOLD']","[382, 378, 293, 163, 10]"
sp500,ABR,1d,"['piercing_line', 'inverted_hammer', 'RSI_OVERSOLD', 'RSI_OVERSOLD', 'rebound']","[221, 193, 102, 13, 5]"
sp500,ABT,1d,"['rebound', 'RSI_OVERSOLD', 'RSI_OVERSOLD', 'rebound', 'rebound']","[131, 120, 117, 108, 104]"
sp500,ACA,1d,"['hammer', 'RSI_OVERSOLD', 'RSI_OVERSOLD', 'hammer', 'RSI_OVERSOLD']","[1017, 619, 403, 297, 138]"
sp500,ACAD,1d,"['RSI_OVERSOLD', 'rebound', 'inverted_hammer', 'RSI_OVERSOLD', 'RSI_OVERSOLD']","[378, 375, 318, 258, 9]"
sp500,ACGL,1d,"['hammer', 'RSI_OVERSOLD', 'hammer, RSI_OVERSOLD', 'hammer', 'inverted_hammer']","[562, 483, 451, 181, 91]"
sp500,ACHC,1d,"['RSI_OVERSOLD', 'RSI_OVERSOLD', 'engulfing', 'RSI_OVERSOLD', 'RSI_OVERSOLD']","[370, 294, 218, 211, 184]"
sp500,ACI,1d,"['rebound', 'rebound', 'RSI_OVERSOLD', 'RSI_OVERSOLD', 'RSI_OVERSOLD']","[252, 234, 188, 76, 53]"
sp500,ACIW,1d,"['inverted_hammer', 'RSI_OVERSOLD', 'RSI_OVERSOLD', 'RSI_OVERSOLD', 'engulfing']","[905, 755, 297, 170, 5]"
sp500,ACLS,1d,"['RSI_OVERSOLD', 'RSI_OVERSOLD', 'rebound', 'engulfing', 'hammer']","[383, 379, 378, 377, 50]"
sp500,ACM,1d,"['inverted_hammer', 'RSI_OVERSOLD', 'engulfing', 'RSI_OVERSOLD', 'RSI_OVERSOLD']","[199, 102, 96, 90, 39]"
sp500,ACMR,1d,"['RSI_OVERSOLD', 'RSI_OVERSOLD', 'RSI_OVERSOLD', 'RSI_OVERSOLD', 'inverted_hammer']","[547, 462, 459, 377, 230]"
sp500,ACN,1d,"['rebound', 'RSI_OVERSOLD', 'inverted_hammer, RSI_OVERSOLD', 'hammer', 'engulfing']","[155, 101, 76, 75, 74]"
sp500,ACT,1d,"['RSI_OVERSOLD', 'RSI_OVERSOLD', 'RSI_OVERSOLD', 'RSI_OVERSOLD', 'RSI_OVERSOLD']","[896, 668, 482, 450, 439]"
sp500,ADAM,1d,"['RSI_OVERSOLD', 'RSI_OVERSOLD', 'piercing_line', 'RSI_OVERSOLD', 'rebound']","[490, 377, 375, 13, 8]"
sp500,ADBE,1d,"['engulfing', 'RSI_OVERSOLD, rebound', 'piercing_line', 'RSI_OVERSOLD', 'RSI_OVERSOLD']","[172, 170, 169, 80, 77]"
sp500,ADC,1d,"['RSI_OVERSOLD', 'engulfing', 'hammer, RSI_OVERSOLD', 'RSI_OVERSOLD', 'engulfing']","[1182, 1180, 1008, 449, 6]"
sp500,ADEA,1d,"['RSI_OVERSOLD', 'RSI_OVERSOLD', 'engulfing', 'RSI_OVERSOLD', 'RSI_OVERSOLD']","[1082, 1080, 618, 545, 231]"
sp500,ADI,1d,"['hammer', 'RSI_OVERSOLD', 'piercing_line, rebound', 'engulfing', 'hammer']","[683, 379, 377, 147, 25]"
sp500,ADIG,1d,,
sp500,ADM,1d,"['RSI_OVERSOLD', 'engulfing', 'RSI_OVERSOLD', 'engulfing', 'RSI_OVERSOLD']","[480, 474, 419, 413, 230]"
sp500,ADMA,1d,"['RSI_OVERSOLD', 'inverted_hammer', 'RSI_OVERSOLD', 'rebound', 'RSI_OVERSOLD']","[1275, 448, 136, 134, 105]"
sp500,ADNT,1d,"['inverted_hammer, RSI_OVERSOLD', 'RSI_OVERSOLD', 'hammer', 'RSI_OVERSOLD', 'RSI_OVERSOLD']","[448, 230, 148, 144, 70]"
sp500,ADP,1d,"['rebound', 'RSI_OVERSOLD', 'RSI_OVERSOLD', 'rebound', 'rebound']","[221, 217, 170, 164, 163]"
sp500,ADSK,1d,"['rebound', 'RSI_OVERSOLD', 'RSI_OVERSOLD', 'RSI_OVERSOLD', 'engulfing']","[173, 170, 168, 80, 78]"
sp500,ADT,1d,"['rebound', 'hammer', 'RSI_OVERSOLD', 'RSI_OVERSOLD', 'rebound']","[859, 546, 450, 12, 6]"
sp500,ADUS,1d,"['inverted_hammer', 'RSI_OVERSOLD', 'RSI_OVERSOLD', 'engulfing', 'engulfing']","[896, 863, 860, 404, 172]"
sp500,AEE,1d,"['engulfing', 'hammer', 'RSI_OVERSOLD', 'hammer', 'RSI_OVERSOLD']","[753, 682, 678, 8, 5]"
sp500,AEIS,1d,"['hammer', 'RSI_OVERSOLD', 'RSI_OVERSOLD', 'RSI_OVERSOLD', 'engulfing']","[1025, 742, 734, 379, 377]"
sp500,AEO,1d,"['engulfing', 'RSI_OVERSOLD', 'inverted_hammer, rebound', 'RSI_OVERSOLD', 'RSI_OVERSOLD']","[400, 396, 394, 149, 98]"
sp500,AEP,1d,"['rebound', 'hammer', 'RSI_OVERSOLD', 'RSI_OVERSOLD', 'RSI_OVERSOLD']","[999, 849, 756, 753, 450]"
sp500,AES,1d,"['rebound', 'RSI_OVERSOLD', 'hammer', 'RSI_OVERSOLD', 'engulfing']","[468, 429, 421, 376, 150]"
sp500,AESI,1d,"['hammer', 'RSI_OVERSOLD', 'rebound', 'RSI_OVERSOLD', 'RSI_OVERSOLD']","[498, 379, 378, 374, 52]"
sp500,AFG,1d,"['rebound', 'RSI_OVERSOLD', 'RSI_OVERSOLD', 'RSI_OVERSOLD', 'inverted_hammer']","[1649, 566, 436, 412, 89]"
sp500,AFL,1d,"['RSI_OVERSOLD', 'RSI_OVERSOLD', 'RSI_OVERSOLD', 'engulfing', 'RSI_OVERSOLD']","[672, 670, 483, 480, 450]"
sp500,AGCO,1d,"['RSI_OVERSOLD', 'RSI_OVERSOLD', 'RSI_OVERSOLD', 'RSI_OVERSOLD', 'RSI_OVERSOLD']","[786, 660, 566, 378, 140]"
sp500,AGNT,1d,"['rebound', 'rebound', 'RSI_OVERSOLD', 'RSI_OVERSOLD', 'inverted_hammer']","[151, 145, 138, 101, 98]"
sp500,AGO,1d,"['RSI_OVERSOLD', 'RSI_OVERSOLD', 'RSI_OVERSOLD', 'inverted_hammer', 'RSI_OVERSOLD']","[138, 104, 42, 39, 14]"
sp500,AGX,1d,"['hammer', 'hammer', 'RSI_OVERSOLD', 'hammer', 'RSI_OVERSOLD']","[406, 398, 397, 50, 27]"
sp500,AGYS,1d,"['RSI_OVERSOLD', 'RSI_OVERSOLD, rebound', 'hammer', 'hammer', 'RSI_OVERSOLD']","[180, 175, 173, 153, 125]"
sp500,AHCO,1d,"['RSI_OVERSOLD', 'rebound', 'RSI_OVERSOLD', 'RSI_OVERSOLD', 'RSI_OVERSOLD']","[884, 856, 544, 408, 45]"
sp500,AHR,1d,['inverted_hammer'],[2]
sp500,AIG,1d,"['engulfing', 'RSI_OVERSOLD', 'inverted_hammer', 'inverted_hammer', 'RSI_OVERSOLD']","[893, 450, 271, 188, 186]"
sp500,AIN,1d,"['RSI_OVERSOLD', 'rebound', 'RSI_OVERSOLD', 'RSI_OVERSOLD', 'inverted_hammer']","[228, 222, 138, 45, 44]"
sp500,AIR,1d,"['RSI_OVERSOLD', 'engulfing', 'RSI_OVERSOLD', 'rebound', 'RSI_OVERSOLD']","[383, 380, 379, 378, 5]"
sp500,AIT,1d,"['RSI_OVERSOLD', 'RSI_OVERSOLD', 'inverted_hammer', 'hammer', 'rebound']","[450, 441, 399, 398, 378]"
sp500,AIZ,1d,"['RSI_OVERSOLD', 'rebound', 'RSI_OVERSOLD', 'RSI_OVERSOLD', 'RSI_OVERSOLD']","[898, 896, 378, 164, 9]"
sp500,AJG,1d,"['RSI_OVERSOLD', 'rebound', 'RSI_OVERSOLD', 'RSI_OVERSOLD', 'RSI_OVERSOLD']","[236, 233, 166, 106, 101]"
sp500,AKAM,1d,"['RSI_OVERSOLD', 'inverted_hammer', 'RSI_OVERSOLD', 'engulfing', 'RSI_OVERSOLD']","[477, 473, 408, 406, 292]"
sp500,AKR,1d,"['hammer', 'RSI_OVERSOLD', 'RSI_OVERSOLD', 'engulfing', 'inverted_hammer']","[1623, 1177, 755, 40, 16]"
sp500,ALB,1d,"['RSI_OVERSOLD', 'RSI_OVERSOLD', 'rebound', 'RSI_OVERSOLD', 'RSI_OVERSOLD']","[402, 379, 377, 84, 71]"
sp500,ALG,1d,"['RSI_OVERSOLD, rebound', 'RSI_OVERSOLD', 'RSI_OVERSOLD', 'RSI_OVERSOLD', 'engulfing']","[228, 224, 148, 138, 98]"
sp500,ALGM,1d,"['RSI_OVERSOLD', 'rebound', 'RSI_OVERSOLD', 'RSI_OVERSOLD', 'RSI_OVERSOLD']","[553, 543, 376, 368, 248]"
sp500,ALGN,1d,"['rebound', 'rebound', 'RSI_OVERSOLD', 'RSI_OVERSOLD', 'hammer']","[401, 378, 376, 298, 256]"
sp500,ALGT,1d,"['RSI_OVERSOLD', 'hammer, RSI_OVERSOLD', 'engulfing', 'inverted_hammer', 'RSI_OVERSOLD']","[564, 378, 147, 36, 34]"
sp500,ALHC,1d,"['engulfing', 'RSI_OVERSOLD', 'RSI_OVERSOLD', 'RSI_OVERSOLD', 'rebound']","[642, 89, 47, 16, 14]"
sp500,ALK,1d,"['hammer', 'inverted_hammer', 'RSI_OVERSOLD', 'engulfing', 'RSI_OVERSOLD']","[395, 330, 238, 147, 144]"
sp500,ALKS,1d,"['RSI_OVERSOLD', 'RSI_OVERSOLD', 'RSI_OVERSOLD', 'RSI_OVERSOLD', 'engulfing']","[306, 146, 13, 10, 6]"
sp500,ALL,1d,"['engulfing', 'RSI_OVERSOLD', 'RSI_OVERSOLD', 'hammer', 'RSI_OVERSOLD']","[893, 811, 377, 240, 11]"
sp500,ALLE,1d,"['piercing_line', 'RSI_OVERSOLD', 'piercing_line', 'RSI_OVERSOLD', 'inverted_hammer']","[448, 438, 437, 146, 101]"
sp500,ALLY,1d,"['RSI_OVERSOLD', 'engulfing', 'hammer', 'inverted_hammer', 'inverted_hammer']","[520, 516, 297, 255, 2]"
sp500,ALRM,1d,"['RSI_OVERSOLD', 'inverted_hammer', 'RSI_OVERSOLD', 'RSI_OVERSOLD', 'RSI_OVERSOLD']","[518, 297, 259, 229, 170]"
sp500,ALSN,1d,"['RSI_OVERSOLD', 'rebound', 'RSI_OVERSOLD', 'RSI_OVERSOLD', 'RSI_OVERSOLD']","[414, 378, 327, 307, 97]"
sp500,ALV,1d,"['rebound', 'RSI_OVERSOLD', 'RSI_OVERSOLD', 'RSI_OVERSOLD', 'rebound']","[571, 556, 553, 151, 143]"
sp500,AM,1d,"['hammer', 'hammer', 'engulfing', 'RSI_OVERSOLD', 'engulfing']","[621, 451, 11, 6, 3]"
sp500,AMAT,1d,"['RSI_OVERSOLD', 'engulfing', 'RSI_OVERSOLD', 'inverted_hammer, RSI_OVERSOLD', 'hammer']","[379, 377, 376, 287, 284]"
sp500,AMCR,1d,"['RSI_OVERSOLD', 'hammer', 'hammer, RSI_OVERSOLD', 'RSI_OVERSOLD', 'rebound']","[377, 148, 147, 144, 139]"
sp500,AMD,1d,"['RSI_OVERSOLD, rebound', 'engulfing', 'RSI_OVERSOLD', 'piercing_line', 'RSI_OVERSOLD']","[1002, 545, 450, 401, 378]"
sp500,AME,1d,"['RSI_OVERSOLD', 'engulfing', 'RSI_OVERSOLD', 'RSI_OVERSOLD, rebound', 'rebound']","[609, 435, 394, 379, 377]"
sp500,AMG,1d,"['rebound', 'hammer', 'RSI_OVERSOLD', 'RSI_OVERSOLD', 'RSI_OVERSOLD']","[892, 436, 414, 397, 377]"
sp500,AMGN,1d,"['RSI_OVERSOLD', 'engulfing, rebound', 'rebound', 'inverted_hammer', 'RSI_OVERSOLD']","[473, 470, 465, 451, 376]"
sp500,AMH,1d,"['inverted_hammer', 'hammer', 'RSI_OVERSOLD', 'RSI_OVERSOLD', 'RSI_OVERSOLD']","[22, 20, 19, 13, 9]"
sp500,AMKR,1d,"['RSI_OVERSOLD', 'RSI_OVERSOLD', 'RSI_OVERSOLD', 'RSI_OVERSOLD', 'RSI_OVERSOLD']","[483, 415, 402, 379, 50]"
sp500,AMN,1d,"['RSI_OVERSOLD', 'RSI_OVERSOLD', 'RSI_OVERSOLD', 'RSI_OVERSOLD', 'RSI_OVERSOLD']","[660, 522, 477, 411, 291]"
sp500,AMP,1d,"['RSI_OVERSOLD', 'rebound', 'engulfing', 'RSI_OVERSOLD', 'RSI_OVERSOLD']","[898, 896, 893, 378, 10]"
sp500,AMPH,1d,"['RSI_OVERSOLD', 'inverted_hammer', 'RSI_OVERSOLD', 'RSI_OVERSOLD', 'engulfing']","[377, 316, 248, 153, 149]"
sp500,AMR,1d,"['RSI_OVERSOLD', 'hammer', 'RSI_OVERSOLD', 'inverted_hammer', 'RSI_OVERSOLD']","[379, 164, 154, 64, 62]"
sp500,AMRX,1d,"['inverted_hammer', 'hammer', 'RSI_OVERSOLD', 'RSI_OVERSOLD', 'RSI_OVERSOLD']","[743, 617, 378, 145, 138]"
sp500,AMSF,1d,"['engulfing', 'RSI_OVERSOLD', 'RSI_OVERSOLD', 'RSI_OVERSOLD', 'rebound']","[152, 116, 38, 21, 8]"
sp500,AMT,1d,"['RSI_OVERSOLD', 'RSI_OVERSOLD', 'RSI_OVERSOLD', 'RSI_OVERSOLD', 'RSI_OVERSOLD']","[621, 479, 450, 436, 274]"
sp500,AMTM,1d,"['RSI_OVERSOLD', 'RSI_OVERSOLD', 'RSI_OVERSOLD']","[470, 449, 265]"
sp500,AMZN,1d,"['RSI_OVERSOLD', 'RSI_OVERSOLD', 'hammer', 'RSI_OVERSOLD', 'engulfing']","[378, 376, 220, 167, 161]"
sp500,AN,1d,"['hammer', 'RSI_OVERSOLD', 'RSI_OVERSOLD', 'RSI_OVERSOLD', 'rebound']","[736, 237, 229, 14, 5]"
sp500,ANDE,1d,"['hammer', 'engulfing', 'RSI_OVERSOLD', 'RSI_OVERSOLD', 'RSI_OVERSOLD']","[519, 488, 480, 450, 356]"
sp500,ANET,1d,"['engulfing', 'RSI_OVERSOLD', 'engulfing', 'RSI_OVERSOLD', 'RSI_OVERSOLD']","[859, 379, 377, 221, 219]"
sp500,ANF,1d,"['RSI_OVERSOLD', 'rebound', 'RSI_OVERSOLD', 'rebound', 'RSI_OVERSOLD']","[402, 400, 252, 242, 103]"
sp500,ANIP,1d,"['RSI_OVERSOLD', 'RSI_OVERSOLD', 'RSI_OVERSOLD', 'engulfing', 'RSI_OVERSOLD']","[1107, 1083, 1080, 708, 350]"
sp500,AON,1d,"['RSI_OVERSOLD', 'RSI_OVERSOLD', 'rebound', 'rebound', 'rebound']","[18, 14, 9, 7, 2]"
sp500,AORT,1d,"['RSI_OVERSOLD', 'RSI_OVERSOLD', 'RSI_OVERSOLD, rebound', 'RSI_OVERSOLD', 'RSI_OVERSOLD']","[376, 173, 162, 156, 104]"
sp500,AOS,1d,"['rebound', 'RSI_OVERSOLD', 'RSI_OVERSOLD', 'engulfing', 'RSI_OVERSOLD']","[1012, 377, 248, 246, 145]"
sp500,AOSL,1d,"['RSI_OVERSOLD', 'RSI_OVERSOLD', 'hammer', 'RSI_OVERSOLD', 'RSI_OVERSOLD']","[480, 379, 378, 229, 219]"
sp500,APA,1d,"['RSI_OVERSOLD', 'inverted_hammer', 'RSI_OVERSOLD', 'RSI_OVERSOLD', 'rebound']","[521, 486, 402, 379, 378]"
sp500,APAM,1d,"['RSI_OVERSOLD', 'hammer, RSI_OVERSOLD', 'hammer', 'RSI_OVERSOLD', 'hammer']","[378, 148, 147, 3, 2]"
sp500,APD,1d,"['RSI_OVERSOLD', 'RSI_OVERSOLD', 'RSI_OVERSOLD', 'engulfing', 'RSI_OVERSOLD']","[259, 244, 207, 206, 12]"
sp500,APG,1d,"['hammer', 'engulfing', 'RSI_OVERSOLD', 'inverted_hammer', 'inverted_hammer']","[1027, 690, 378, 26, 19]"
sp500,APH,1d,"['hammer', 'RSI_OVERSOLD', 'inverted_hammer', 'hammer', 'hammer']","[1012, 760, 741, 435, 50]"
sp500,APLE,1d,"['piercing_line', 'engulfing', 'inverted_hammer', 'RSI_OVERSOLD', 'rebound']","[887, 618, 545, 379, 375]"
sp500,APO,1d,"['RSI_OVERSOLD', 'RSI_OVERSOLD, rebound', 'RSI_OVERSOLD', 'RSI_OVERSOLD', 'engulfing']","[170, 157, 153, 5, 2]"
sp500,APOG,1d,"['RSI_OVERSOLD', 'engulfing', 'hammer', 'RSI_OVERSOLD', 'RSI_OVERSOLD']","[365, 233, 223, 188, 25]"
sp500,APP,1d,"['RSI_OVERSOLD', 'RSI_OVERSOLD', 'rebound', 'RSI_OVERSOLD', 'inverted_hammer, RSI_OVERSOLD']","[172, 170, 169, 43, 3]"
sp500,APPF,1d,"['RSI_OVERSOLD', 'inverted_hammer', 'RSI_OVERSOLD, rebound', 'RSI_OVERSOLD', 'rebound']","[183, 180, 172, 170, 157]"
sp500,APTV,1d,"['RSI_OVERSOLD', 'RSI_OVERSOLD', 'rebound', 'RSI_OVERSOLD', 'inverted_hammer']","[130, 107, 97, 45, 43]"
sp500,AR,1d,"['hammer', 'RSI_OVERSOLD', 'RSI_OVERSOLD', 'hammer', 'piercing_line']","[313, 306, 286, 105, 11]"
sp500,ARCB,1d,"['RSI_OVERSOLD', 'inverted_hammer', 'hammer', 'RSI_OVERSOLD', 'RSI_OVERSOLD']","[448, 421, 382, 379, 219]"
sp500,ARE,1d,"['RSI_OVERSOLD, rebound', 'rebound', 'RSI_OVERSOLD', 'inverted_hammer', 'hammer']","[236, 231, 211, 209, 129]"
sp500,ARES,1d,"['rebound', 'RSI_OVERSOLD', 'RSI_OVERSOLD', 'RSI_OVERSOLD', 'engulfing']","[170, 157, 153, 145, 69]"
sp500,ARLO,1d,"['inverted_hammer', 'RSI_OVERSOLD', 'RSI_OVERSOLD', 'hammer', 'RSI_OVERSOLD']","[1007, 979, 747, 498, 228]"
sp500,ARMK,1d,"['RSI_OVERSOLD', 'hammer', 'RSI_OVERSOLD', 'RSI_OVERSOLD', 'RSI_OVERSOLD']","[897, 894, 798, 755, 378]"
sp500,AROC,1d,"['engulfing', 'RSI_OVERSOLD', 'RSI_OVERSOLD', 'RSI_OVERSOLD', 'RSI_OVERSOLD']","[1523, 1012, 378, 89, 31]"
sp500,ARR,1d,"['RSI_OVERSOLD', 'RSI_OVERSOLD', 'RSI_OVERSOLD', 'rebound', 'hammer']","[262, 138, 17, 10, 8]"
sp500,ARW,1d,"['inverted_hammer', 'inverted_hammer', 'RSI_OVERSOLD, rebound', 'RSI_OVERSOLD', 'hammer']","[448, 394, 378, 298, 65]"
sp500,ARWR,1d,"['RSI_OVERSOLD', 'RSI_OVERSOLD', 'rebound', 'RSI_OVERSOLD', 'RSI_OVERSOLD']","[382, 379, 377, 144, 16]"
sp500,ASB,1d,"['RSI_OVERSOLD', 'RSI_OVERSOLD', 'piercing_line', 'RSI_OVERSOLD', 'rebound']","[892, 859, 448, 397, 378]"
sp500,ASH,1d,"['inverted_hammer', 'RSI_OVERSOLD', 'RSI_OVERSOLD', 'RSI_OVERSOLD', 'RSI_OVERSOLD']","[448, 441, 424, 378, 259]"
sp500,ASO,1d,"['RSI_OVERSOLD', 'RSI_OVERSOLD', 'RSI_OVERSOLD', 'RSI_OVERSOLD', 'RSI_OVERSOLD']","[471, 401, 394, 379, 141]"
sp500,ASTE,1d,"['RSI_OVERSOLD', 'hammer', 'RSI_OVERSOLD', 'inverted_hammer', 'RSI_OVERSOLD']","[610, 519, 221, 140, 44]"
sp500,ASTH,1d,"['RSI_OVERSOLD', 'rebound', 'RSI_OVERSOLD', 'hammer', 'RSI_OVERSOLD']","[224, 219, 166, 53, 43]"
sp500,ATEN,1d,"['hammer', 'inverted_hammer', 'RSI_OVERSOLD', 'RSI_OVERSOLD', 'RSI_OVERSOLD']","[311, 220, 49, 43, 33]"
sp500,ATI,1d,"['RSI_OVERSOLD', 'RSI_OVERSOLD', 'RSI_OVERSOLD', 'engulfing', 'RSI_OVERSOLD']","[747, 743, 485, 448, 298]"
sp500,ATMU,1d,['piercing_line'],[448]
sp500,ATO,1d,"['rebound', 'hammer', 'RSI_OVERSOLD', 'RSI_OVERSOLD', 'engulfing']","[755, 621, 90, 13, 8]"
sp500,ATR,1d,"['RSI_OVERSOLD', 'RSI_OVERSOLD', 'RSI_OVERSOLD', 'rebound', 'RSI_OVERSOLD']","[377, 297, 235, 233, 138]"
sp500,AUB,1d,"['inverted_hammer', 'RSI_OVERSOLD', 'rebound', 'hammer', 'RSI_OVERSOLD']","[389, 388, 379, 297, 140]"
sp500,AVA,1d,"['RSI_OVERSOLD', 'RSI_OVERSOLD', 'RSI_OVERSOLD', 'RSI_OVERSOLD', 'engulfing']","[1007, 816, 756, 351, 206]"
sp500,AVAV,1d,"['hammer', 'RSI_OVERSOLD', 'RSI_OVERSOLD', 'rebound', 'hammer']","[571, 459, 402, 400, 218]"
sp500,AVGO,1d,"['inverted_hammer', 'hammer', 'RSI_OVERSOLD', 'RSI_OVERSOLD', 'engulfing']","[1126, 1027, 1008, 379, 377]"
sp500,AVNT,1d,"['RSI_OVERSOLD', 'rebound', 'RSI_OVERSOLD', 'RSI_OVERSOLD', 'hammer']","[379, 375, 228, 225, 13]"
sp500,AVT,1d,"['RSI_OVERSOLD', 'RSI_OVERSOLD', 'RSI_OVERSOLD', 'RSI_OVERSOLD', 'RSI_OVERSOLD']","[1268, 1017, 896, 866, 668]"
sp500,AVTR,1d,"['RSI_OVERSOLD', 'RSI_OVERSOLD', 'engulfing', 'inverted_hammer', 'RSI_OVERSOLD']","[363, 234, 233, 207, 164]"
sp500,AVY,1d,"['RSI_OVERSOLD', 'inverted_hammer', 'RSI_OVERSOLD', 'RSI_OVERSOLD', 'rebound']","[376, 298, 297, 147, 139]"
sp500,AWI,1d,"['RSI_OVERSOLD', 'RSI_OVERSOLD', 'RSI_OVERSOLD', 'RSI_OVERSOLD', 'hammer']","[450, 377, 155, 147, 16]"
sp500,AWK,1d,"['hammer', 'RSI_OVERSOLD', 'piercing_line', 'RSI_OVERSOLD', 'RSI_OVERSOLD']","[351, 235, 233, 232, 4]"
sp500,AWR,1d,"['RSI_OVERSOLD', 'inverted_hammer', 'RSI_OVERSOLD', 'inverted_hammer', 'hammer']","[1080, 905, 903, 427, 8]"
sp500,AX,1d,"['RSI_OVERSOLD', 'RSI_OVERSOLD', 'RSI_OVERSOLD', 'RSI_OVERSOLD', 'hammer']","[399, 397, 377, 248, 148]"
sp500,AXON,1d,"['RSI_OVERSOLD', 'rebound', 'RSI_OVERSOLD', 'RSI_OVERSOLD', 'engulfing']","[173, 169, 127, 125, 123]"
sp500,AXP,1d,"['hammer', 'hammer', 'RSI_OVERSOLD', 'RSI_OVERSOLD', 'RSI_OVERSOLD']","[297, 183, 156, 148, 11]"
sp500,AXTA,1d,"['RSI_OVERSOLD', 'RSI_OVERSOLD', 'hammer', 'rebound', 'RSI_OVERSOLD']","[259, 149, 148, 139, 13]"
sp500,AYI,1d,"['RSI_OVERSOLD', 'RSI_OVERSOLD', 'RSI_OVERSOLD', 'piercing_line', 'RSI_OVERSOLD']","[187, 185, 151, 149, 16]"
sp500,AZO,1d,"['RSI_OVERSOLD', 'inverted_hammer', 'engulfing', 'RSI_OVERSOLD', 'RSI_OVERSOLD']","[207, 201, 200, 199, 93]"
sp500,AZTA,1d,"['RSI_OVERSOLD', 'hammer', 'RSI_OVERSOLD', 'RSI_OVERSOLD', 'engulfing']","[374, 368, 295, 169, 164]"
sp500,AZZ,1d,"['RSI_OVERSOLD', 'RSI_OVERSOLD, rebound', 'hammer', 'RSI_OVERSOLD', 'piercing_line']","[1012, 1000, 256, 249, 147]"
sp500,BA,1d,"['RSI_OVERSOLD', 'RSI_OVERSOLD', 'RSI_OVERSOLD', 'hammer', 'RSI_OVERSOLD']","[378, 144, 138, 26, 7]"
sp500,BAC,1d,"['hammer', 'RSI_OVERSOLD', 'inverted_hammer, RSI_OVERSOLD', 'RSI_OVERSOLD', 'rebound']","[148, 15, 13, 11, 4]"
sp500,BAH,1d,"['RSI_OVERSOLD', 'hammer', 'RSI_OVERSOLD', 'RSI_OVERSOLD', 'piercing_line']","[342, 272, 237, 76, 71]"
sp500,BALL,1d,"['RSI_OVERSOLD', 'RSI_OVERSOLD', 'hammer', 'RSI_OVERSOLD', 'RSI_OVERSOLD']","[376, 294, 259, 138, 9]"
sp500,BANC,1d,"['hammer', 'RSI_OVERSOLD', 'rebound', 'RSI_OVERSOLD', 'RSI_OVERSOLD']","[894, 862, 859, 399, 378]"
sp500,BANF,1d,"['inverted_hammer', 'hammer', 'engulfing', 'RSI_OVERSOLD', 'RSI_OVERSOLD']","[642, 593, 435, 243, 235]"
sp500,BANR,1d,"['rebound', 'RSI_OVERSOLD', 'piercing_line', 'RSI_OVERSOLD', 'RSI_OVERSOLD']","[896, 861, 448, 396, 379]"
sp500,BAX,1d,"['RSI_OVERSOLD', 'hammer', 'RSI_OVERSOLD', 'RSI_OVERSOLD', 'RSI_OVERSOLD']","[378, 373, 298, 234, 13]"
sp500,BBT,1d,"['inverted_hammer', 'RSI_OVERSOLD', 'RSI_OVERSOLD', 'rebound', 'RSI_OVERSOLD']","[654, 397, 379, 374, 12]"
sp500,BBWI,1d,"['RSI_OVERSOLD', 'hammer', 'RSI_OVERSOLD', 'RSI_OVERSOLD', 'rebound']","[397, 297, 226, 222, 219]"
sp500,BBY,1d,"['RSI_OVERSOLD', 'hammer', 'RSI_OVERSOLD', 'RSI_OVERSOLD', 'RSI_OVERSOLD']","[896, 794, 784, 401, 379]"
sp500,BC,1d,"['engulfing', 'RSI_OVERSOLD', 'engulfing', 'RSI_OVERSOLD', 'inverted_hammer']","[147, 19, 18, 16, 12]"
sp500,BCC,1d,"['engulfing', 'rebound', 'RSI_OVERSOLD', 'RSI_OVERSOLD', 'RSI_OVERSOLD']","[406, 394, 146, 138, 102]"
sp500,BCO,1d,"['hammer', 'RSI_OVERSOLD', 'hammer', 'hammer', 'hammer']","[953, 952, 861, 817, 147]"
sp500,BCPC,1d,"['RSI_OVERSOLD', 'RSI_OVERSOLD', 'RSI_OVERSOLD', 'RSI_OVERSOLD', 'engulfing']","[737, 615, 441, 376, 301]"
sp500,BDC,1d,"['inverted_hammer', 'RSI_OVERSOLD', 'RSI_OVERSOLD', 'engulfing', 'RSI_OVERSOLD']","[448, 378, 376, 246, 138]"
sp500,BDX,1d,"['RSI_OVERSOLD', 'inverted_hammer', 'RSI_OVERSOLD, rebound', 'engulfing', 'RSI_OVERSOLD']","[374, 369, 360, 231, 138]"
sp500,BE,1d,"['engulfing', 'hammer', 'RSI_OVERSOLD', 'RSI_OVERSOLD', 'hammer']","[681, 546, 543, 378, 218]"
sp500,BEN,1d,"['RSI_OVERSOLD', 'hammer', 'RSI_OVERSOLD', 'RSI_OVERSOLD', 'hammer']","[612, 579, 378, 255, 145]"
sp500,BF-B,1d,"['rebound', 'RSI_OVERSOLD', 'inverted_hammer', 'inverted_hammer', 'RSI_OVERSOLD']","[477, 336, 327, 190, 138]"
sp500,BFAM,1d,"['RSI_OVERSOLD', 'rebound', 'engulfing', 'RSI_OVERSOLD', 'RSI_OVERSOLD']","[167, 163, 156, 106, 20]"
sp500,BFH,1d,"['hammer', 'hammer, rebound', 'RSI_OVERSOLD', 'engulfing', 'RSI_OVERSOLD']","[398, 397, 378, 377, 256]"
sp500,BFS,1d,"['RSI_OVERSOLD', 'engulfing', 'RSI_OVERSOLD', 'RSI_OVERSOLD', 'hammer']","[449, 448, 436, 377, 45]"
sp500,BG,1d,"['RSI_OVERSOLD', 'piercing_line', 'RSI_OVERSOLD', 'hammer, RSI_OVERSOLD', 'engulfing']","[450, 448, 419, 73, 45]"
sp500,BGC,1d,"['hammer', 'RSI_OVERSOLD', 'RSI_OVERSOLD', 'RSI_OVERSOLD', 'RSI_OVERSOLD']","[1180, 1179, 1011, 450, 378]"
sp500,BHE,1d,"['RSI_OVERSOLD', 'RSI_OVERSOLD', 'hammer', 'engulfing', 'RSI_OVERSOLD']","[892, 772, 639, 420, 402]"
sp500,BHF,1d,"['RSI_OVERSOLD', 'hammer, RSI_OVERSOLD', 'rebound', 'RSI_OVERSOLD', 'RSI_OVERSOLD']","[312, 156, 154, 148, 36]"
sp500,BIIB,1d,"['RSI_OVERSOLD', 'rebound', 'RSI_OVERSOLD', 'engulfing', 'RSI_OVERSOLD']","[483, 472, 378, 375, 374]"
sp500,BILL,1d,"['RSI_OVERSOLD', 'inverted_hammer', 'RSI_OVERSOLD', 'inverted_hammer', 'inverted_hammer']","[229, 180, 171, 92, 82]"
sp500,BIO,1d,"['engulfing', 'engulfing', 'RSI_OVERSOLD', 'RSI_OVERSOLD', 'RSI_OVERSOLD']","[400, 398, 378, 376, 162]"
sp500,BJ,1d,"['RSI_OVERSOLD', 'RSI_OVERSOLD', 'inverted_hammer', 'RSI_OVERSOLD', 'RSI_OVERSOLD']","[951, 846, 722, 281, 255]"
sp500,BJRI,1d,"['hammer', 'RSI_OVERSOLD', 'RSI_OVERSOLD', 'piercing_line', 'RSI_OVERSOLD']","[302, 300, 152, 149, 144]"
sp500,BKE,1d,"['RSI_OVERSOLD', 'RSI_OVERSOLD', 'RSI_OVERSOLD', 'hammer', 'RSI_OVERSOLD']","[765, 753, 683, 246, 89]"
sp500,BKH,1d,"['RSI_OVERSOLD', 'RSI_OVERSOLD', 'RSI_OVERSOLD', 'engulfing', 'hammer']","[905, 815, 775, 753, 328]"
sp500,BKNG,1d,"['rebound', 'RSI_OVERSOLD', 'inverted_hammer', 'RSI_OVERSOLD', 'RSI_OVERSOLD']","[165, 159, 97, 20, 16]"
sp500,BKR,1d,"['RSI_OVERSOLD', 'RSI_OVERSOLD, rebound', 'RSI_OVERSOLD', 'RSI_OVERSOLD', 'engulfing']","[681, 674, 378, 17, 13]"
sp500,BKU,1d,"['hammer', 'piercing_line', 'RSI_OVERSOLD', 'hammer', 'hammer']","[519, 448, 379, 297, 148]"
sp500,BL,1d,"['RSI_OVERSOLD', 'inverted_hammer', 'RSI_OVERSOLD', 'RSI_OVERSOLD, rebound', 'inverted_hammer']","[292, 291, 173, 163, 156]"
sp500,BLDR,1d,"['RSI_OVERSOLD', 'hammer', 'engulfing', 'RSI_OVERSOLD', 'engulfing']","[401, 148, 147, 108, 47]"
sp500,BLFS,1d,"['engulfing', 'hammer', 'RSI_OVERSOLD', 'RSI_OVERSOLD', 'hammer']","[1112, 794, 793, 742, 148]"
sp500,BLK,1d,"['RSI_OVERSOLD', 'RSI_OVERSOLD', 'RSI_OVERSOLD', 'RSI_OVERSOLD', 'RSI_OVERSOLD']","[436, 378, 231, 222, 148]"
sp500,BLKB,1d,"['RSI_OVERSOLD', 'RSI_OVERSOLD', 'RSI_OVERSOLD, rebound', 'RSI_OVERSOLD, rebound', 'rebound']","[229, 181, 170, 136, 124]"
sp500,BMI,1d,"['RSI_OVERSOLD', 'engulfing', 'rebound', 'RSI_OVERSOLD', 'RSI_OVERSOLD']","[305, 302, 297, 174, 119]"
sp500,BMRN,1d,"['RSI_OVERSOLD', 'rebound', 'RSI_OVERSOLD', 'piercing_line, rebound', 'RSI_OVERSOLD']","[481, 471, 378, 375, 138]"
sp500,BMY,1d,"['RSI_OVERSOLD', 'RSI_OVERSOLD', 'RSI_OVERSOLD, rebound', 'RSI_OVERSOLD', 'RSI_OVERSOLD']","[376, 374, 366, 351, 259]"
sp500,BNL,1d,"['piercing_line, rebound', 'RSI_OVERSOLD', 'hammer', 'RSI_OVERSOLD', 'rebound']","[448, 376, 42, 16, 10]"
sp500,BNY,1d,"['RSI_OVERSOLD', 'engulfing', 'RSI_OVERSOLD', 'RSI_OVERSOLD', 'inverted_hammer']","[894, 893, 892, 378, 10]"
sp500,BOH,1d,"['RSI_OVERSOLD', 'RSI_OVERSOLD', 'RSI_OVERSOLD', 'rebound', 'hammer']","[301, 244, 12, 6, 4]"
sp500,BOOT,1d,"['hammer', 'inverted_hammer', 'RSI_OVERSOLD', 'hammer', 'RSI_OVERSOLD']","[147, 146, 129, 53, 16]"
sp500,BOX,1d,"['RSI_OVERSOLD', 'RSI_OVERSOLD', 'RSI_OVERSOLD, rebound', 'RSI_OVERSOLD, rebound', 'rebound']","[182, 173, 170, 164, 157]"
sp500,BR,1d,"['rebound', 'RSI_OVERSOLD, rebound', 'rebound', 'RSI_OVERSOLD', 'RSI_OVERSOLD']","[173, 167, 163, 136, 101]"
sp500,BRC,1d,"['hammer', 'inverted_hammer', 'RSI_OVERSOLD', 'RSI_OVERSOLD', 'RSI_OVERSOLD']","[1019, 896, 138, 16, 13]"
sp500,BRK-B,1d,"['RSI_OVERSOLD', 'rebound', 'RSI_OVERSOLD', 'engulfing', 'RSI_OVERSOLD']","[1084, 1080, 296, 234, 177]"
sp500,BRKR,1d,"['piercing_line', 'RSI_OVERSOLD', 'RSI_OVERSOLD', 'RSI_OVERSOLD', 'RSI_OVERSOLD']","[380, 376, 294, 163, 143]"
sp500,BRO,1d,"['RSI_OVERSOLD', 'RSI_OVERSOLD', 'RSI_OVERSOLD', 'RSI_OVERSOLD', 'inverted_hammer']","[165, 135, 109, 11, 10]"
sp500,BROS,1d,"['engulfing', 'RSI_OVERSOLD', 'RSI_OVERSOLD', 'rebound', 'rebound']","[34, 25, 19, 12, 10]"
sp500,BRX,1d,"['RSI_OVERSOLD', 'RSI_OVERSOLD', 'RSI_OVERSOLD', 'hammer', 'rebound']","[376, 208, 17, 13, 4]"
sp500,BSX,1d,"['rebound', 'RSI_OVERSOLD', 'hammer', 'hammer', 'RSI_OVERSOLD']","[145, 132, 127, 106, 91]"
sp500,BSY,1d,"['RSI_OVERSOLD', 'rebound', 'RSI_OVERSOLD', 'rebound', 'engulfing']","[200, 179, 173, 170, 16]"
sp500,BTSG,1d,"['RSI_OVERSOLD', 'RSI_OVERSOLD', 'inverted_hammer']","[643, 399, 330]"
sp500,BTU,1d,"['rebound', 'rebound', 'engulfing', 'RSI_OVERSOLD', 'RSI_OVERSOLD']","[404, 400, 397, 378, 119]"
sp500,BURL,1d,"['rebound', 'RSI_OVERSOLD', 'RSI_OVERSOLD', 'rebound', 'rebound']","[408, 102, 30, 27, 16]"
sp500,BWA,1d,"['RSI_OVERSOLD', 'RSI_OVERSOLD', 'RSI_OVERSOLD', 'RSI_OVERSOLD', 'RSI_OVERSOLD']","[1080, 1008, 859, 733, 416]"
sp500,BWXT,1d,"['piercing_line', 'hammer', 'RSI_OVERSOLD', 'RSI_OVERSOLD', 'RSI_OVERSOLD']","[1104, 1012, 450, 49, 31]"
sp500,BX,1d,"['RSI_OVERSOLD', 'rebound', 'hammer', 'RSI_OVERSOLD', 'RSI_OVERSOLD']","[151, 144, 13, 9, 7]"
sp500,BXMT,1d,"['RSI_OVERSOLD', 'hammer', 'rebound', 'RSI_OVERSOLD', 'rebound']","[48, 45, 43, 13, 9]"
sp500,BXP,1d,"['engulfing', 'RSI_OVERSOLD', 'inverted_hammer', 'engulfing', 'hammer']","[435, 377, 298, 246, 147]"
sp500,BYD,1d,"['RSI_OVERSOLD', 'RSI_OVERSOLD', 'RSI_OVERSOLD', 'rebound', 'rebound']","[378, 26, 20, 12, 9]"
sp500,C,1d,"['RSI_OVERSOLD', 'RSI_OVERSOLD', 'hammer', 'RSI_OVERSOLD', 'rebound']","[545, 399, 398, 379, 377]"
sp500,CACC,1d,"['RSI_OVERSOLD', 'hammer', 'RSI_OVERSOLD', 'engulfing', 'RSI_OVERSOLD']","[755, 754, 520, 481, 297]"
sp500,CACI,1d,"['engulfing', 'RSI_OVERSOLD', 'engulfing', 'RSI_OVERSOLD', 'RSI_OVERSOLD']","[469, 414, 410, 116, 76]"
sp500,CAG,1d,"['RSI_OVERSOLD', 'RSI_OVERSOLD', 'inverted_hammer', 'RSI_OVERSOLD', 'engulfing']","[140, 123, 87, 5, 3]"
sp500,CAH,1d,"['inverted_hammer', 'RSI_OVERSOLD', 'RSI_OVERSOLD', 'RSI_OVERSOLD', 'RSI_OVERSOLD']","[896, 892, 787, 608, 105]"
sp500,CAKE,1d,"['RSI_OVERSOLD', 'RSI_OVERSOLD', 'engulfing', 'RSI_OVERSOLD', 'rebound']","[762, 268, 264, 234, 219]"
sp500,CALM,1d,"['RSI_OVERSOLD', 'RSI_OVERSOLD', 'RSI_OVERSOLD', 'inverted_hammer', 'engulfing']","[256, 212, 188, 13, 6]"
sp500,CALX,1d,"['RSI_OVERSOLD', 'hammer', 'RSI_OVERSOLD', 'RSI_OVERSOLD', 'piercing_line']","[172, 86, 72, 20, 19]"
sp500,CALY,1d,"['RSI_OVERSOLD', 'RSI_OVERSOLD', 'piercing_line', 'RSI_OVERSOLD', 'RSI_OVERSOLD']","[520, 474, 470, 399, 14]"
sp500,CAR,1d,"['RSI_OVERSOLD', 'RSI_OVERSOLD', 'RSI_OVERSOLD', 'rebound', 'RSI_OVERSOLD']","[232, 159, 18, 10, 4]"
sp500,CARG,1d,"['rebound', 'hammer', 'RSI_OVERSOLD', 'RSI_OVERSOLD', 'RSI_OVERSOLD']","[170, 169, 10, 4, 2]"
sp500,CARR,1d,"['RSI_OVERSOLD', 'RSI_OVERSOLD', 'RSI_OVERSOLD', 'RSI_OVERSOLD', 'RSI_OVERSOLD']","[739, 450, 421, 378, 15]"
sp500,CART,1d,"['hammer', 'RSI_OVERSOLD', 'RSI_OVERSOLD', 'rebound', 'RSI_OVERSOLD']","[256, 229, 180, 168, 164]"
sp500,CASH,1d,"['hammer, RSI_OVERSOLD', 'engulfing', 'hammer', 'RSI_OVERSOLD', 'rebound']","[297, 230, 19, 13, 5]"
sp500,CASY,1d,"['RSI_OVERSOLD', 'RSI_OVERSOLD', 'engulfing', 'RSI_OVERSOLD', 'engulfing']","[1488, 1331, 904, 20, 10]"
sp500,CAT,1d,"['RSI_OVERSOLD', 'RSI_OVERSOLD', 'RSI_OVERSOLD', 'rebound', 'RSI_OVERSOLD']","[436, 408, 379, 377, 49]"
sp500,CATY,1d,"['piercing_line', 'RSI_OVERSOLD', 'RSI_OVERSOLD', 'hammer', 'hammer']","[448, 396, 379, 297, 148]"
sp500,CAVA,1d,"['RSI_OVERSOLD', 'piercing_line', 'rebound', 'RSI_OVERSOLD', 'RSI_OVERSOLD']","[234, 228, 222, 19, 16]"
sp500,CB,1d,"['RSI_OVERSOLD', 'RSI_OVERSOLD', 'RSI_OVERSOLD', 'engulfing', 'inverted_hammer']","[892, 841, 436, 435, 89]"
sp500,CBOE,1d,"['hammer', 'RSI_OVERSOLD', 'inverted_hammer', 'RSI_OVERSOLD', 'RSI_OVERSOLD']","[1180, 1178, 448, 88, 77]"
sp500,CBRE,1d,"['RSI_OVERSOLD', 'RSI_OVERSOLD', 'RSI_OVERSOLD', 'RSI_OVERSOLD', 'hammer']","[163, 99, 97, 91, 89]"
sp500,CBRL,1d,"['inverted_hammer', 'engulfing', 'piercing_line', 'hammer', 'RSI_OVERSOLD']","[221, 220, 218, 147, 16]"
sp500,CBSH,1d,"['RSI_OVERSOLD', 'engulfing', 'engulfing', 'RSI_OVERSOLD', 'RSI_OVERSOLD']","[396, 377, 327, 244, 235]"
sp500,CBT,1d,"['RSI_OVERSOLD', 'hammer', 'hammer', 'engulfing', 'hammer']","[249, 246, 147, 144, 13]"
sp500,CBU,1d,"['inverted_hammer', 'RSI_OVERSOLD', 'hammer', 'hammer', 'RSI_OVERSOLD']","[741, 740, 591, 520, 379]"
sp500,CC,1d,"['engulfing', 'RSI_OVERSOLD', 'RSI_OVERSOLD', 'RSI_OVERSOLD', 'hammer']","[448, 402, 397, 248, 13]"
sp500,CCI,1d,"['inverted_hammer', 'RSI_OVERSOLD', 'hammer', 'RSI_OVERSOLD', 'RSI_OVERSOLD']","[454, 272, 232, 135, 9]"
sp500,CCK,1d,"['rebound', 'RSI_OVERSOLD', 'RSI_OVERSOLD', 'RSI_OVERSOLD', 'RSI_OVERSOLD']","[569, 275, 138, 13, 9]"
sp500,CCL,1d,"['rebound', 'engulfing', 'RSI_OVERSOLD', 'RSI_OVERSOLD', 'inverted_hammer']","[378, 147, 144, 25, 21]"
sp500,CCOI,1d,"['RSI_OVERSOLD', 'inverted_hammer', 'rebound', 'piercing_line, rebound', 'RSI_OVERSOLD']","[229, 228, 224, 223, 157]"
sp500,CCS,1d,"['engulfing', 'RSI_OVERSOLD', 'RSI_OVERSOLD', 'RSI_OVERSOLD', 'hammer']","[448, 147, 133, 99, 13]"
sp500,CDE,1d,"['RSI_OVERSOLD', 'piercing_line', 'RSI_OVERSOLD', 'inverted_hammer', 'hammer']","[842, 377, 134, 82, 6]"
sp500,CDNS,1d,"['RSI_OVERSOLD', 'RSI_OVERSOLD', 'RSI_OVERSOLD', 'RSI_OVERSOLD', 'RSI_OVERSOLD']","[545, 408, 170, 57, 21]"
sp500,CDP,1d,"['engulfing', 'hammer', 'RSI_OVERSOLD', 'engulfing', 'RSI_OVERSOLD']","[887, 672, 671, 669, 412]"
sp500,CDW,1d,"['RSI_OVERSOLD', 'RSI_OVERSOLD', 'piercing_line', 'RSI_OVERSOLD', 'RSI_OVERSOLD']","[396, 379, 377, 293, 106]"
sp500,CE,1d,"['rebound', 'RSI_OVERSOLD, rebound', 'RSI_OVERSOLD', 'RSI_OVERSOLD', 'RSI_OVERSOLD']","[470, 410, 290, 84, 68]"
sp500,CEG,1d,"['RSI_OVERSOLD', 'hammer', 'RSI_OVERSOLD', 'RSI_OVERSOLD', 'piercing_line']","[905, 683, 553, 378, 377]"
sp500,CELH,1d,"['RSI_OVERSOLD', 'engulfing', 'engulfing', 'hammer', 'RSI_OVERSOLD']","[229, 162, 159, 103, 101]"
sp500,CENT,1d,"['inverted_hammer', 'RSI_OVERSOLD', 'RSI_OVERSOLD', 'RSI_OVERSOLD', 'RSI_OVERSOLD']","[860, 720, 715, 581, 292]"
sp500,CENTA,1d,"['engulfing', 'RSI_OVERSOLD', 'RSI_OVERSOLD', 'hammer', 'RSI_OVERSOLD']","[1017, 720, 715, 519, 292]"
sp500,CENX,1d,"['RSI_OVERSOLD', 'rebound', 'RSI_OVERSOLD', 'RSI_OVERSOLD', 'RSI_OVERSOLD']","[1080, 1076, 376, 68, 6]"
sp500,CERT,1d,"['hammer', 'rebound', 'RSI_OVERSOLD', 'RSI_OVERSOLD', 'engulfing']","[166, 159, 138, 102, 96]"
sp500,CF,1d,"['hammer', 'engulfing', 'RSI_OVERSOLD', 'RSI_OVERSOLD', 'engulfing']","[682, 606, 376, 292, 77]"
sp500,CFFN,1d,"['hammer, rebound', 'RSI_OVERSOLD', 'inverted_hammer', 'RSI_OVERSOLD', 'hammer']","[896, 740, 448, 378, 373]"
sp500,CFG,1d,"['RSI_OVERSOLD', 'engulfing', 'RSI_OVERSOLD', 'hammer', 'hammer']","[379, 377, 10, 9, 4]"
sp500,CFR,1d,"['RSI_OVERSOLD', 'RSI_OVERSOLD', 'hammer', 'inverted_hammer', 'RSI_OVERSOLD']","[892, 773, 739, 587, 396]"
sp500,CG,1d,"['hammer', 'engulfing', 'RSI_OVERSOLD', 'RSI_OVERSOLD', 'RSI_OVERSOLD']","[378, 377, 233, 144, 87]"
sp500,CGNX,1d,"['RSI_OVERSOLD', 'RSI_OVERSOLD', 'RSI_OVERSOLD', 'rebound', 'RSI_OVERSOLD']","[547, 412, 379, 377, 374]"
sp500,CHCO,1d,"['RSI_OVERSOLD', 'hammer, RSI_OVERSOLD', 'engulfing', 'RSI_OVERSOLD', 'hammer']","[953, 436, 435, 377, 140]"
sp500,CHD,1d,"['RSI_OVERSOLD', 'inverted_hammer', 'RSI_OVERSOLD', 'hammer', 'RSI_OVERSOLD']","[360, 295, 262, 257, 235]"
sp500,CHDN,1d,"['rebound', 'RSI_OVERSOLD, rebound', 'RSI_OVERSOLD, rebound', 'hammer', 'RSI_OVERSOLD']","[397, 378, 365, 364, 148]"
sp500,CHE,1d,"['RSI_OVERSOLD', 'inverted_hammer', 'RSI_OVERSOLD', 'engulfing', 'RSI_OVERSOLD']","[299, 298, 154, 153, 138]"
sp500,CHEF,1d,"['hammer, rebound', 'rebound', 'hammer', 'RSI_OVERSOLD', 'RSI_OVERSOLD']","[762, 756, 257, 255, 138]"
sp500,CHH,1d,"['RSI_OVERSOLD', 'RSI_OVERSOLD', 'hammer', 'inverted_hammer', 'rebound']","[291, 267, 252, 234, 221]"
sp500,CHRD,1d,"['RSI_OVERSOLD', 'RSI_OVERSOLD', 'RSI_OVERSOLD', 'RSI_OVERSOLD', 'inverted_hammer']","[524, 421, 378, 70, 11]"
sp500,CHRW,1d,"['engulfing', 'RSI_OVERSOLD', 'RSI_OVERSOLD', 'engulfing', 'RSI_OVERSOLD']","[770, 672, 377, 49, 48]"
sp500,CHTR,1d,"['RSI_OVERSOLD', 'RSI_OVERSOLD', 'rebound', 'RSI_OVERSOLD', 'hammer']","[180, 114, 101, 87, 2]"
sp500,CHWY,1d,"['inverted_hammer', 'RSI_OVERSOLD', 'inverted_hammer', 'RSI_OVERSOLD', 'RSI_OVERSOLD']","[103, 97, 84, 81, 10]"
sp500,CI,1d,"['RSI_OVERSOLD', 'engulfing', 'RSI_OVERSOLD', 'RSI_OVERSOLD', 'engulfing']","[352, 350, 298, 234, 232]"
sp500,CIEN,1d,"['RSI_OVERSOLD', 'hammer', 'RSI_OVERSOLD', 'hammer', 'hammer']","[399, 398, 397, 382, 50]"
sp500,CINF,1d,"['RSI_OVERSOLD', 'RSI_OVERSOLD', 'RSI_OVERSOLD', 'RSI_OVERSOLD', 'RSI_OVERSOLD']","[1080, 1052, 896, 865, 436]"
sp500,CL,1d,"['RSI_OVERSOLD', 'RSI_OVERSOLD', 'inverted_hammer', 'RSI_OVERSOLD', 'inverted_hammer']","[479, 439, 326, 297, 254]"
sp500,CLF,1d,"['RSI_OVERSOLD', 'hammer, RSI_OVERSOLD', 'hammer', 'RSI_OVERSOLD', 'inverted_hammer']","[522, 378, 343, 342, 6]"
sp500,CLH,1d,"['RSI_OVERSOLD', 'RSI_OVERSOLD', 'RSI_OVERSOLD', 'rebound', 'rebound']","[734, 410, 407, 401, 398]"
sp500,CLSK,1d,"['inverted_hammer', 'rebound', 'RSI_OVERSOLD', 'piercing_line', 'inverted_hammer, RSI_OVERSOLD']","[1105, 1104, 525, 403, 223]"
sp500,CLX,1d,"['rebound', 'rebound', 'piercing_line', 'hammer', 'RSI_OVERSOLD']","[222, 221, 219, 139, 109]"
sp500,CMC,1d,"['RSI_OVERSOLD', 'rebound', 'RSI_OVERSOLD', 'RSI_OVERSOLD', 'rebound']","[450, 436, 401, 149, 139]"
sp500,CMCSA,1d,"['RSI_OVERSOLD', 'RSI_OVERSOLD', 'RSI_OVERSOLD', 'RSI_OVERSOLD', 'RSI_OVERSOLD']","[87, 77, 13, 11, 9]"
sp500,CME,1d,"['rebound', 'RSI_OVERSOLD', 'RSI_OVERSOLD', 'RSI_OVERSOLD', 'RSI_OVERSOLD']","[1104, 1102, 1002, 89, 73]"
sp500,CMG,1d,"['RSI_OVERSOLD', 'engulfing', 'RSI_OVERSOLD', 'RSI_OVERSOLD', 'hammer']","[234, 231, 144, 88, 13]"
sp500,CMI,1d,"['RSI_OVERSOLD', 'RSI_OVERSOLD', 'rebound', 'RSI_OVERSOLD', 'RSI_OVERSOLD']","[394, 379, 377, 31, 15]"
sp500,CMS,1d,"['rebound', 'piercing_line', 'piercing_line', 'hammer', 'engulfing']","[1003, 998, 755, 435, 6]"
sp500,CNC,1d,"['RSI_OVERSOLD', 'inverted_hammer', 'RSI_OVERSOLD', 'hammer', 'engulfing']","[144, 143, 137, 136, 134]"
sp500,CNH,1d,"['hammer', 'RSI_OVERSOLD', 'RSI_OVERSOLD', 'RSI_OVERSOLD', 'RSI_OVERSOLD']","[589, 583, 276, 268, 228]"
sp500,CNK,1d,"['engulfing', 'RSI_OVERSOLD', 'RSI_OVERSOLD', 'RSI_OVERSOLD', 'RSI_OVERSOLD']","[949, 405, 298, 211, 209]"
sp500,CNM,1d,"['RSI_OVERSOLD', 'rebound', 'RSI_OVERSOLD', 'piercing_line', 'RSI_OVERSOLD']","[401, 397, 271, 269, 223]"
sp500,CNMD,1d,"['RSI_OVERSOLD', 'RSI_OVERSOLD', 'RSI_OVERSOLD', 'RSI_OVERSOLD', 'engulfing']","[577, 501, 401, 376, 305]"
sp500,CNO,1d,"['RSI_OVERSOLD', 'engulfing', 'inverted_hammer', 'hammer', 'RSI_OVERSOLD']","[894, 893, 739, 519, 377]"
sp500,CNP,1d,"['hammer', 'RSI_OVERSOLD', 'hammer', 'RSI_OVERSOLD', 'inverted_hammer']","[563, 545, 351, 32, 9]"
sp500,CNR,1d,"['RSI_OVERSOLD', 'hammer', 'RSI_OVERSOLD', 'rebound', 'hammer']","[412, 410, 407, 401, 119]"
sp500,CNS,1d,"['RSI_OVERSOLD', 'engulfing', 'hammer', 'RSI_OVERSOLD', 'RSI_OVERSOLD']","[450, 448, 435, 394, 16]"
sp500,CNX,1d,"['engulfing', 'RSI_OVERSOLD', 'RSI_OVERSOLD', 'RSI_OVERSOLD', 'rebound']","[298, 88, 14, 7, 4]"
sp500,CNXC,1d,"['RSI_OVERSOLD', 'engulfing', 'RSI_OVERSOLD', 'RSI_OVERSOLD', 'rebound']","[508, 504, 297, 234, 228]"
sp500,CNXN,1d,"['RSI_OVERSOLD', 'rebound', 'RSI_OVERSOLD', 'engulfing', 'RSI_OVERSOLD']","[484, 483, 418, 416, 297]"
sp500,COCO,1d,"['engulfing', 'RSI_OVERSOLD', 'RSI_OVERSOLD', 'RSI_OVERSOLD', 'RSI_OVERSOLD']","[382, 379, 295, 69, 23]"
sp500,COF,1d,"['RSI_OVERSOLD', 'inverted_hammer', 'RSI_OVERSOLD', 'hammer', 'hammer']","[248, 221, 157, 148, 9]"
sp500,COHR,1d,"['RSI_OVERSOLD', 'hammer', 'hammer', 'engulfing', 'RSI_OVERSOLD']","[402, 398, 378, 377, 49]"
sp500,COHU,1d,"['RSI_OVERSOLD', 'RSI_OVERSOLD, rebound', 'hammer', 'RSI_OVERSOLD', 'RSI_OVERSOLD']","[402, 398, 382, 379, 376]"
sp500,COIN,1d,"['inverted_hammer', 'hammer', 'RSI_OVERSOLD', 'RSI_OVERSOLD', 'rebound']","[221, 220, 219, 173, 169]"
sp500,COKE,1d,"['engulfing', 'RSI_OVERSOLD', 'RSI_OVERSOLD', 'inverted_hammer', 'hammer']","[481, 360, 337, 190, 136]"
sp500,COLB,1d,"['piercing_line', 'engulfing', 'RSI_OVERSOLD', 'RSI_OVERSOLD', 'engulfing']","[448, 398, 396, 379, 377]"
sp500,COLL,1d,"['inverted_hammer', 'RSI_OVERSOLD', 'RSI_OVERSOLD', 'rebound', 'RSI_OVERSOLD']","[405, 376, 151, 144, 43]"
sp500,COLM,1d,"['engulfing', 'RSI_OVERSOLD', 'RSI_OVERSOLD', 'RSI_OVERSOLD', 'inverted_hammer']","[414, 379, 297, 132, 44]"
sp500,CON,1d,['RSI_OVERSOLD'],[230]
sp500,COO,1d,"['RSI_OVERSOLD', 'hammer', 'rebound', 'RSI_OVERSOLD', 'rebound']","[115, 114, 103, 20, 19]"
sp500,COP,1d,"['rebound', 'RSI_OVERSOLD', 'hammer', 'RSI_OVERSOLD', 'hammer']","[578, 545, 421, 378, 119]"
sp500,COR,1d,"['RSI_OVERSOLD', 'inverted_hammer', 'RSI_OVERSOLD', 'RSI_OVERSOLD', 'engulfing']","[609, 560, 140, 106, 100]"
sp500,CORT,1d,"['RSI_OVERSOLD', 'inverted_hammer', 'inverted_hammer', 'engulfing', 'RSI_OVERSOLD']","[757, 619, 404, 398, 192]"
sp500,COST,1d,"['engulfing', 'inverted_hammer', 'hammer', 'RSI_OVERSOLD', 'hammer']","[958, 905, 902, 394, 14]"
sp500,COTY,1d,"['RSI_OVERSOLD', 'RSI_OVERSOLD', 'RSI_OVERSOLD', 'RSI_OVERSOLD', 'engulfing']","[377, 283, 227, 197, 130]"
sp500,CPAY,1d,"['hammer', 'engulfing', 'RSI_OVERSOLD', 'RSI_OVERSOLD', 'RSI_OVERSOLD']","[580, 448, 397, 378, 234]"
sp500,CPB,1d,"['hammer', 'RSI_OVERSOLD', 'RSI_OVERSOLD', 'RSI_OVERSOLD', 'RSI_OVERSOLD']","[331, 329, 190, 188, 145]"
sp500,CPF,1d,"['rebound', 'RSI_OVERSOLD', 'inverted_hammer', 'RSI_OVERSOLD', 'hammer']","[896, 892, 867, 861, 378]"
sp500,CPK,1d,"['RSI_OVERSOLD', 'rebound', 'engulfing', 'RSI_OVERSOLD', 'engulfing']","[759, 756, 448, 352, 206]"
sp500,CPRI,1d,"['RSI_OVERSOLD', 'RSI_OVERSOLD', 'RSI_OVERSOLD', 'engulfing', 'RSI_OVERSOLD']","[379, 170, 168, 147, 33]"
sp500,CPRT,1d,"['RSI_OVERSOLD', 'RSI_OVERSOLD', 'RSI_OVERSOLD', 'RSI_OVERSOLD', 'hammer']","[310, 229, 217, 157, 10]"
sp500,CPT,1d,"['inverted_hammer', 'RSI_OVERSOLD', 'RSI_OVERSOLD', 'RSI_OVERSOLD', 'engulfing']","[483, 377, 235, 138, 8]"
sp500,CR,1d,"['inverted_hammer', 'RSI_OVERSOLD', 'hammer', 'RSI_OVERSOLD', 'RSI_OVERSOLD']","[399, 377, 276, 143, 138]"
sp500,CRBG,1d,"['RSI_OVERSOLD', 'RSI_OVERSOLD', 'RSI_OVERSOLD', 'RSI_OVERSOLD', 'inverted_hammer']","[546, 378, 266, 222, 221]"
sp500,CRC,1d,"['RSI_OVERSOLD', 'engulfing', 'hammer', 'inverted_hammer', 'engulfing']","[545, 400, 101, 74, 73]"
sp500,CRGY,1d,"['RSI_OVERSOLD', 'RSI_OVERSOLD', 'RSI_OVERSOLD', 'rebound', 'hammer']","[728, 545, 405, 402, 400]"
sp500,CRH,1d,"['RSI_OVERSOLD', 'engulfing', 'engulfing', 'RSI_OVERSOLD', 'RSI_OVERSOLD']","[770, 769, 617, 138, 97]"
sp500,CRI,1d,"['inverted_hammer', 'hammer', 'RSI_OVERSOLD', 'RSI_OVERSOLD', 'rebound']","[108, 33, 31, 19, 16]"
sp500,CRK,1d,"['RSI_OVERSOLD', 'RSI_OVERSOLD', 'hammer', 'RSI_OVERSOLD', 'RSI_OVERSOLD']","[546, 298, 286, 122, 106]"
sp500,CRL,1d,"['piercing_line', 'RSI_OVERSOLD', 'RSI_OVERSOLD', 'RSI_OVERSOLD', 'rebound']","[380, 374, 168, 164, 163]"
sp500,CRM,1d,"['RSI_OVERSOLD', 'RSI_OVERSOLD', 'rebound', 'rebound', 'RSI_OVERSOLD']","[181, 173, 170, 169, 124]"
sp500,CROX,1d,"['hammer', 'RSI_OVERSOLD', 'inverted_hammer', 'RSI_OVERSOLD', 'RSI_OVERSOLD']","[568, 485, 484, 416, 293]"
sp500,CRS,1d,"['rebound', 'RSI_OVERSOLD', 'RSI_OVERSOLD', 'RSI_OVERSOLD', 'RSI_OVERSOLD']","[1679, 1217, 1080, 1069, 892]"
sp500,CRSR,1d,"['engulfing', 'RSI_OVERSOLD', 'RSI_OVERSOLD', 'engulfing', 'RSI_OVERSOLD']","[375, 374, 230, 228, 163]"
sp500,CRUS,1d,"['RSI_OVERSOLD', 'RSI_OVERSOLD', 'rebound', 'hammer', 'RSI_OVERSOLD']","[474, 379, 376, 58, 47]"
sp500,CRVL,1d,"['RSI_OVERSOLD', 'inverted_hammer', 'inverted_hammer', 'RSI_OVERSOLD', 'RSI_OVERSOLD']","[1010, 979, 683, 303, 170]"
sp500,CRWD,1d,"['hammer', 'RSI_OVERSOLD', 'RSI_OVERSOLD', 'RSI_OVERSOLD', 'RSI_OVERSOLD']","[400, 397, 191, 168, 157]"
sp500,CSCO,1d,"['hammer', 'RSI_OVERSOLD', 'engulfing', 'inverted_hammer', 'RSI_OVERSOLD']","[864, 723, 721, 610, 378]"
sp500,CSGP,1d,"['RSI_OVERSOLD', 'engulfing', 'RSI_OVERSOLD', 'RSI_OVERSOLD', 'RSI_OVERSOLD']","[170, 161, 111, 101, 76]"
sp500,CSL,1d,"['RSI_OVERSOLD', 'rebound', 'RSI_OVERSOLD', 'hammer', 'RSI_OVERSOLD']","[451, 447, 419, 297, 144]"
sp500,CSR,1d,"['engulfing', 'rebound', 'RSI_OVERSOLD', 'RSI_OVERSOLD', 'RSI_OVERSOLD']","[448, 436, 377, 88, 79]"
sp500,CSW,1d,"['RSI_OVERSOLD', 'inverted_hammer', 'RSI_OVERSOLD', 'engulfing', 'RSI_OVERSOLD']","[376, 328, 298, 295, 171]"
sp500,CSX,1d,"['inverted_hammer', 'RSI_OVERSOLD', 'RSI_OVERSOLD', 'RSI_OVERSOLD', 'RSI_OVERSOLD']","[896, 615, 450, 379, 12]"
sp500,CTAS,1d,"['RSI_OVERSOLD', 'RSI_OVERSOLD', 'RSI_OVERSOLD', 'RSI_OVERSOLD', 'rebound']","[449, 272, 249, 139, 133]"
sp500,CTRE,1d,"['inverted_hammer', 'engulfing', 'inverted_hammer', 'RSI_OVERSOLD', 'RSI_OVERSOLD']","[1001, 1000, 576, 450, 138]"
sp500,CTS,1d,"['inverted_hammer', 'inverted_hammer', 'RSI_OVERSOLD', 'RSI_OVERSOLD', 'RSI_OVERSOLD']","[572, 448, 420, 379, 247]"
sp500,CTSH,1d,"['rebound', 'rebound', 'RSI_OVERSOLD', 'rebound', 'RSI_OVERSOLD']","[163, 157, 110, 101, 76]"
sp500,CTVA,1d,"['RSI_OVERSOLD', 'RSI_OVERSOLD', 'engulfing', 'RSI_OVERSOLD', 'engulfing']","[255, 82, 45, 4, 2]"
sp500,CUBE,1d,"['RSI_OVERSOLD', 'rebound', 'RSI_OVERSOLD', 'RSI_OVERSOLD', 'engulfing']","[377, 375, 298, 233, 231]"
sp500,CUBI,1d,"['rebound', 'piercing_line', 'RSI_OVERSOLD', 'RSI_OVERSOLD', 'RSI_OVERSOLD']","[897, 894, 449, 397, 378]"
sp500,CURB,1d,"['RSI_OVERSOLD', 'RSI_OVERSOLD']","[449, 13]"
sp500,CUZ,1d,"['RSI_OVERSOLD', 'RSI_OVERSOLD', 'RSI_OVERSOLD', 'RSI_OVERSOLD', 'hammer']","[378, 297, 235, 164, 41]"
sp500,CVBF,1d,"['RSI_OVERSOLD', 'RSI_OVERSOLD', 'RSI_OVERSOLD', 'hammer', 'hammer']","[673, 396, 379, 148, 26]"
sp500,CVCO,1d,"['RSI_OVERSOLD', 'RSI_OVERSOLD', 'engulfing', 'RSI_OVERSOLD', 'RSI_OVERSOLD']","[1019, 841, 448, 342, 172]"
sp500,CVI,1d,"['RSI_OVERSOLD', 'RSI_OVERSOLD', 'rebound', 'hammer', 'hammer']","[378, 206, 199, 192, 79]"
sp500,CVLT,1d,"['RSI_OVERSOLD', 'RSI_OVERSOLD', 'rebound', 'RSI_OVERSOLD', 'hammer']","[489, 236, 228, 175, 138]"
sp500,CVNA,1d,"['rebound', 'RSI_OVERSOLD', 'RSI_OVERSOLD', 'RSI_OVERSOLD', 'hammer']","[981, 960, 442, 397, 87]"
sp500,CVS,1d,"['RSI_OVERSOLD', 'rebound', 'engulfing', 'RSI_OVERSOLD', 'RSI_OVERSOLD']","[454, 451, 448, 303, 13]"
sp500,CVSA,1d,"['RSI_OVERSOLD', 'RSI_OVERSOLD', 'RSI_OVERSOLD', 'RSI_OVERSOLD', 'RSI_OVERSOLD']","[674, 672, 622, 233, 163]"
sp500,CVX,1d,"['RSI_OVERSOLD', 'RSI_OVERSOLD', 'RSI_OVERSOLD', 'RSI_OVERSOLD', 'RSI_OVERSOLD']","[737, 544, 450, 378, 69]"
sp500,CW,1d,"['RSI_OVERSOLD', 'piercing_line', 'RSI_OVERSOLD', 'engulfing', 'RSI_OVERSOLD']","[1080, 377, 31, 21, 11]"
sp500,CWEN,1d,"['rebound', 'RSI_OVERSOLD', 'inverted_hammer', 'engulfing', 'RSI_OVERSOLD']","[755, 487, 450, 448, 50]"
sp500,CWK,1d,"['engulfing', 'RSI_OVERSOLD', 'RSI_OVERSOLD', 'engulfing', 'engulfing']","[389, 163, 161, 98, 5]"
sp500,CWST,1d,"['RSI_OVERSOLD', 'RSI_OVERSOLD', 'engulfing', 'RSI_OVERSOLD', 'RSI_OVERSOLD']","[801, 295, 269, 157, 138]"
sp500,CWT,1d,"['RSI_OVERSOLD', 'engulfing', 'hammer', 'inverted_hammer', 'engulfing']","[683, 682, 583, 451, 232]"
sp500,CXM,1d,"['RSI_OVERSOLD', 'RSI_OVERSOLD', 'rebound', 'RSI_OVERSOLD', 'engulfing']","[222, 181, 170, 115, 5]"
sp500,CXT,1d,"['rebound', 'RSI_OVERSOLD', 'rebound', 'engulfing', 'hammer']","[376, 204, 200, 152, 97]"
sp500,CXW,1d,"['RSI_OVERSOLD', 'RSI_OVERSOLD', 'RSI_OVERSOLD', 'RSI_OVERSOLD', 'RSI_OVERSOLD']","[865, 582, 420, 415, 157]"
sp500,CYTK,1d,"['RSI_OVERSOLD', 'hammer', 'hammer', 'engulfing', 'RSI_OVERSOLD']","[352, 350, 26, 7, 2]"
sp500,CZR,1d,"['hammer', 'hammer, RSI_OVERSOLD', 'RSI_OVERSOLD', 'RSI_OVERSOLD', 'RSI_OVERSOLD']","[398, 382, 378, 235, 162]"
sp500,D,1d,"['hammer', 'RSI_OVERSOLD', 'RSI_OVERSOLD', 'hammer', 'RSI_OVERSOLD']","[456, 450, 376, 232, 11]"
sp500,DAL,1d,"['rebound', 'RSI_OVERSOLD', 'engulfing', 'engulfing', 'RSI_OVERSOLD']","[395, 379, 377, 147, 25]"
sp500,DAN,1d,"['RSI_OVERSOLD', 'RSI_OVERSOLD', 'hammer', 'RSI_OVERSOLD', 'RSI_OVERSOLD']","[484, 378, 249, 248, 70]"
sp500,DAR,1d,"['inverted_hammer', 'RSI_OVERSOLD', 'RSI_OVERSOLD', 'hammer', 'RSI_OVERSOLD']","[448, 397, 294, 79, 77]"
sp500,DASH,1d,"['RSI_OVERSOLD', 'rebound', 'RSI_OVERSOLD', 'hammer', 'RSI_OVERSOLD']","[168, 162, 133, 10, 7]"
sp500,DAVE,1d,"['RSI_OVERSOLD', 'inverted_hammer', 'inverted_hammer', 'inverted_hammer', 'RSI_OVERSOLD']","[856, 854, 768, 396, 172]"
sp500,DBD,1d,"['RSI_OVERSOLD', 'engulfing', 'RSI_OVERSOLD', 'piercing_line', 'inverted_hammer']","[573, 544, 48, 47, 17]"
sp500,DBX,1d,"['RSI_OVERSOLD', 'inverted_hammer', 'hammer', 'RSI_OVERSOLD', 'hammer']","[408, 407, 170, 168, 7]"
sp500,DCH,1d,"['RSI_OVERSOLD', 'RSI_OVERSOLD', 'RSI_OVERSOLD', 'RSI_OVERSOLD', 'RSI_OVERSOLD']","[789, 654, 520, 435, 374]"
sp500,DCI,1d,"['RSI_OVERSOLD', 'RSI_OVERSOLD', 'RSI_OVERSOLD', 'RSI_OVERSOLD', 'rebound']","[1217, 1151, 378, 154, 139]"
sp500,DCOM,1d,"['RSI_OVERSOLD', 'RSI_OVERSOLD', 'RSI_OVERSOLD', 'RSI_OVERSOLD', 'RSI_OVERSOLD']","[664, 651, 397, 378, 374]"
sp500,DD,1d,"['engulfing', 'inverted_hammer', 'RSI_OVERSOLD', 'rebound', 'RSI_OVERSOLD']","[671, 482, 379, 378, 374]"
sp500,DDOG,1d,"['RSI_OVERSOLD', 'RSI_OVERSOLD', 'inverted_hammer', 'RSI_OVERSOLD', 'RSI_OVERSOLD']","[545, 378, 291, 186, 184]"
sp500,DE,1d,"['RSI_OVERSOLD', 'RSI_OVERSOLD', 'engulfing', 'RSI_OVERSOLD', 'RSI_OVERSOLD']","[841, 785, 783, 658, 376]"
sp500,DEA,1d,"['RSI_OVERSOLD', 'RSI_OVERSOLD, rebound', 'RSI_OVERSOLD', 'hammer', 'RSI_OVERSOLD']","[377, 374, 247, 16, 10]"
sp500,DECK,1d,"['rebound', 'RSI_OVERSOLD', 'RSI_OVERSOLD', 'RSI_OVERSOLD', 'RSI_OVERSOLD']","[235, 234, 134, 20, 16]"
sp500,DEI,1d,"['RSI_OVERSOLD', 'inverted_hammer', 'RSI_OVERSOLD', 'rebound', 'piercing_line']","[199, 24, 19, 10, 8]"
sp500,DELL,1d,"['engulfing', 'RSI_OVERSOLD', 'hammer', 'RSI_OVERSOLD', 'RSI_OVERSOLD']","[377, 376, 228, 222, 180]"
sp500,DFH,1d,"['inverted_hammer', 'hammer', 'RSI_OVERSOLD', 'RSI_OVERSOLD', 'rebound']","[153, 152, 148, 140, 135]"
sp500,DFIN,1d,"['RSI_OVERSOLD', 'engulfing', 'RSI_OVERSOLD', 'RSI_OVERSOLD', 'RSI_OVERSOLD']","[298, 259, 235, 164, 107]"
sp500,DG,1d,"['engulfing', 'hammer', 'hammer', 'inverted_hammer', 'RSI_OVERSOLD']","[267, 233, 147, 134, 103]"
sp500,DGII,1d,"['RSI_OVERSOLD', 'RSI_OVERSOLD', 'RSI_OVERSOLD', 'RSI_OVERSOLD', 'rebound']","[728, 609, 594, 589, 579]"
sp500,DGX,1d,"['RSI_OVERSOLD', 'RSI_OVERSOLD', 'inverted_hammer', 'inverted_hammer', 'engulfing']","[775, 678, 313, 139, 138]"
sp500,DHI,1d,"['RSI_OVERSOLD', 'RSI_OVERSOLD', 'rebound', 'RSI_OVERSOLD', 'RSI_OVERSOLD']","[755, 453, 449, 144, 138]"
sp500,DHR,1d,"['RSI_OVERSOLD', 'RSI_OVERSOLD', 'RSI_OVERSOLD', 'RSI_OVERSOLD', 'RSI_OVERSOLD']","[472, 421, 419, 378, 133]"
sp500,DINO,1d,"['RSI_OVERSOLD', 'engulfing', 'RSI_OVERSOLD', 'RSI_OVERSOLD', 'RSI_OVERSOLD']","[859, 856, 483, 378, 200]"
sp500,DIOD,1d,"['RSI_OVERSOLD', 'RSI_OVERSOLD', 'RSI_OVERSOLD', 'RSI_OVERSOLD', 'RSI_OVERSOLD']","[415, 402, 379, 228, 219]"
sp500,DIS,1d,"['hammer', 'RSI_OVERSOLD', 'RSI_OVERSOLD', 'rebound', 'inverted_hammer']","[398, 396, 379, 377, 171]"
sp500,DKS,1d,"['inverted_hammer', 'inverted_hammer', 'RSI_OVERSOLD', 'RSI_OVERSOLD', 'RSI_OVERSOLD, rebound']","[406, 397, 396, 33, 30]"
sp500,DLB,1d,"['rebound', 'RSI_OVERSOLD', 'RSI_OVERSOLD', 'RSI_OVERSOLD', 'RSI_OVERSOLD']","[542, 378, 297, 235, 101]"
sp500,DLR,1d,"['RSI_OVERSOLD', 'inverted_hammer', 'engulfing', 'hammer', 'hammer']","[1003, 905, 448, 426, 398]"
sp500,DLTR,1d,"['RSI_OVERSOLD', 'RSI_OVERSOLD', 'RSI_OVERSOLD', 'RSI_OVERSOLD', 'RSI_OVERSOLD']","[395, 275, 272, 255, 143]"
sp500,DLX,1d,"['RSI_OVERSOLD', 'RSI_OVERSOLD', 'rebound', 'RSI_OVERSOLD', 'RSI_OVERSOLD']","[545, 417, 404, 376, 101]"
sp500,DMC,1d,"['hammer', 'RSI_OVERSOLD', 'rebound', 'RSI_OVERSOLD', 'rebound']","[578, 106, 99, 90, 77]"
sp500,DNOW,1d,"['RSI_OVERSOLD', 'hammer', 'RSI_OVERSOLD', 'RSI_OVERSOLD', 'RSI_OVERSOLD']","[851, 730, 448, 227, 157]"
sp500,DOC,1d,"['RSI_OVERSOLD', 'RSI_OVERSOLD', 'RSI_OVERSOLD', 'RSI_OVERSOLD', 'RSI_OVERSOLD']","[449, 378, 356, 199, 2]"
sp500,DOCN,1d,"['RSI_OVERSOLD', 'engulfing', 'inverted_hammer', 'RSI_OVERSOLD', 'RSI_OVERSOLD']","[734, 616, 545, 481, 378]"
sp500,DOCS,1d,"['rebound', 'rebound', 'RSI_OVERSOLD', 'hammer, RSI_OVERSOLD', 'engulfing']","[170, 168, 130, 100, 99]"
sp500,DOCU,1d,"['inverted_hammer', 'RSI_OVERSOLD', 'inverted_hammer', 'hammer, RSI_OVERSOLD', 'rebound']","[190, 181, 180, 173, 170]"
sp500,DORM,1d,"['RSI_OVERSOLD', 'RSI_OVERSOLD', 'hammer', 'rebound', 'rebound']","[155, 149, 147, 144, 139]"
sp500,DOV,1d,"['RSI_OVERSOLD', 'RSI_OVERSOLD', 'rebound', 'piercing_line', 'RSI_OVERSOLD']","[397, 379, 377, 246, 25]"
sp500,DOW,1d,"['rebound', 'RSI_OVERSOLD', 'rebound', 'RSI_OVERSOLD', 'inverted_hammer']","[448, 379, 378, 297, 68]"
sp500,DPZ,1d,"['inverted_hammer, RSI_OVERSOLD', 'engulfing', 'RSI_OVERSOLD', 'engulfing', 'RSI_OVERSOLD']","[557, 555, 249, 247, 74]"
sp500,DRH,1d,"['RSI_OVERSOLD', 'RSI_OVERSOLD', 'rebound', 'engulfing', 'RSI_OVERSOLD']","[1012, 896, 887, 618, 378]"
sp500,DRI,1d,"['RSI_OVERSOLD', 'RSI_OVERSOLD', 'RSI_OVERSOLD', 'hammer', 'RSI_OVERSOLD']","[609, 607, 264, 262, 227]"
sp500,DT,1d,"['RSI_OVERSOLD', 'piercing_line', 'RSI_OVERSOLD', 'RSI_OVERSOLD, rebound', 'RSI_OVERSOLD']","[183, 181, 180, 170, 124]"
sp500,DTE,1d,"['RSI_OVERSOLD', 'RSI_OVERSOLD', 'rebound', 'hammer', 'engulfing']","[41, 17, 10, 8, 6]"
sp500,DTM,1d,"['RSI_OVERSOLD', 'inverted_hammer', 'RSI_OVERSOLD', 'RSI_OVERSOLD', 'engulfing']","[1080, 1077, 1076, 398, 30]"
sp500,DUK,1d,"['RSI_OVERSOLD', 'RSI_OVERSOLD', 'RSI_OVERSOLD', 'hammer', 'engulfing']","[840, 756, 450, 351, 6]"
sp500,DUOL,1d,"['RSI_OVERSOLD', 'RSI_OVERSOLD', 'engulfing', 'RSI_OVERSOLD', 'rebound']","[301, 229, 228, 181, 170]"
sp500,DV,1d,"['RSI_OVERSOLD', 'rebound', 'RSI_OVERSOLD', 'RSI_OVERSOLD', 'RSI_OVERSOLD']","[268, 254, 228, 168, 101]"
sp500,DVA,1d,"['RSI_OVERSOLD', 'RSI_OVERSOLD', 'RSI_OVERSOLD', 'engulfing', 'RSI_OVERSOLD']","[409, 234, 184, 182, 44]"
sp500,DVN,1d,"['RSI_OVERSOLD', 'RSI_OVERSOLD', 'rebound', 'RSI_OVERSOLD', 'hammer']","[508, 458, 451, 378, 105]"
sp500,DXC,1d,"['hammer', 'engulfing', 'RSI_OVERSOLD', 'RSI_OVERSOLD', 'RSI_OVERSOLD']","[596, 595, 394, 297, 103]"
sp500,DXCM,1d,"['RSI_OVERSOLD', 'engulfing', 'RSI_OVERSOLD', 'RSI_OVERSOLD', 'inverted_hammer']","[263, 259, 233, 229, 144]"
sp500,DXPE,1d,"['engulfing', 'hammer', 'RSI_OVERSOLD', 'hammer', 'RSI_OVERSOLD']","[1041, 894, 793, 519, 224]"
sp500,DY,1d,"['RSI_OVERSOLD', 'RSI_OVERSOLD', 'piercing_line', 'engulfing', 'RSI_OVERSOLD']","[401, 399, 377, 147, 29]"
sp500,EAT,1d,"['RSI_OVERSOLD', 'RSI_OVERSOLD', 'engulfing', 'inverted_hammer, RSI_OVERSOLD', 'hammer']","[303, 264, 254, 235, 148]"
sp500,EBAY,1d,"['RSI_OVERSOLD', 'RSI_OVERSOLD', 'RSI_OVERSOLD', 'RSI_OVERSOLD', 'engulfing']","[1179, 1015, 738, 483, 232]"
sp500,EBC,1d,"['RSI_OVERSOLD', 'rebound', 'RSI_OVERSOLD', 'hammer', 'RSI_OVERSOLD']","[898, 896, 892, 734, 398]"
sp500,ECG,1d,['RSI_OVERSOLD'],[413]
sp500,ECHO,1d,"['RSI_OVERSOLD, rebound', 'RSI_OVERSOLD', 'RSI_OVERSOLD', 'hammer', 'RSI_OVERSOLD']","[731, 378, 338, 337, 49]"
sp500,ECL,1d,"['hammer', 'RSI_OVERSOLD', 'rebound', 'inverted_hammer', 'hammer']","[388, 378, 375, 234, 139]"
sp500,ECPG,1d,"['hammer', 'inverted_hammer', 'RSI_OVERSOLD', 'rebound', 'RSI_OVERSOLD']","[519, 448, 404, 395, 377]"
sp500,ED,1d,"['engulfing', 'RSI_OVERSOLD', 'RSI_OVERSOLD', 'engulfing', 'RSI_OVERSOLD']","[1000, 840, 756, 480, 352]"
sp500,EEFT,1d,"['RSI_OVERSOLD', 'RSI_OVERSOLD', 'rebound', 'hammer', 'RSI_OVERSOLD']","[295, 248, 234, 233, 170]"
sp500,EFC,1d,"['RSI_OVERSOLD', 'RSI_OVERSOLD', 'RSI_OVERSOLD', 'RSI_OVERSOLD', 'rebound']","[377, 171, 138, 10, 4]"
sp500,EFOR,1d,"['RSI_OVERSOLD', 'piercing_line', 'RSI_OVERSOLD', 'engulfing', 'RSI_OVERSOLD']","[365, 325, 162, 138, 115]"
sp500,EFX,1d,"['RSI_OVERSOLD', 'engulfing', 'RSI_OVERSOLD', 'RSI_OVERSOLD', 'engulfing']","[305, 253, 170, 136, 3]"
sp500,EG,1d,"['RSI_OVERSOLD', 'RSI_OVERSOLD', 'engulfing', 'RSI_OVERSOLD', 'RSI_OVERSOLD']","[1331, 1011, 480, 236, 90]"
sp500,EGBN,1d,"['RSI_OVERSOLD', 'rebound', 'RSI_OVERSOLD', 'RSI_OVERSOLD', 'hammer']","[378, 364, 302, 298, 297]"
sp500,EGP,1d,"['RSI_OVERSOLD', 'RSI_OVERSOLD', 'RSI_OVERSOLD', 'RSI_OVERSOLD', 'rebound']","[620, 614, 449, 378, 376]"
sp500,EHC,1d,"['RSI_OVERSOLD', 'RSI_OVERSOLD', 'RSI_OVERSOLD', 'rebound', 'RSI_OVERSOLD']","[233, 207, 186, 176, 138]"
sp500,EIG,1d,"['engulfing', 'RSI_OVERSOLD', 'rebound', 'RSI_OVERSOLD', 'RSI_OVERSOLD']","[435, 298, 297, 233, 158]"
sp500,EIX,1d,"['engulfing', 'inverted_hammer', 'RSI_OVERSOLD', 'RSI_OVERSOLD', 'RSI_OVERSOLD']","[328, 45, 44, 26, 24]"
sp500,EL,1d,"['hammer', 'RSI_OVERSOLD', 'RSI_OVERSOLD', 'rebound', 'hammer']","[228, 144, 137, 136, 129]"
sp500,ELAN,1d,"['RSI_OVERSOLD', 'RSI_OVERSOLD', 'RSI_OVERSOLD', 'RSI_OVERSOLD', 'inverted_hammer']","[571, 546, 493, 377, 370]"
sp500,ELF,1d,"['RSI_OVERSOLD', 'RSI_OVERSOLD', 'rebound', 'RSI_OVERSOLD', 'RSI_OVERSOLD']","[506, 422, 417, 229, 132]"
sp500,ELS,1d,"['rebound', 'inverted_hammer', 'RSI_OVERSOLD', 'RSI_OVERSOLD', 'inverted_hammer']","[1002, 905, 897, 500, 449]"
sp500,ELV,1d,"['RSI_OVERSOLD', 'hammer', 'RSI_OVERSOLD', 'RSI_OVERSOLD', 'RSI_OVERSOLD']","[303, 153, 152, 149, 147]"
sp500,EME,1d,"['hammer', 'inverted_hammer', 'RSI_OVERSOLD', 'hammer', 'RSI_OVERSOLD']","[1158, 739, 407, 218, 49]"
sp500,EMN,1d,"['engulfing, rebound', 'RSI_OVERSOLD', 'rebound', 'RSI_OVERSOLD', 'hammer']","[448, 379, 377, 297, 19]"
sp500,EMR,1d,"['RSI_OVERSOLD', 'RSI_OVERSOLD', 'hammer', 'piercing_line', 'RSI_OVERSOLD']","[607, 543, 523, 448, 401]"
sp500,ENOV,1d,"['RSI_OVERSOLD', 'RSI_OVERSOLD', 'RSI_OVERSOLD', 'RSI_OVERSOLD', 'RSI_OVERSOLD']","[397, 379, 307, 24, 19]"
sp500,ENPH,1d,"['RSI_OVERSOLD, rebound', 'RSI_OVERSOLD', 'inverted_hammer, rebound', 'engulfing', 'inverted_hammer']","[402, 376, 345, 327, 231]"
sp500,ENR,1d,"['RSI_OVERSOLD', 'inverted_hammer', 'engulfing', 'RSI_OVERSOLD', 'inverted_hammer']","[221, 216, 215, 147, 19]"
sp500,ENS,1d,"['RSI_OVERSOLD', 'hammer', 'hammer', 'RSI_OVERSOLD', 'hammer']","[792, 666, 542, 379, 50]"
sp500,ENSG,1d,"['RSI_OVERSOLD', 'RSI_OVERSOLD', 'rebound', 'RSI_OVERSOLD', 'hammer']","[305, 116, 104, 84, 26]"
sp500,ENTG,1d,"['RSI_OVERSOLD', 'RSI_OVERSOLD', 'RSI_OVERSOLD', 'RSI_OVERSOLD', 'RSI_OVERSOLD']","[984, 547, 379, 221, 219]"
sp500,ENVA,1d,"['RSI_OVERSOLD', 'RSI_OVERSOLD', 'rebound', 'RSI_OVERSOLD', 'RSI_OVERSOLD']","[1080, 740, 739, 401, 16]"
sp500,EOG,1d,"['engulfing', 'hammer', 'RSI_OVERSOLD', 'RSI_OVERSOLD', 'inverted_hammer']","[893, 519, 450, 378, 254]"
sp500,EPAC,1d,"['inverted_hammer', 'RSI_OVERSOLD', 'inverted_hammer', 'RSI_OVERSOLD', 'RSI_OVERSOLD']","[377, 318, 316, 148, 133]"
sp500,EPAM,1d,"['RSI_OVERSOLD', 'RSI_OVERSOLD', 'RSI_OVERSOLD, rebound', 'RSI_OVERSOLD', 'RSI_OVERSOLD']","[163, 161, 159, 125, 76]"
sp500,EPC,1d,"['engulfing', 'RSI_OVERSOLD', 'RSI_OVERSOLD', 'RSI_OVERSOLD', 'RSI_OVERSOLD']","[414, 295, 263, 222, 101]"
sp500,EPR,1d,"['RSI_OVERSOLD', 'inverted_hammer', 'RSI_OVERSOLD', 'RSI_OVERSOLD', 'RSI_OVERSOLD']","[234, 144, 138, 15, 13]"
sp500,EPRT,1d,"['engulfing', 'RSI_OVERSOLD', 'RSI_OVERSOLD', 'RSI_OVERSOLD', 'RSI_OVERSOLD']","[1104, 1083, 825, 756, 449]"
sp500,EQH,1d,"['RSI_OVERSOLD', 'rebound', 'engulfing', 'RSI_OVERSOLD', 'RSI_OVERSOLD']","[898, 896, 893, 545, 157]"
sp500,EQIX,1d,"['RSI_OVERSOLD', 'rebound', 'RSI_OVERSOLD', 'engulfing', 'inverted_hammer, RSI_OVERSOLD']","[397, 378, 322, 217, 210]"
sp500,EQT,1d,"['hammer', 'RSI_OVERSOLD', 'inverted_hammer, RSI_OVERSOLD', 'engulfing', 'RSI_OVERSOLD']","[105, 81, 79, 78, 15]"
sp500,ERIE,1d,"['hammer', 'RSI_OVERSOLD', 'rebound', 'hammer', 'rebound']","[491, 490, 482, 147, 145]"
sp500,ES,1d,"['RSI_OVERSOLD', 'RSI_OVERSOLD', 'RSI_OVERSOLD', 'hammer', 'engulfing']","[220, 138, 10, 8, 6]"
sp500,ESAB,1d,"['RSI_OVERSOLD', 'hammer', 'RSI_OVERSOLD', 'RSI_OVERSOLD', 'RSI_OVERSOLD']","[294, 266, 134, 19, 17]"
sp500,ESE,1d,"['piercing_line', 'hammer', 'engulfing', 'hammer', 'RSI_OVERSOLD']","[1158, 1128, 1017, 689, 15]"
sp500,ESI,1d,"['inverted_hammer', 'RSI_OVERSOLD', 'hammer', 'RSI_OVERSOLD', 'RSI_OVERSOLD']","[741, 739, 546, 449, 219]"
sp500,ESNT,1d,"['RSI_OVERSOLD', 'inverted_hammer', 'RSI_OVERSOLD', 'RSI_OVERSOLD', 'RSI_OVERSOLD']","[892, 762, 482, 450, 184]"
sp500,ESS,1d,"['RSI_OVERSOLD', 'RSI_OVERSOLD', 'rebound', 'RSI_OVERSOLD', 'inverted_hammer']","[449, 378, 375, 297, 296]"
sp500,ETN,1d,"['RSI_OVERSOLD', 'RSI_OVERSOLD', 'inverted_hammer', 'engulfing', 'hammer']","[407, 402, 379, 377, 218]"
sp500,ETR,1d,"['RSI_OVERSOLD', 'inverted_hammer', 'RSI_OVERSOLD', 'hammer', 'RSI_OVERSOLD']","[1263, 1262, 941, 794, 756]"
sp500,ETSY,1d,"['RSI_OVERSOLD', 'hammer', 'hammer', 'RSI_OVERSOLD', 'inverted_hammer']","[684, 519, 280, 163, 160]"
sp500,EVR,1d,"['rebound', 'RSI_OVERSOLD, rebound', 'RSI_OVERSOLD', 'hammer', 'RSI_OVERSOLD']","[399, 379, 248, 147, 144]"
sp500,EVRG,1d,"['RSI_OVERSOLD, rebound', 'rebound', 'hammer', 'inverted_hammer', 'RSI_OVERSOLD']","[1003, 999, 849, 846, 776]"
sp500,EVTC,1d,"['engulfing', 'RSI_OVERSOLD, rebound', 'RSI_OVERSOLD', 'RSI_OVERSOLD', 'RSI_OVERSOLD']","[246, 234, 229, 105, 101]"
sp500,EW,1d,"['RSI_OVERSOLD', 'RSI_OVERSOLD', 'RSI_OVERSOLD', 'engulfing', 'RSI_OVERSOLD']","[738, 552, 266, 261, 166]"
sp500,EWBC,1d,"['RSI_OVERSOLD, rebound', 'hammer', 'RSI_OVERSOLD', 'hammer', 'engulfing']","[379, 297, 244, 148, 147]"
sp500,EXC,1d,"['RSI_OVERSOLD', 'engulfing', 'RSI_OVERSOLD', 'hammer', 'engulfing']","[702, 701, 581, 26, 6]"
sp500,EXE,1d,"['engulfing', 'RSI_OVERSOLD', 'hammer', 'RSI_OVERSOLD', 'RSI_OVERSOLD']","[287, 13, 12, 11, 7]"
sp500,EXEL,1d,"['RSI_OVERSOLD', 'inverted_hammer', 'engulfing', 'engulfing', 'RSI_OVERSOLD']","[300, 298, 297, 295, 242]"
sp500,EXLS,1d,"['hammer', 'rebound', 'rebound', 'RSI_OVERSOLD', 'RSI_OVERSOLD']","[166, 156, 155, 101, 76]"
sp500,EXP,1d,"['rebound', 'RSI_OVERSOLD', 'RSI_OVERSOLD', 'RSI_OVERSOLD', 'inverted_hammer']","[449, 408, 398, 232, 17]"
sp500,EXPD,1d,"['RSI_OVERSOLD', 'RSI_OVERSOLD', 'RSI_OVERSOLD', 'RSI_OVERSOLD', 'RSI_OVERSOLD']","[1017, 660, 377, 248, 163]"
sp500,EXPE,1d,"['RSI_OVERSOLD', 'RSI_OVERSOLD', 'rebound', 'RSI_OVERSOLD', 'hammer']","[396, 379, 377, 162, 159]"
sp500,EXPO,1d,"['RSI_OVERSOLD', 'RSI_OVERSOLD', 'RSI_OVERSOLD', 'inverted_hammer', 'engulfing']","[399, 388, 376, 140, 139]"
sp500,EXR,1d,"['RSI_OVERSOLD', 'rebound', 'RSI_OVERSOLD', 'RSI_OVERSOLD', 'RSI_OVERSOLD']","[377, 375, 298, 234, 138]"
sp500,EXTR,1d,"['RSI_OVERSOLD, rebound', 'RSI_OVERSOLD', 'RSI_OVERSOLD', 'RSI_OVERSOLD', 'inverted_hammer']","[734, 673, 379, 177, 38]"
sp500,EYE,1d,"['engulfing', 'RSI_OVERSOLD', 'RSI_OVERSOLD', 'RSI_OVERSOLD', 'RSI_OVERSOLD']","[610, 605, 575, 566, 101]"
sp500,EZPW,1d,"['hammer', 'hammer', 'RSI_OVERSOLD', 'rebound', 'RSI_OVERSOLD']","[1012, 1008, 775, 761, 350]"
sp500,F,1d,"['RSI_OVERSOLD', 'rebound', 'RSI_OVERSOLD', 'engulfing', 'RSI_OVERSOLD']","[552, 545, 450, 448, 138]"
sp500,FA,1d,"['engulfing', 'RSI_OVERSOLD', 'engulfing', 'rebound', 'RSI_OVERSOLD']","[231, 166, 158, 156, 6]"
sp500,FAF,1d,"['RSI_OVERSOLD', 'engulfing', 'RSI_OVERSOLD', 'RSI_OVERSOLD', 'RSI_OVERSOLD']","[377, 344, 342, 138, 6]"
sp500,FANG,1d,"['engulfing', 'piercing_line', 'RSI_OVERSOLD', 'RSI_OVERSOLD', 'hammer']","[1287, 893, 520, 378, 76]"
sp500,FAST,1d,"['piercing_line', 'rebound', 'RSI_OVERSOLD', 'engulfing', 'RSI_OVERSOLD']","[448, 441, 247, 243, 235]"
sp500,FBIN,1d,"['rebound', 'RSI_OVERSOLD', 'inverted_hammer', 'RSI_OVERSOLD', 'RSI_OVERSOLD']","[376, 248, 162, 99, 9]"
sp500,FBK,1d,"['RSI_OVERSOLD', 'RSI_OVERSOLD', 'hammer', 'RSI_OVERSOLD', 'RSI_OVERSOLD']","[138, 25, 19, 14, 11]"
sp500,FBNC,1d,"['RSI_OVERSOLD', 'engulfing', 'hammer', 'RSI_OVERSOLD', 'RSI_OVERSOLD']","[861, 782, 772, 248, 244]"
sp500,FBP,1d,"['RSI_OVERSOLD', 'rebound', 'RSI_OVERSOLD', 'hammer', 'RSI_OVERSOLD']","[896, 887, 450, 399, 397]"
sp500,FBRT,1d,"['RSI_OVERSOLD', 'engulfing', 'RSI_OVERSOLD', 'RSI_OVERSOLD', 'RSI_OVERSOLD']","[374, 231, 163, 136, 8]"
sp500,FCF,1d,"['hammer', 'RSI_OVERSOLD', 'engulfing', 'RSI_OVERSOLD', 'hammer']","[668, 449, 435, 379, 147]"
sp500,FCFS,1d,"['rebound', 'RSI_OVERSOLD', 'inverted_hammer', 'RSI_OVERSOLD', 'RSI_OVERSOLD']","[1226, 1150, 786, 488, 301]"
sp500,FCN,1d,"['engulfing', 'inverted_hammer', 'hammer', 'RSI_OVERSOLD', 'RSI_OVERSOLD']","[73, 15, 13, 11, 7]"
sp500,FCPT,1d,"['RSI_OVERSOLD', 'rebound', 'RSI_OVERSOLD', 'inverted_hammer', 'piercing_line']","[763, 759, 743, 484, 448]"
sp500,FCX,1d,"['engulfing', 'RSI_OVERSOLD', 'piercing_line', 'RSI_OVERSOLD', 'RSI_OVERSOLD']","[448, 378, 377, 376, 260]"
sp500,FDS,1d,"['RSI_OVERSOLD', 'rebound', 'RSI_OVERSOLD', 'RSI_OVERSOLD', 'rebound']","[267, 264, 235, 173, 170]"
sp500,FDX,1d,"['RSI_OVERSOLD', 'RSI_OVERSOLD', 'RSI_OVERSOLD', 'rebound', 'RSI_OVERSOLD']","[421, 388, 379, 378, 9]"
sp500,FDXF,1d,,
sp500,FE,1d,"['piercing_line', 'RSI_OVERSOLD', 'inverted_hammer', 'engulfing', 'RSI_OVERSOLD']","[755, 450, 334, 333, 109]"
sp500,FELE,1d,"['inverted_hammer, RSI_OVERSOLD', 'RSI_OVERSOLD', 'RSI_OVERSOLD', 'inverted_hammer', 'hammer']","[483, 443, 378, 20, 19]"
sp500,FERG,1d,"['RSI_OVERSOLD', 'engulfing', 'inverted_hammer', 'RSI_OVERSOLD', 'engulfing']","[587, 448, 397, 396, 145]"
sp500,FFBC,1d,"['rebound', 'inverted_hammer', 'RSI_OVERSOLD', 'RSI_OVERSOLD', 'RSI_OVERSOLD']","[896, 860, 739, 397, 379]"
sp500,FFIN,1d,"['hammer', 'RSI_OVERSOLD', 'rebound', 'inverted_hammer', 'RSI_OVERSOLD']","[853, 773, 759, 587, 449]"
sp500,FFIV,1d,"['RSI_OVERSOLD', 'RSI_OVERSOLD', 'piercing_line', 'RSI_OVERSOLD', 'rebound']","[394, 378, 377, 236, 222]"
sp500,FG,1d,"['RSI_OVERSOLD', 'hammer', 'RSI_OVERSOLD', 'RSI_OVERSOLD', 'RSI_OVERSOLD']","[354, 198, 157, 153, 34]"
sp500,FHB,1d,"['inverted_hammer', 'RSI_OVERSOLD', 'RSI_OVERSOLD', 'rebound', 'RSI_OVERSOLD']","[397, 395, 379, 375, 10]"
sp500,FHI,1d,"['RSI_OVERSOLD', 'RSI_OVERSOLD', 'RSI_OVERSOLD', 'RSI_OVERSOLD', 'RSI_OVERSOLD']","[739, 613, 238, 234, 15]"
sp500,FHN,1d,"['engulfing', 'RSI_OVERSOLD', 'hammer, RSI_OVERSOLD', 'engulfing', 'hammer, engulfing']","[578, 399, 378, 377, 4]"
sp500,FIBK,1d,"['RSI_OVERSOLD', 'RSI_OVERSOLD', 'RSI_OVERSOLD, rebound', 'rebound', 'RSI_OVERSOLD']","[668, 401, 379, 375, 140]"
sp500,FICO,1d,"['RSI_OVERSOLD', 'rebound', 'RSI_OVERSOLD, rebound', 'RSI_OVERSOLD', 'RSI_OVERSOLD']","[180, 170, 145, 136, 124]"
sp500,FIS,1d,"['rebound', 'RSI_OVERSOLD', 'RSI_OVERSOLD', 'RSI_OVERSOLD', 'RSI_OVERSOLD']","[164, 130, 124, 13, 7]"
sp500,FISV,1d,"['RSI_OVERSOLD', 'hammer', 'RSI_OVERSOLD', 'RSI_OVERSOLD', 'RSI_OVERSOLD']","[349, 341, 303, 234, 170]"
sp500,FITB,1d,"['RSI_OVERSOLD', 'rebound', 'RSI_OVERSOLD', 'RSI_OVERSOLD', 'hammer']","[400, 394, 379, 145, 4]"
sp500,FIVE,1d,"['RSI_OVERSOLD', 'RSI_OVERSOLD, rebound', 'RSI_OVERSOLD', 'RSI_OVERSOLD', 'engulfing']","[560, 558, 379, 84, 83]"
sp500,FIVN,1d,"['hammer', 'inverted_hammer', 'RSI_OVERSOLD', 'RSI_OVERSOLD', 'RSI_OVERSOLD']","[403, 253, 248, 228, 181]"
sp500,FIX,1d,"['RSI_OVERSOLD', 'RSI_OVERSOLD', 'RSI_OVERSOLD', 'RSI_OVERSOLD', 'inverted_hammer']","[1492, 1080, 747, 743, 741]"
sp500,FIZZ,1d,"['RSI_OVERSOLD', 'rebound', 'RSI_OVERSOLD', 'rebound', 'RSI_OVERSOLD']","[267, 259, 237, 235, 69]"
sp500,FLEX,1d,"['RSI_OVERSOLD', 'hammer', 'RSI_OVERSOLD', 'RSI_OVERSOLD', 'engulfing']","[399, 398, 397, 379, 377]"
sp500,FLG,1d,"['hammer', 'hammer, RSI_OVERSOLD', 'engulfing', 'RSI_OVERSOLD', 'rebound']","[436, 378, 377, 16, 7]"
sp500,FLO,1d,"['RSI_OVERSOLD', 'RSI_OVERSOLD', 'RSI_OVERSOLD', 'RSI_OVERSOLD', 'RSI_OVERSOLD']","[150, 145, 138, 100, 47]"
sp500,FLR,1d,"['inverted_hammer', 'engulfing', 'RSI_OVERSOLD', 'RSI_OVERSOLD', 'RSI_OVERSOLD']","[854, 519, 411, 378, 297]"
sp500,FLS,1d,"['engulfing', 'RSI_OVERSOLD', 'RSI_OVERSOLD', 'rebound', 'RSI_OVERSOLD']","[1024, 1018, 1015, 1012, 138]"
sp500,FMC,1d,"['RSI_OVERSOLD', 'RSI_OVERSOLD', 'RSI_OVERSOLD', 'RSI_OVERSOLD', 'RSI_OVERSOLD']","[255, 250, 234, 84, 4]"
sp500,FN,1d,"['RSI_OVERSOLD', 'hammer', 'engulfing', 'hammer', 'hammer']","[874, 870, 869, 669, 546]"
sp500,FNB,1d,"['rebound', 'RSI_OVERSOLD', 'RSI_OVERSOLD', 'RSI_OVERSOLD', 'RSI_OVERSOLD']","[859, 450, 398, 379, 10]"
sp500,FND,1d,"['RSI_OVERSOLD', 'RSI_OVERSOLD', 'rebound', 'RSI_OVERSOLD', 'RSI_OVERSOLD']","[251, 234, 228, 140, 25]"
sp500,FNF,1d,"['rebound', 'RSI_OVERSOLD', 'RSI_OVERSOLD', 'hammer', 'rebound']","[138, 15, 13, 6, 5]"
sp500,FORM,1d,"['RSI_OVERSOLD', 'RSI_OVERSOLD', 'RSI_OVERSOLD', 'inverted_hammer', 'RSI_OVERSOLD']","[402, 379, 298, 295, 294]"
sp500,FOUR,1d,"['hammer, RSI_OVERSOLD, rebound', 'hammer', 'inverted_hammer', 'RSI_OVERSOLD', 'RSI_OVERSOLD']","[228, 191, 171, 170, 154]"
sp500,FOX,1d,"['RSI_OVERSOLD', 'RSI_OVERSOLD', 'rebound', 'engulfing', 'RSI_OVERSOLD']","[667, 168, 163, 160, 79]"
sp500,FOXA,1d,"['RSI_OVERSOLD', 'RSI_OVERSOLD', 'rebound', 'RSI_OVERSOLD', 'inverted_hammer']","[667, 168, 163, 79, 77]"
sp500,FOXF,1d,"['hammer', 'RSI_OVERSOLD', 'engulfing', 'RSI_OVERSOLD', 'RSI_OVERSOLD']","[540, 482, 480, 377, 228]"
sp500,FR,1d,"['RSI_OVERSOLD', 'RSI_OVERSOLD', 'rebound', 'engulfing', 'RSI_OVERSOLD']","[619, 379, 377, 375, 374]"
sp500,FRPT,1d,"['RSI_OVERSOLD', 'RSI_OVERSOLD', 'RSI_OVERSOLD', 'RSI_OVERSOLD', 'inverted_hammer']","[275, 136, 106, 104, 20]"
sp500,FRT,1d,"['RSI_OVERSOLD', 'inverted_hammer', 'engulfing', 'RSI_OVERSOLD, rebound', 'piercing_line']","[752, 512, 435, 377, 4]"
sp500,FSLR,1d,"['RSI_OVERSOLD', 'RSI_OVERSOLD', 'RSI_OVERSOLD', 'rebound', 'hammer']","[751, 406, 403, 402, 153]"
sp500,FSS,1d,"['inverted_hammer', 'RSI_OVERSOLD', 'RSI_OVERSOLD', 'engulfing', 'hammer']","[690, 483, 405, 398, 147]"
sp500,FTDR,1d,"['RSI_OVERSOLD', 'hammer', 'rebound', 'RSI_OVERSOLD', 'engulfing']","[404, 403, 398, 230, 226]"
sp500,FTI,1d,"['RSI_OVERSOLD', 'hammer', 'RSI_OVERSOLD', 'RSI_OVERSOLD', 'hammer']","[1288, 587, 522, 397, 307]"
sp500,FTNT,1d,"['RSI_OVERSOLD', 'hammer', 'RSI_OVERSOLD', 'engulfing', 'hammer, RSI_OVERSOLD']","[732, 398, 378, 377, 293]"
sp500,FTRE,1d,"['RSI_OVERSOLD', 'rebound', 'RSI_OVERSOLD', 'engulfing', 'RSI_OVERSOLD']","[402, 352, 164, 160, 146]"
sp500,FTV,1d,"['RSI_OVERSOLD', 'RSI_OVERSOLD', 'RSI_OVERSOLD', 'rebound', 'RSI_OVERSOLD']","[611, 484, 379, 377, 298]"
sp500,FUL,1d,"['inverted_hammer', 'inverted_hammer', 'RSI_OVERSOLD', 'rebound', 'hammer']","[401, 259, 148, 140, 16]"
sp500,FULT,1d,"['RSI_OVERSOLD', 'RSI_OVERSOLD', 'rebound', 'engulfing', 'RSI_OVERSOLD']","[397, 379, 378, 296, 248]"
sp500,FUN,1d,"['RSI_OVERSOLD', 'RSI_OVERSOLD', 'inverted_hammer', 'RSI_OVERSOLD', 'RSI_OVERSOLD']","[292, 227, 199, 15, 13]"
sp500,G,1d,"['RSI_OVERSOLD', 'rebound', 'RSI_OVERSOLD', 'RSI_OVERSOLD', 'RSI_OVERSOLD']","[164, 163, 124, 103, 76]"
sp500,GAP,1d,"['hammer', 'RSI_OVERSOLD', 'RSI_OVERSOLD', 'hammer', 'engulfing']","[469, 399, 148, 147, 146]"
sp500,GATX,1d,"['inverted_hammer', 'RSI_OVERSOLD', 'RSI_OVERSOLD', 'RSI_OVERSOLD', 'engulfing']","[1083, 775, 773, 377, 95]"
sp500,GBCI,1d,"['engulfing', 'RSI_OVERSOLD', 'engulfing', 'RSI_OVERSOLD', 'RSI_OVERSOLD']","[435, 396, 377, 11, 6]"
sp500,GBX,1d,"['RSI_OVERSOLD', 'inverted_hammer', 'RSI_OVERSOLD', 'RSI_OVERSOLD', 'RSI_OVERSOLD']","[234, 146, 127, 25, 13]"
sp500,GD,1d,"['engulfing', 'RSI_OVERSOLD', 'RSI_OVERSOLD', 'RSI_OVERSOLD', 'rebound']","[770, 458, 412, 21, 9]"
sp500,GDDY,1d,"['RSI_OVERSOLD', 'hammer', 'RSI_OVERSOLD', 'RSI_OVERSOLD', 'rebound']","[378, 309, 255, 155, 136]"
sp500,GE,1d,"['RSI_OVERSOLD', 'RSI_OVERSOLD', 'RSI_OVERSOLD', 'RSI_OVERSOLD', 'hammer']","[450, 378, 132, 16, 13]"
sp500,GEF,1d,"['RSI_OVERSOLD', 'RSI_OVERSOLD', 'hammer', 'RSI_OVERSOLD', 'hammer']","[404, 377, 145, 140, 16]"
sp500,GEHC,1d,"['RSI_OVERSOLD', 'RSI_OVERSOLD', 'RSI_OVERSOLD', 'inverted_hammer', 'RSI_OVERSOLD']","[144, 138, 111, 108, 16]"
sp500,GEN,1d,"['RSI_OVERSOLD', 'RSI_OVERSOLD', 'RSI_OVERSOLD', 'RSI_OVERSOLD', 'RSI_OVERSOLD']","[449, 235, 229, 173, 9]"
sp500,GEO,1d,"['RSI_OVERSOLD', 'RSI_OVERSOLD', 'RSI_OVERSOLD, rebound', 'inverted_hammer', 'RSI_OVERSOLD']","[291, 234, 229, 227, 163]"
sp500,GEV,1d,"['RSI_OVERSOLD', 'engulfing', 'RSI_OVERSOLD']","[397, 396, 82]"
sp500,GFF,1d,"['RSI_OVERSOLD', 'RSI_OVERSOLD', 'RSI_OVERSOLD', 'RSI_OVERSOLD', 'RSI_OVERSOLD']","[1129, 896, 293, 222, 140]"
sp500,GGG,1d,"['RSI_OVERSOLD', 'RSI_OVERSOLD', 'hammer', 'RSI_OVERSOLD', 'RSI_OVERSOLD']","[378, 248, 145, 139, 108]"
sp500,GHC,1d,"['RSI_OVERSOLD', 'rebound', 'inverted_hammer', 'inverted_hammer', 'RSI_OVERSOLD']","[897, 894, 621, 583, 249]"
sp500,GIII,1d,"['RSI_OVERSOLD', 'RSI_OVERSOLD', 'RSI_OVERSOLD', 'RSI_OVERSOLD', 'hammer, engulfing']","[376, 335, 144, 24, 19]"
sp500,GILD,1d,"['RSI_OVERSOLD', 'engulfing', 'hammer', 'RSI_OVERSOLD', 'RSI_OVERSOLD']","[614, 612, 355, 113, 82]"
sp500,GIS,1d,"['RSI_OVERSOLD', 'RSI_OVERSOLD', 'rebound', 'inverted_hammer', 'RSI_OVERSOLD']","[189, 145, 135, 13, 5]"
sp500,GKOS,1d,"['RSI_OVERSOLD', 'RSI_OVERSOLD', 'RSI_OVERSOLD', 'hammer', 'RSI_OVERSOLD']","[379, 376, 298, 147, 90]"
sp500,GL,1d,"['RSI_OVERSOLD', 'rebound', 'hammer, rebound', 'engulfing', 'hammer']","[637, 630, 627, 621, 232]"
sp500,GLPI,1d,"['RSI_OVERSOLD', 'RSI_OVERSOLD', 'RSI_OVERSOLD', 'engulfing', 'engulfing']","[450, 377, 234, 129, 2]"
sp500,GLW,1d,"['hammer', 'engulfing', 'inverted_hammer', 'hammer', 'RSI_OVERSOLD']","[1203, 1180, 743, 549, 378]"
sp500,GM,1d,"['RSI_OVERSOLD', 'inverted_hammer', 'inverted_hammer', 'RSI_OVERSOLD', 'RSI_OVERSOLD']","[753, 743, 741, 737, 546]"
sp500,GME,1d,"['RSI_OVERSOLD', 'RSI_OVERSOLD', 'inverted_hammer', 'RSI_OVERSOLD', 'RSI_OVERSOLD']","[744, 331, 75, 46, 41]"
sp500,GMED,1d,"['RSI_OVERSOLD', 'RSI_OVERSOLD', 'engulfing', 'RSI_OVERSOLD', 'RSI_OVERSOLD']","[350, 306, 168, 104, 19]"
sp500,GNL,1d,"['rebound', 'engulfing', 'hammer', 'RSI_OVERSOLD', 'engulfing']","[654, 652, 591, 377, 327]"
sp500,GNRC,1d,"['rebound', 'RSI_OVERSOLD', 'RSI_OVERSOLD', 'rebound', 'hammer']","[739, 420, 379, 376, 50]"
sp500,GNTX,1d,"['RSI_OVERSOLD', 'engulfing', 'hammer', 'RSI_OVERSOLD, rebound', 'RSI_OVERSOLD']","[421, 420, 417, 377, 238]"
sp500,GNW,1d,"['RSI_OVERSOLD', 'piercing_line', 'inverted_hammer', 'inverted_hammer', 'inverted_hammer']","[409, 181, 140, 90, 89]"
sp500,GO,1d,"['rebound', 'RSI_OVERSOLD', 'RSI_OVERSOLD', 'RSI_OVERSOLD', 'RSI_OVERSOLD']","[221, 202, 200, 189, 149]"
sp500,GOLF,1d,"['RSI_OVERSOLD', 'RSI_OVERSOLD', 'RSI_OVERSOLD', 'inverted_hammer', 'RSI_OVERSOLD']","[138, 106, 43, 40, 30]"
sp500,GOOG,1d,"['RSI_OVERSOLD', 'RSI_OVERSOLD', 'RSI_OVERSOLD', 'RSI_OVERSOLD', 'RSI_OVERSOLD']","[522, 404, 378, 376, 134]"
sp500,GOOGL,1d,"['RSI_OVERSOLD', 'RSI_OVERSOLD', 'RSI_OVERSOLD', 'RSI_OVERSOLD', 'RSI_OVERSOLD']","[522, 404, 402, 378, 134]"
sp500,GPC,1d,"['RSI_OVERSOLD', 'engulfing', 'RSI_OVERSOLD', 'RSI_OVERSOLD', 'rebound']","[232, 230, 160, 155, 140]"
sp500,GPI,1d,"['RSI_OVERSOLD', 'RSI_OVERSOLD', 'RSI_OVERSOLD', 'RSI_OVERSOLD', 'rebound']","[951, 394, 236, 173, 161]"
sp500,GPK,1d,"['RSI_OVERSOLD', 'rebound', 'RSI_OVERSOLD, rebound', 'RSI_OVERSOLD', 'RSI_OVERSOLD']","[207, 180, 170, 20, 2]"
sp500,GPN,1d,"['RSI_OVERSOLD', 'RSI_OVERSOLD, rebound', 'hammer', 'RSI_OVERSOLD', 'RSI_OVERSOLD']","[378, 369, 232, 180, 170]"
sp500,GPOR,1d,"['inverted_hammer', 'RSI_OVERSOLD', 'inverted_hammer', 'inverted_hammer', 'engulfing']","[189, 187, 104, 76, 11]"
sp500,GRBK,1d,"['RSI_OVERSOLD', 'hammer', 'engulfing', 'engulfing', 'hammer']","[1080, 1019, 481, 448, 147]"
sp500,GRMN,1d,"['RSI_OVERSOLD', 'engulfing', 'RSI_OVERSOLD', 'rebound', 'hammer']","[379, 377, 235, 230, 24]"
sp500,GS,1d,"['RSI_OVERSOLD', 'RSI_OVERSOLD', 'RSI_OVERSOLD', 'RSI_OVERSOLD', 'RSI_OVERSOLD']","[755, 397, 378, 144, 4]"
sp500,GSHD,1d,"['RSI_OVERSOLD', 'RSI_OVERSOLD', 'rebound', 'RSI_OVERSOLD', 'engulfing']","[162, 160, 138, 11, 5]"
sp500,GT,1d,"['rebound', 'hammer', 'hammer', 'inverted_hammer', 'RSI_OVERSOLD']","[249, 147, 97, 17, 2]"
sp500,GTES,1d,"['RSI_OVERSOLD', 'engulfing', 'RSI_OVERSOLD', 'engulfing', 'RSI_OVERSOLD']","[378, 377, 235, 230, 139]"
sp500,GTM,1d,"['RSI_OVERSOLD', 'rebound', 'hammer', 'RSI_OVERSOLD', 'RSI_OVERSOLD']","[173, 170, 156, 102, 87]"
sp500,GTY,1d,"['RSI_OVERSOLD', 'RSI_OVERSOLD', 'RSI_OVERSOLD', 'rebound', 'RSI_OVERSOLD']","[1011, 787, 762, 756, 449]"
sp500,GVA,1d,"['hammer', 'engulfing', 'RSI_OVERSOLD', 'RSI_OVERSOLD', 'RSI_OVERSOLD']","[451, 448, 399, 229, 62]"
sp500,GWRE,1d,"['RSI_OVERSOLD, rebound', 'rebound', 'rebound', 'RSI_OVERSOLD', 'RSI_OVERSOLD']","[173, 172, 170, 164, 125]"
sp500,GWW,1d,"['RSI_OVERSOLD', 'piercing_line', 'RSI_OVERSOLD', 'RSI_OVERSOLD', 'engulfing']","[450, 448, 400, 297, 296]"
sp500,GXO,1d,"['rebound', 'RSI_OVERSOLD', 'RSI_OVERSOLD', 'RSI_OVERSOLD', 'RSI_OVERSOLD']","[450, 413, 378, 139, 108]"
sp500,H,1d,"['RSI_OVERSOLD', 'RSI_OVERSOLD', 'RSI_OVERSOLD', 'inverted_hammer', 'RSI_OVERSOLD']","[1107, 546, 397, 231, 20]"
sp500,HAE,1d,"['RSI_OVERSOLD, rebound', 'inverted_hammer', 'engulfing', 'engulfing', 'inverted_hammer']","[259, 178, 172, 169, 134]"
sp500,HAFC,1d,"['rebound', 'RSI_OVERSOLD', 'inverted_hammer', 'RSI_OVERSOLD', 'RSI_OVERSOLD']","[859, 737, 651, 378, 174]"
sp500,HAL,1d,"['RSI_OVERSOLD', 'RSI_OVERSOLD', 'rebound', 'RSI_OVERSOLD', 'RSI_OVERSOLD']","[451, 379, 378, 76, 73]"
sp500,HALO,1d,"['engulfing', 'engulfing', 'RSI_OVERSOLD', 'RSI_OVERSOLD', 'RSI_OVERSOLD']","[896, 862, 861, 771, 471]"
sp500,HAS,1d,"['RSI_OVERSOLD', 'piercing_line', 'RSI_OVERSOLD', 'hammer', 'RSI_OVERSOLD']","[479, 448, 378, 89, 66]"
sp500,HASI,1d,"['RSI_OVERSOLD', 'RSI_OVERSOLD', 'RSI_OVERSOLD', 'rebound', 'RSI_OVERSOLD']","[477, 450, 377, 375, 83]"
sp500,HAYW,1d,"['RSI_OVERSOLD', 'RSI_OVERSOLD', 'RSI_OVERSOLD', 'RSI_OVERSOLD', 'RSI_OVERSOLD']","[378, 97, 19, 17, 9]"
sp500,HBAN,1d,"['hammer', 'hammer', 'RSI_OVERSOLD', 'RSI_OVERSOLD', 'RSI_OVERSOLD']","[297, 148, 144, 15, 9]"
sp500,HCA,1d,"['engulfing', 'RSI_OVERSOLD', 'RSI_OVERSOLD', 'RSI_OVERSOLD', 'rebound']","[301, 114, 112, 97, 88]"
sp500,HCC,1d,"['inverted_hammer', 'engulfing', 'RSI_OVERSOLD', 'RSI_OVERSOLD', 'engulfing']","[546, 519, 450, 378, 377]"
sp500,HCI,1d,"['RSI_OVERSOLD', 'rebound', 'RSI_OVERSOLD', 'RSI_OVERSOLD', 'RSI_OVERSOLD']","[1000, 991, 593, 566, 178]"
sp500,HCSG,1d,"['RSI_OVERSOLD', 'hammer', 'rebound', 'RSI_OVERSOLD', 'RSI_OVERSOLD']","[775, 773, 762, 739, 613]"
sp500,HD,1d,"['hammer', 'RSI_OVERSOLD', 'hammer', 'RSI_OVERSOLD', 'hammer, rebound']","[398, 217, 147, 13, 4]"
sp500,HE,1d,"['engulfing', 'RSI_OVERSOLD', 'RSI_OVERSOLD', 'rebound', 'engulfing']","[254, 102, 41, 16, 6]"
sp500,HFWA,1d,"['RSI_OVERSOLD', 'rebound', 'RSI_OVERSOLD', 'rebound', 'hammer']","[900, 898, 867, 859, 583]"
sp500,HGV,1d,"['engulfing', 'RSI_OVERSOLD', 'RSI_OVERSOLD', 'RSI_OVERSOLD', 'inverted_hammer']","[618, 541, 396, 376, 234]"
sp500,HIG,1d,"['RSI_OVERSOLD', 'rebound', 'hammer', 'inverted_hammer', 'RSI_OVERSOLD']","[897, 894, 756, 87, 5]"
sp500,HII,1d,"['RSI_OVERSOLD', 'inverted_hammer', 'RSI_OVERSOLD', 'RSI_OVERSOLD', 'RSI_OVERSOLD']","[418, 113, 107, 89, 13]"
sp500,HIMS,1d,"['inverted_hammer', 'RSI_OVERSOLD', 'RSI_OVERSOLD', 'rebound', 'rebound']","[180, 179, 170, 169, 166]"
sp500,HIW,1d,"['RSI_OVERSOLD', 'RSI_OVERSOLD', 'RSI_OVERSOLD', 'RSI_OVERSOLD', 'RSI_OVERSOLD']","[235, 231, 209, 164, 138]"
sp500,HL,1d,"['RSI_OVERSOLD', 'hammer', 'RSI_OVERSOLD', 'engulfing', 'inverted_hammer']","[756, 691, 476, 137, 7]"
sp500,HLI,1d,"['RSI_OVERSOLD', 'RSI_OVERSOLD', 'RSI_OVERSOLD', 'RSI_OVERSOLD', 'engulfing']","[377, 248, 232, 170, 139]"
sp500,HLIT,1d,"['RSI_OVERSOLD', 'inverted_hammer', 'RSI_OVERSOLD', 'RSI_OVERSOLD, rebound', 'RSI_OVERSOLD']","[485, 429, 426, 415, 379]"
sp500,HLNE,1d,"['RSI_OVERSOLD', 'RSI_OVERSOLD', 'rebound', 'hammer', 'RSI_OVERSOLD']","[153, 145, 113, 87, 13]"
sp500,HLT,1d,"['hammer', 'RSI_OVERSOLD', 'RSI_OVERSOLD', 'RSI_OVERSOLD', 'RSI_OVERSOLD']","[1219, 1077, 618, 397, 378]"
sp500,HMN,1d,"['RSI_OVERSOLD', 'RSI_OVERSOLD', 'inverted_hammer', 'hammer', 'engulfing']","[928, 892, 623, 438, 180]"
sp500,HNI,1d,"['piercing_line', 'RSI_OVERSOLD', 'RSI_OVERSOLD', 'RSI_OVERSOLD', 'rebound']","[448, 296, 233, 151, 141]"
sp500,HOG,1d,"['RSI_OVERSOLD', 'rebound', 'RSI_OVERSOLD', 'RSI_OVERSOLD', 'RSI_OVERSOLD']","[416, 378, 376, 207, 203]"
sp500,HOMB,1d,"['RSI_OVERSOLD', 'rebound', 'inverted_hammer', 'RSI_OVERSOLD', 'hammer']","[898, 896, 879, 379, 148]"
sp500,HON,1d,"['hammer', 'engulfing', 'RSI_OVERSOLD', 'RSI_OVERSOLD', 'RSI_OVERSOLD']","[539, 538, 417, 412, 378]"
sp500,HONA,1d,['inverted_hammer'],[35]
sp500,HOOD,1d,"['engulfing', 'RSI_OVERSOLD', 'rebound', 'RSI_OVERSOLD', 'rebound']","[859, 546, 545, 164, 111]"
sp500,HOPE,1d,"['piercing_line', 'RSI_OVERSOLD', 'RSI_OVERSOLD', 'RSI_OVERSOLD', 'hammer, RSI_OVERSOLD']","[448, 401, 397, 379, 297]"
sp500,HP,1d,"['RSI_OVERSOLD', 'RSI_OVERSOLD', 'RSI_OVERSOLD', 'RSI_OVERSOLD', 'piercing_line, rebound']","[579, 418, 378, 347, 345]"
sp500,HPE,1d,"['engulfing', 'inverted_hammer', 'RSI_OVERSOLD', 'engulfing', 'RSI_OVERSOLD']","[519, 421, 379, 377, 180]"
sp500,HPQ,1d,"['RSI_OVERSOLD', 'RSI_OVERSOLD', 'rebound', 'rebound', 'hammer']","[190, 188, 180, 175, 170]"
sp500,HQY,1d,"['hammer', 'inverted_hammer', 'engulfing', 'RSI_OVERSOLD', 'RSI_OVERSOLD']","[295, 294, 183, 163, 8]"
sp500,HR,1d,"['engulfing', 'inverted_hammer', 'RSI_OVERSOLD', 'piercing_line', 'hammer']","[657, 449, 377, 375, 26]"
sp500,HRB,1d,"['rebound', 'RSI_OVERSOLD', 'rebound', 'rebound', 'RSI_OVERSOLD']","[217, 170, 168, 163, 157]"
sp500,HRL,1d,"['RSI_OVERSOLD', 'engulfing', 'engulfing', 'RSI_OVERSOLD', 'engulfing']","[235, 233, 122, 28, 7]"
sp500,HRMY,1d,"['piercing_line', 'inverted_hammer', 'hammer', 'RSI_OVERSOLD', 'RSI_OVERSOLD']","[375, 328, 267, 260, 158]"
sp500,HSIC,1d,"['rebound', 'engulfing', 'inverted_hammer', 'hammer', 'RSI_OVERSOLD']","[734, 730, 635, 519, 377]"
sp500,HST,1d,"['RSI_OVERSOLD', 'RSI_OVERSOLD', 'RSI_OVERSOLD', 'RSI_OVERSOLD', 'RSI_OVERSOLD, rebound']","[897, 892, 781, 545, 378]"
sp500,HSTM,1d,"['inverted_hammer', 'engulfing', 'RSI_OVERSOLD', 'RSI_OVERSOLD', 'rebound']","[330, 246, 180, 169, 166]"
sp500,HSY,1d,"['rebound', 'rebound', 'hammer, RSI_OVERSOLD', 'engulfing', 'RSI_OVERSOLD']","[420, 419, 234, 119, 113]"
sp500,HTH,1d,"['RSI_OVERSOLD', 'RSI_OVERSOLD', 'inverted_hammer', 'engulfing', 'RSI_OVERSOLD']","[895, 449, 448, 435, 378]"
sp500,HTLD,1d,"['rebound', 'hammer, RSI_OVERSOLD', 'RSI_OVERSOLD', 'hammer', 'RSI_OVERSOLD']","[378, 361, 297, 147, 49]"
sp500,HTO,1d,"['RSI_OVERSOLD', 'RSI_OVERSOLD', 'RSI_OVERSOLD', 'rebound', 'RSI_OVERSOLD']","[816, 654, 448, 438, 2]"
sp500,HUBB,1d,"['hammer', 'hammer', 'RSI_OVERSOLD', 'RSI_OVERSOLD', 'hammer']","[1176, 942, 735, 397, 102]"
sp500,HUBG,1d,"['inverted_hammer', 'engulfing', 'RSI_OVERSOLD', 'RSI_OVERSOLD', 'rebound']","[498, 139, 40, 16, 1]"
sp500,HUM,1d,"['RSI_OVERSOLD', 'hammer', 'RSI_OVERSOLD', 'engulfing', 'rebound']","[451, 350, 175, 170, 164]"
sp500,HWC,1d,"['RSI_OVERSOLD', 'RSI_OVERSOLD', 'hammer', 'engulfing', 'RSI_OVERSOLD']","[378, 244, 148, 145, 140]"
sp500,HWKN,1d,"['RSI_OVERSOLD', 'rebound', 'RSI_OVERSOLD', 'RSI_OVERSOLD', 'hammer']","[233, 222, 172, 68, 47]"
sp500,HWM,1d,"['hammer', 'piercing_line', 'RSI_OVERSOLD', 'RSI_OVERSOLD', 'RSI_OVERSOLD']","[1176, 377, 26, 21, 19]"
sp500,HXL,1d,"['RSI_OVERSOLD', 'hammer', 'RSI_OVERSOLD', 'RSI_OVERSOLD', 'engulfing']","[378, 367, 19, 12, 8]"
sp500,HZO,1d,"['RSI_OVERSOLD', 'engulfing', 'inverted_hammer', 'RSI_OVERSOLD', 'RSI_OVERSOLD']","[677, 673, 448, 402, 379]"
sp500,IART,1d,"['hammer', 'engulfing', 'RSI_OVERSOLD', 'RSI_OVERSOLD', 'RSI_OVERSOLD']","[325, 230, 147, 144, 3]"
sp500,IBKR,1d,"['RSI_OVERSOLD', 'RSI_OVERSOLD', 'RSI_OVERSOLD', 'RSI_OVERSOLD', 'hammer']","[734, 545, 397, 378, 218]"
sp500,IBM,1d,"['rebound', 'RSI_OVERSOLD', 'hammer', 'RSI_OVERSOLD', 'piercing_line']","[290, 157, 115, 59, 58]"
sp500,IBOC,1d,"['inverted_hammer', 'hammer', 'RSI_OVERSOLD', 'piercing_line', 'RSI_OVERSOLD']","[953, 546, 449, 448, 378]"
sp500,IBP,1d,"['RSI_OVERSOLD', 'RSI_OVERSOLD', 'RSI_OVERSOLD', 'RSI_OVERSOLD', 'RSI_OVERSOLD']","[450, 105, 103, 19, 17]"
sp500,ICE,1d,"['RSI_OVERSOLD', 'rebound', 'RSI_OVERSOLD', 'rebound', 'rebound']","[84, 77, 76, 72, 70]"
sp500,ICHR,1d,"['RSI_OVERSOLD', 'rebound', 'RSI_OVERSOLD', 'engulfing', 'hammer']","[379, 357, 295, 294, 228]"
sp500,ICUI,1d,"['RSI_OVERSOLD, rebound', 'RSI_OVERSOLD', 'RSI_OVERSOLD', 'RSI_OVERSOLD', 'RSI_OVERSOLD']","[730, 465, 402, 397, 291]"
sp500,IDA,1d,"['RSI_OVERSOLD', 'engulfing', 'hammer', 'RSI_OVERSOLD', 'engulfing']","[1007, 1000, 931, 756, 680]"
sp500,IDCC,1d,"['inverted_hammer', 'engulfing', 'engulfing', 'rebound', 'RSI_OVERSOLD']","[1030, 1023, 1017, 1013, 109]"
sp500,IDXX,1d,"['RSI_OVERSOLD', 'inverted_hammer', 'RSI_OVERSOLD', 'engulfing', 'RSI_OVERSOLD']","[377, 172, 171, 167, 144]"
sp500,IESC,1d,"['RSI_OVERSOLD', 'rebound', 'engulfing', 'RSI_OVERSOLD', 'engulfing']","[1116, 1113, 1110, 1012, 583]"
sp500,IEX,1d,"['rebound', 'RSI_OVERSOLD', 'RSI_OVERSOLD', 'inverted_hammer', 'RSI_OVERSOLD']","[377, 299, 144, 139, 138]"
sp500,IFF,1d,"['RSI_OVERSOLD', 'RSI_OVERSOLD', 'engulfing', 'RSI_OVERSOLD', 'hammer']","[377, 294, 290, 145, 139]"
sp500,IIPR,1d,"['RSI_OVERSOLD, rebound', 'rebound', 'RSI_OVERSOLD', 'RSI_OVERSOLD', 'RSI_OVERSOLD']","[382, 375, 293, 219, 4]"
sp500,ILMN,1d,"['piercing_line', 'engulfing', 'rebound', 'rebound', 'RSI_OVERSOLD']","[414, 406, 404, 401, 167]"
sp500,INCY,1d,"['RSI_OVERSOLD', 'rebound', 'RSI_OVERSOLD', 'RSI_OVERSOLD', 'engulfing']","[742, 736, 415, 392, 389]"
sp500,INDB,1d,"['RSI_OVERSOLD', 'rebound', 'RSI_OVERSOLD', 'RSI_OVERSOLD', 'RSI_OVERSOLD']","[898, 896, 672, 397, 140]"
sp500,INDV,1d,"['engulfing', 'inverted_hammer', 'RSI_OVERSOLD', 'hammer', 'RSI_OVERSOLD']","[415, 409, 407, 136, 27]"
sp500,INGR,1d,"['RSI_OVERSOLD', 'rebound', 'RSI_OVERSOLD', 'RSI_OVERSOLD', 'rebound']","[235, 231, 108, 100, 97]"
sp500,INSP,1d,"['RSI_OVERSOLD', 'hammer', 'RSI_OVERSOLD', 'hammer, RSI_OVERSOLD', 'RSI_OVERSOLD']","[339, 335, 331, 295, 99]"
sp500,INSW,1d,"['RSI_OVERSOLD', 'engulfing', 'rebound', 'RSI_OVERSOLD', 'hammer, RSI_OVERSOLD']","[460, 453, 451, 402, 378]"
sp500,INTC,1d,"['RSI_OVERSOLD', 'RSI_OVERSOLD, rebound', 'RSI_OVERSOLD', 'rebound', 'RSI_OVERSOLD']","[623, 613, 546, 522, 376]"
sp500,INTU,1d,"['rebound', 'rebound', 'RSI_OVERSOLD', 'RSI_OVERSOLD', 'RSI_OVERSOLD']","[170, 157, 125, 95, 9]"
sp500,INVA,1d,"['rebound', 'RSI_OVERSOLD', 'engulfing', 'inverted_hammer', 'inverted_hammer']","[1013, 904, 769, 739, 448]"
sp500,INVH,1d,"['RSI_OVERSOLD', 'RSI_OVERSOLD', 'RSI_OVERSOLD', 'hammer', 'engulfing']","[296, 248, 235, 20, 16]"
sp500,INVX,1d,"['hammer', 'RSI_OVERSOLD', 'RSI_OVERSOLD', 'inverted_hammer, RSI_OVERSOLD', 'RSI_OVERSOLD']","[670, 611, 454, 448, 378]"
sp500,IOSP,1d,"['RSI_OVERSOLD', 'RSI_OVERSOLD', 'hammer', 'inverted_hammer', 'RSI_OVERSOLD']","[841, 543, 443, 328, 255]"
sp500,IP,1d,"['RSI_OVERSOLD', 'RSI_OVERSOLD', 'RSI_OVERSOLD', 'inverted_hammer', 'RSI_OVERSOLD']","[139, 110, 19, 17, 16]"
sp500,IPAR,1d,"['RSI_OVERSOLD', 'RSI_OVERSOLD', 'rebound', 'RSI_OVERSOLD', 'RSI_OVERSOLD']","[263, 260, 248, 222, 220]"
sp500,IPGP,1d,"['RSI_OVERSOLD', 'RSI_OVERSOLD', 'RSI_OVERSOLD', 'RSI_OVERSOLD', 'RSI_OVERSOLD']","[546, 415, 378, 107, 49]"
sp500,IQV,1d,"['rebound', 'rebound', 'RSI_OVERSOLD', 'RSI_OVERSOLD', 'rebound']","[377, 375, 374, 170, 168]"
sp500,IR,1d,"['rebound', 'RSI_OVERSOLD', 'engulfing', 'RSI_OVERSOLD', 'hammer']","[377, 297, 246, 132, 19]"
sp500,IRDM,1d,"['RSI_OVERSOLD', 'RSI_OVERSOLD', 'RSI_OVERSOLD', 'rebound', 'RSI_OVERSOLD']","[367, 303, 272, 271, 263]"
sp500,IRM,1d,"['inverted_hammer', 'RSI_OVERSOLD', 'RSI_OVERSOLD', 'RSI_OVERSOLD', 'RSI_OVERSOLD']","[1268, 450, 378, 294, 224]"
sp500,IRT,1d,"['rebound', 'RSI_OVERSOLD', 'RSI_OVERSOLD', 'RSI_OVERSOLD', 'hammer']","[375, 235, 138, 20, 17]"
sp500,ISRG,1d,"['hammer', 'RSI_OVERSOLD', 'RSI_OVERSOLD', 'RSI_OVERSOLD', 'RSI_OVERSOLD']","[169, 163, 133, 103, 53]"
sp500,IT,1d,"['inverted_hammer', 'RSI_OVERSOLD', 'rebound', 'engulfing', 'RSI_OVERSOLD']","[291, 171, 170, 167, 76]"
sp500,ITGR,1d,"['RSI_OVERSOLD', 'RSI_OVERSOLD', 'RSI_OVERSOLD', 'RSI_OVERSOLD', 'RSI_OVERSOLD']","[743, 739, 394, 388, 239]"
sp500,ITRI,1d,"['hammer', 'RSI_OVERSOLD', 'RSI_OVERSOLD', 'RSI_OVERSOLD', 'RSI_OVERSOLD']","[409, 408, 376, 233, 5]"
sp500,ITT,1d,"['piercing_line', 'hammer', 'RSI_OVERSOLD', 'RSI_OVERSOLD', 'RSI_OVERSOLD']","[893, 582, 450, 401, 378]"
sp500,ITW,1d,"['rebound', 'RSI_OVERSOLD', 'RSI_OVERSOLD', 'engulfing', 'hammer']","[436, 378, 249, 246, 24]"
sp500,IVT,1d,"['inverted_hammer', 'RSI_OVERSOLD', 'RSI_OVERSOLD', 'RSI_OVERSOLD', 'rebound']","[1018, 251, 248, 18, 10]"
sp500,IVZ,1d,"['inverted_hammer, RSI_OVERSOLD', 'RSI_OVERSOLD', 'hammer', 'RSI_OVERSOLD', 'RSI_OVERSOLD']","[611, 401, 398, 397, 378]"
sp500,J,1d,"['RSI_OVERSOLD', 'RSI_OVERSOLD', 'RSI_OVERSOLD', 'inverted_hammer', 'RSI_OVERSOLD']","[405, 401, 219, 213, 101]"
sp500,JAZZ,1d,"['hammer', 'piercing_line', 'RSI_OVERSOLD', 'engulfing, rebound', 'RSI_OVERSOLD']","[524, 382, 378, 375, 374]"
sp500,JBGS,1d,"['hammer', 'RSI_OVERSOLD', 'RSI_OVERSOLD', 'RSI_OVERSOLD', 'RSI_OVERSOLD']","[631, 475, 232, 222, 45]"
sp500,JBHT,1d,"['RSI_OVERSOLD', 'RSI_OVERSOLD', 'RSI_OVERSOLD', 'RSI_OVERSOLD', 'rebound']","[450, 393, 391, 379, 378]"
sp500,JBL,1d,"['engulfing', 'rebound', 'hammer, RSI_OVERSOLD', 'engulfing', 'hammer']","[398, 397, 378, 377, 284]"
sp500,JBLU,1d,"['hammer, RSI_OVERSOLD', 'RSI_OVERSOLD', 'rebound', 'RSI_OVERSOLD', 'hammer']","[381, 379, 378, 144, 53]"
sp500,JBSS,1d,"['rebound', 'RSI_OVERSOLD', 'RSI_OVERSOLD', 'hammer', 'RSI_OVERSOLD']","[417, 376, 360, 28, 5]"
sp500,JBTM,1d,"['RSI_OVERSOLD', 'hammer', 'rebound', 'RSI_OVERSOLD', 'RSI_OVERSOLD']","[146, 145, 136, 109, 5]"
sp500,JCI,1d,"['RSI_OVERSOLD', 'engulfing', 'RSI_OVERSOLD', 'inverted_hammer', 'engulfing']","[774, 772, 743, 741, 185]"
sp500,JEF,1d,"['RSI_OVERSOLD', 'rebound', 'hammer', 'RSI_OVERSOLD', 'inverted_hammer']","[154, 148, 70, 15, 6]"
sp500,JJSF,1d,"['rebound', 'RSI_OVERSOLD', 'RSI_OVERSOLD', 'RSI_OVERSOLD', 'engulfing']","[227, 170, 140, 103, 101]"
sp500,JKHY,1d,"['RSI_OVERSOLD', 'RSI_OVERSOLD', 'RSI_OVERSOLD', 'RSI_OVERSOLD', 'engulfing']","[163, 124, 106, 100, 90]"
sp500,JLL,1d,"['RSI_OVERSOLD', 'RSI_OVERSOLD', 'RSI_OVERSOLD', 'rebound', 'RSI_OVERSOLD']","[743, 377, 164, 163, 7]"
sp500,JNJ,1d,"['RSI_OVERSOLD', 'engulfing', 'RSI_OVERSOLD', 'RSI_OVERSOLD', 'RSI_OVERSOLD']","[913, 457, 455, 117, 2]"
sp500,JOE,1d,"['RSI_OVERSOLD', 'engulfing', 'inverted_hammer', 'RSI_OVERSOLD', 'engulfing']","[488, 448, 377, 376, 133]"
sp500,JPM,1d,"['hammer', 'RSI_OVERSOLD', 'RSI_OVERSOLD', 'RSI_OVERSOLD', 'piercing_line']","[1008, 737, 397, 378, 377]"
sp500,JXN,1d,"['RSI_OVERSOLD', 'RSI_OVERSOLD', 'engulfing', 'RSI_OVERSOLD', 'inverted_hammer']","[1083, 855, 454, 450, 140]"
sp500,KAI,1d,"['RSI_OVERSOLD', 'hammer', 'inverted_hammer', 'RSI_OVERSOLD', 'RSI_OVERSOLD']","[377, 256, 255, 248, 18]"
sp500,KALU,1d,"['RSI_OVERSOLD', 'hammer', 'RSI_OVERSOLD', 'hammer, rebound', 'RSI_OVERSOLD']","[450, 438, 382, 378, 138]"
sp500,KBH,1d,"['RSI_OVERSOLD', 'inverted_hammer', 'RSI_OVERSOLD', 'RSI_OVERSOLD', 'inverted_hammer']","[140, 134, 132, 19, 10]"
sp500,KBR,1d,"['RSI_OVERSOLD', 'RSI_OVERSOLD', 'RSI_OVERSOLD', 'RSI_OVERSOLD', 'hammer']","[409, 406, 325, 248, 147]"
sp500,KD,1d,"['RSI_OVERSOLD', 'engulfing', 'RSI_OVERSOLD', 'RSI_OVERSOLD, rebound', 'engulfing']","[222, 171, 170, 166, 162]"
sp500,KDP,1d,"['rebound', 'RSI_OVERSOLD', 'rebound', 'engulfing', 'RSI_OVERSOLD']","[485, 281, 279, 275, 252]"
sp500,KEX,1d,"['RSI_OVERSOLD', 'RSI_OVERSOLD', 'RSI_OVERSOLD', 'engulfing', 'RSI_OVERSOLD']","[298, 275, 273, 269, 67]"
sp500,KEY,1d,"['RSI_OVERSOLD', 'RSI_OVERSOLD', 'hammer', 'hammer', 'RSI_OVERSOLD']","[397, 379, 378, 148, 143]"
sp500,KEYS,1d,"['inverted_hammer', 'RSI_OVERSOLD', 'RSI_OVERSOLD', 'rebound', 'hammer']","[642, 543, 379, 377, 50]"
sp500,KFY,1d,"['RSI_OVERSOLD', 'RSI_OVERSOLD', 'RSI_OVERSOLD', 'RSI_OVERSOLD', 'engulfing']","[954, 860, 773, 233, 231]"
sp500,KGS,1d,"['RSI_OVERSOLD', 'engulfing', 'RSI_OVERSOLD', 'RSI_OVERSOLD', 'RSI_OVERSOLD']","[399, 396, 378, 376, 49]"
sp500,KHC,1d,"['inverted_hammer', 'inverted_hammer', 'RSI_OVERSOLD', 'hammer', 'RSI_OVERSOLD']","[483, 449, 436, 345, 137]"
sp500,KIM,1d,"['RSI_OVERSOLD', 'RSI_OVERSOLD', 'RSI_OVERSOLD', 'RSI_OVERSOLD', 'hammer']","[893, 756, 439, 377, 4]"
sp500,KKR,1d,"['RSI_OVERSOLD', 'RSI_OVERSOLD', 'RSI_OVERSOLD', 'piercing_line', 'RSI_OVERSOLD']","[248, 157, 153, 152, 144]"
sp500,KLAC,1d,"['RSI_OVERSOLD', 'piercing_line', 'RSI_OVERSOLD', 'RSI_OVERSOLD', 'engulfing']","[999, 998, 472, 378, 377]"
sp500,KLIC,1d,"['RSI_OVERSOLD', 'rebound', 'rebound', 'RSI_OVERSOLD', 'hammer']","[404, 383, 382, 379, 294]"
sp500,KMB,1d,"['RSI_OVERSOLD', 'hammer', 'RSI_OVERSOLD', 'hammer', 'RSI_OVERSOLD']","[232, 131, 18, 16, 4]"
sp500,KMI,1d,"['RSI_OVERSOLD', 'RSI_OVERSOLD', 'RSI_OVERSOLD', 'inverted_hammer', 'inverted_hammer']","[1080, 1011, 892, 860, 825]"
sp500,KMPR,1d,"['RSI_OVERSOLD', 'RSI_OVERSOLD', 'rebound', 'RSI_OVERSOLD', 'RSI_OVERSOLD']","[294, 245, 230, 168, 92]"
sp500,KMT,1d,"['inverted_hammer', 'RSI_OVERSOLD', 'RSI_OVERSOLD', 'RSI_OVERSOLD', 'RSI_OVERSOLD']","[448, 418, 416, 378, 294]"
sp500,KMX,1d,"['rebound', 'RSI_OVERSOLD', 'RSI_OVERSOLD', 'inverted_hammer', 'rebound']","[394, 298, 259, 258, 229]"
sp500,KN,1d,"['hammer', 'rebound', 'inverted_hammer', 'RSI_OVERSOLD', 'rebound']","[1017, 1014, 796, 408, 401]"
sp500,KNF,1d,"['engulfing', 'inverted_hammer', 'RSI_OVERSOLD', 'inverted_hammer', 'rebound']","[41, 24, 20, 19, 10]"
sp500,KNSL,1d,"['hammer', 'RSI_OVERSOLD', 'engulfing', 'RSI_OVERSOLD', 'engulfing']","[146, 139, 111, 109, 105]"
sp500,KNTK,1d,"['rebound', 'RSI_OVERSOLD', 'hammer', 'RSI_OVERSOLD', 'inverted_hammer']","[1654, 1498, 1311, 378, 11]"
sp500,KNX,1d,"['RSI_OVERSOLD', 'RSI_OVERSOLD', 'rebound', 'RSI_OVERSOLD', 'rebound']","[614, 406, 398, 389, 379]"
sp500,KO,1d,"['RSI_OVERSOLD', 'rebound', 'inverted_hammer', 'RSI_OVERSOLD', 'rebound']","[1011, 1003, 932, 774, 760]"
sp500,KOP,1d,"['hammer, RSI_OVERSOLD', 'RSI_OVERSOLD', 'hammer', 'hammer', 'inverted_hammer']","[841, 608, 575, 378, 198]"
sp500,KR,1d,"['RSI_OVERSOLD', 'RSI_OVERSOLD', 'engulfing', 'inverted_hammer', 'RSI_OVERSOLD']","[841, 775, 589, 209, 76]"
sp500,KRC,1d,"['rebound', 'RSI_OVERSOLD', 'RSI_OVERSOLD', 'rebound', 'RSI_OVERSOLD']","[163, 156, 153, 144, 16]"
sp500,KRG,1d,"['RSI_OVERSOLD', 'rebound', 'RSI_OVERSOLD', 'RSI_OVERSOLD', 'hammer']","[438, 437, 376, 26, 13]"
sp500,KRMN,1d,"['RSI_OVERSOLD', 'RSI_OVERSOLD', 'inverted_hammer', 'inverted_hammer', 'RSI_OVERSOLD']","[224, 26, 25, 19, 14]"
sp500,KRYS,1d,"['inverted_hammer', 'RSI_OVERSOLD', 'hammer', 'RSI_OVERSOLD', 'RSI_OVERSOLD']","[1649, 1107, 435, 434, 357]"
sp500,KSS,1d,"['RSI_OVERSOLD', 'RSI_OVERSOLD', 'RSI_OVERSOLD', 'hammer, RSI_OVERSOLD', 'inverted_hammer']","[416, 396, 379, 147, 146]"
sp500,KTB,1d,"['RSI_OVERSOLD', 'RSI_OVERSOLD', 'RSI_OVERSOLD', 'RSI_OVERSOLD', 'RSI_OVERSOLD']","[405, 376, 299, 190, 188]"
sp500,KTOS,1d,"['RSI_OVERSOLD', 'hammer', 'RSI_OVERSOLD', 'RSI_OVERSOLD', 'RSI_OVERSOLD']","[1108, 1027, 132, 6, 2]"
sp500,KVUE,1d,"['RSI_OVERSOLD', 'RSI_OVERSOLD', 'RSI_OVERSOLD, rebound', 'RSI_OVERSOLD', 'hammer']","[273, 262, 260, 244, 16]"
sp500,KWR,1d,"['hammer', 'hammer, rebound', 'RSI_OVERSOLD', 'rebound', 'engulfing']","[444, 437, 379, 376, 139]"
sp500,L,1d,"['RSI_OVERSOLD', 'inverted_hammer', 'RSI_OVERSOLD', 'RSI_OVERSOLD', 'inverted_hammer']","[892, 180, 26, 11, 10]"
sp500,LAD,1d,"['inverted_hammer', 'engulfing', 'inverted_hammer', 'RSI_OVERSOLD', 'rebound']","[158, 147, 140, 14, 5]"
sp500,LAMR,1d,"['RSI_OVERSOLD', 'RSI_OVERSOLD', 'RSI_OVERSOLD', 'RSI_OVERSOLD', 'RSI_OVERSOLD']","[545, 450, 438, 394, 376]"
sp500,LAUR,1d,"['RSI_OVERSOLD', 'inverted_hammer', 'RSI_OVERSOLD', 'inverted_hammer', 'inverted_hammer']","[1645, 1428, 1371, 828, 575]"
sp500,LAZ,1d,"['hammer', 'RSI_OVERSOLD', 'hammer, RSI_OVERSOLD', 'RSI_OVERSOLD', 'RSI_OVERSOLD']","[407, 379, 147, 144, 15]"
sp500,LBRT,1d,"['hammer', 'RSI_OVERSOLD', 'inverted_hammer', 'engulfing', 'inverted_hammer']","[73, 53, 51, 50, 30]"
sp500,LCII,1d,"['inverted_hammer', 'RSI_OVERSOLD', 'RSI_OVERSOLD', 'RSI_OVERSOLD', 'RSI_OVERSOLD']","[448, 436, 396, 108, 86]"
sp500,LDOS,1d,"['rebound', 'RSI_OVERSOLD', 'inverted_hammer', 'hammer, rebound', 'engulfing']","[101, 79, 78, 75, 69]"
sp500,LEA,1d,"['RSI_OVERSOLD', 'inverted_hammer', 'RSI_OVERSOLD', 'hammer', 'hammer']","[861, 788, 520, 378, 144]"
sp500,LECO,1d,"['RSI_OVERSOLD', 'hammer', 'RSI_OVERSOLD', 'RSI_OVERSOLD', 'inverted_hammer']","[524, 523, 449, 377, 140]"
sp500,LEN,1d,"['rebound', 'RSI_OVERSOLD', 'hammer', 'RSI_OVERSOLD', 'RSI_OVERSOLD']","[417, 376, 199, 148, 139]"
sp500,LEU,1d,"['RSI_OVERSOLD', 'hammer', 'RSI_OVERSOLD', 'RSI_OVERSOLD', 'engulfing']","[1107, 894, 660, 379, 377]"
sp500,LFST,1d,"['RSI_OVERSOLD', 'engulfing', 'RSI_OVERSOLD', 'rebound', 'engulfing']","[329, 325, 312, 297, 142]"
sp500,LFUS,1d,"['RSI_OVERSOLD', 'RSI_OVERSOLD', 'engulfing', 'RSI_OVERSOLD, rebound', 'engulfing']","[741, 381, 380, 379, 377]"
sp500,LGIH,1d,"['RSI_OVERSOLD', 'RSI_OVERSOLD', 'RSI_OVERSOLD', 'RSI_OVERSOLD', 'hammer']","[379, 376, 251, 249, 147]"
sp500,LGND,1d,"['hammer', 'RSI_OVERSOLD', 'RSI_OVERSOLD', 'RSI_OVERSOLD', 'hammer']","[1185, 1184, 1161, 1107, 1017]"
sp500,LH,1d,"['RSI_OVERSOLD', 'RSI_OVERSOLD', 'RSI_OVERSOLD', 'RSI_OVERSOLD', 'RSI_OVERSOLD']","[1114, 1028, 376, 235, 229]"
sp500,LHX,1d,"['RSI_OVERSOLD', 'engulfing', 'rebound', 'engulfing', 'RSI_OVERSOLD']","[454, 448, 443, 409, 114]"
sp500,LIF,1d,"['RSI_OVERSOLD', 'RSI_OVERSOLD', 'RSI_OVERSOLD', 'inverted_hammer', 'engulfing']","[224, 203, 181, 180, 138]"
sp500,LII,1d,"['hammer', 'RSI_OVERSOLD', 'RSI_OVERSOLD', 'RSI_OVERSOLD', 'RSI_OVERSOLD']","[894, 134, 49, 26, 18]"
sp500,LIN,1d,"['RSI_OVERSOLD', 'rebound', 'rebound', 'RSI_OVERSOLD', 'engulfing']","[235, 233, 232, 209, 206]"
sp500,LITE,1d,"['RSI_OVERSOLD', 'RSI_OVERSOLD', 'RSI_OVERSOLD', 'RSI_OVERSOLD', 'RSI_OVERSOLD']","[878, 854, 759, 545, 397]"
sp500,LIVN,1d,"['RSI_OVERSOLD', 'RSI_OVERSOLD', 'hammer', 'RSI_OVERSOLD', 'RSI_OVERSOLD']","[583, 563, 449, 406, 378]"
sp500,LKFN,1d,"['RSI_OVERSOLD', 'inverted_hammer', 'RSI_OVERSOLD', 'RSI_OVERSOLD', 'rebound']","[766, 642, 397, 388, 378]"
sp500,LKQ,1d,"['RSI_OVERSOLD', 'RSI_OVERSOLD', 'RSI_OVERSOLD', 'RSI_OVERSOLD', 'hammer, RSI_OVERSOLD']","[611, 327, 303, 143, 139]"
sp500,LLY,1d,"['inverted_hammer', 'RSI_OVERSOLD, rebound', 'hammer', 'RSI_OVERSOLD', 'RSI_OVERSOLD']","[481, 472, 471, 378, 293]"
sp500,LMAT,1d,"['RSI_OVERSOLD', 'RSI_OVERSOLD', 'hammer', 'RSI_OVERSOLD', 'RSI_OVERSOLD']","[748, 399, 398, 102, 44]"
sp500,LMT,1d,"['RSI_OVERSOLD', 'engulfing', 'RSI_OVERSOLD', 'RSI_OVERSOLD', 'rebound']","[305, 298, 228, 116, 114]"
sp500,LNC,1d,"['engulfing', 'RSI_OVERSOLD', 'RSI_OVERSOLD', 'RSI_OVERSOLD', 'RSI_OVERSOLD']","[980, 959, 954, 450, 378]"
sp500,LNN,1d,"['RSI_OVERSOLD', 'rebound', 'RSI_OVERSOLD', 'RSI_OVERSOLD, rebound', 'hammer']","[241, 240, 142, 129, 128]"
sp500,LNT,1d,"['RSI_OVERSOLD', 'RSI_OVERSOLD', 'rebound', 'RSI_OVERSOLD', 'RSI_OVERSOLD']","[758, 756, 755, 439, 12]"
sp500,LNTH,1d,"['RSI_OVERSOLD', 'rebound', 'RSI_OVERSOLD', 'engulfing', 'hammer, RSI_OVERSOLD']","[479, 470, 356, 354, 294]"
sp500,LOPE,1d,"['RSI_OVERSOLD', 'engulfing', 'RSI_OVERSOLD', 'RSI_OVERSOLD', 'rebound']","[498, 331, 303, 233, 229]"
sp500,LOW,1d,"['RSI_OVERSOLD', 'rebound', 'RSI_OVERSOLD', 'inverted_hammer', 'hammer']","[407, 394, 222, 221, 139]"
sp500,LPG,1d,"['RSI_OVERSOLD', 'hammer', 'rebound', 'RSI_OVERSOLD', 'RSI_OVERSOLD']","[477, 469, 458, 404, 378]"
sp500,LPX,1d,"['inverted_hammer', 'rebound', 'RSI_OVERSOLD', 'RSI_OVERSOLD', 'engulfing']","[409, 398, 377, 230, 228]"
sp500,LQDA,1d,"['hammer', 'RSI_OVERSOLD', 'hammer', 'RSI_OVERSOLD', 'RSI_OVERSOLD']","[1123, 1096, 614, 377, 5]"
sp500,LQDT,1d,"['hammer', 'RSI_OVERSOLD', 'inverted_hammer', 'RSI_OVERSOLD', 'RSI_OVERSOLD']","[714, 667, 666, 354, 250]"
sp500,LRCX,1d,"['RSI_OVERSOLD', 'RSI_OVERSOLD', 'piercing_line', 'RSI_OVERSOLD', 'inverted_hammer']","[546, 379, 377, 376, 17]"
sp500,LRN,1d,"['inverted_hammer', 'rebound', 'engulfing', 'RSI_OVERSOLD', 'inverted_hammer']","[495, 494, 299, 235, 78]"
sp500,LSCC,1d,"['rebound', 'RSI_OVERSOLD', 'inverted_hammer', 'RSI_OVERSOLD', 'inverted_hammer']","[735, 545, 380, 379, 229]"
sp500,LSTR,1d,"['RSI_OVERSOLD', 'engulfing', 'inverted_hammer', 'RSI_OVERSOLD', 'RSI_OVERSOLD']","[620, 618, 436, 378, 50]"
sp500,LTC,1d,"['RSI_OVERSOLD', 'rebound', 'RSI_OVERSOLD', 'RSI_OVERSOLD', 'RSI_OVERSOLD']","[1014, 1011, 892, 449, 447]"
sp500,LTH,1d,"['RSI_OVERSOLD', 'RSI_OVERSOLD', 'RSI_OVERSOLD', 'inverted_hammer', 'RSI_OVERSOLD']","[1030, 767, 739, 234, 11]"
sp500,LULU,1d,"['RSI_OVERSOLD, rebound', 'engulfing', 'RSI_OVERSOLD', 'RSI_OVERSOLD', 'RSI_OVERSOLD']","[273, 142, 109, 85, 75]"
sp500,LUMN,1d,"['RSI_OVERSOLD', 'RSI_OVERSOLD', 'engulfing', 'inverted_hammer', 'RSI_OVERSOLD']","[918, 578, 377, 74, 67]"
sp500,LUV,1d,"['RSI_OVERSOLD', 'hammer', 'engulfing', 'RSI_OVERSOLD', 'engulfing']","[645, 643, 642, 378, 147]"
sp500,LVS,1d,"['rebound', 'RSI_OVERSOLD', 'RSI_OVERSOLD', 'RSI_OVERSOLD, rebound', 'hammer']","[377, 188, 186, 173, 75]"
sp500,LW,1d,"['RSI_OVERSOLD', 'hammer', 'RSI_OVERSOLD', 'RSI_OVERSOLD', 'RSI_OVERSOLD']","[407, 309, 199, 144, 138]"
sp500,LXP,1d,"['RSI_OVERSOLD', 'piercing_line', 'rebound', 'RSI_OVERSOLD', 'rebound']","[450, 448, 436, 378, 376]"
sp500,LYB,1d,"['RSI_OVERSOLD', 'RSI_OVERSOLD', 'RSI_OVERSOLD', 'rebound', 'hammer']","[374, 291, 76, 69, 66]"
sp500,LYFT,1d,"['hammer', 'RSI_OVERSOLD', 'RSI_OVERSOLD', 'inverted_hammer, RSI_OVERSOLD', 'rebound']","[443, 297, 168, 164, 163]"
sp500,LYV,1d,"['RSI_OVERSOLD', 'RSI_OVERSOLD', 'engulfing', 'RSI_OVERSOLD', 'RSI_OVERSOLD']","[398, 250, 249, 230, 222]"
sp500,LZ,1d,"['RSI_OVERSOLD', 'rebound', 'inverted_hammer', 'inverted_hammer, RSI_OVERSOLD', 'RSI_OVERSOLD, rebound']","[378, 368, 328, 180, 170]"
sp500,LZB,1d,"['RSI_OVERSOLD', 'hammer', 'RSI_OVERSOLD', 'RSI_OVERSOLD', 'inverted_hammer']","[222, 147, 138, 34, 25]"
sp500,M,1d,"['RSI_OVERSOLD', 'hammer', 'RSI_OVERSOLD', 'RSI_OVERSOLD', 'RSI_OVERSOLD']","[784, 684, 433, 377, 141]"
sp500,MA,1d,"['RSI_OVERSOLD', 'engulfing', 'inverted_hammer', 'RSI_OVERSOLD', 'RSI_OVERSOLD']","[378, 325, 259, 221, 179]"
sp500,MAA,1d,"['RSI_OVERSOLD, rebound', 'RSI_OVERSOLD', 'RSI_OVERSOLD', 'engulfing', 'rebound']","[235, 138, 19, 17, 12]"
sp500,MAC,1d,"['rebound', 'RSI_OVERSOLD', 'engulfing', 'rebound', 'RSI_OVERSOLD']","[893, 403, 402, 397, 378]"
sp500,MAN,1d,"['inverted_hammer', 'inverted_hammer', 'RSI_OVERSOLD', 'engulfing', 'rebound']","[358, 271, 243, 233, 229]"
sp500,MANH,1d,"['RSI_OVERSOLD', 'RSI_OVERSOLD', 'inverted_hammer', 'RSI_OVERSOLD', 'rebound']","[378, 235, 190, 172, 170]"
sp500,MAR,1d,"['RSI_OVERSOLD', 'RSI_OVERSOLD', 'hammer, rebound', 'RSI_OVERSOLD', 'RSI_OVERSOLD']","[547, 397, 388, 378, 21]"
sp500,MARA,1d,"['RSI_OVERSOLD', 'RSI_OVERSOLD', 'RSI_OVERSOLD', 'RSI_OVERSOLD', 'RSI_OVERSOLD']","[786, 755, 407, 224, 168]"
sp500,MAS,1d,"['RSI_OVERSOLD', 'engulfing', 'RSI_OVERSOLD', 'rebound', 'RSI_OVERSOLD']","[450, 448, 379, 376, 231]"
sp500,MAT,1d,"['RSI_OVERSOLD', 'rebound', 'piercing_line', 'RSI_OVERSOLD', 'RSI_OVERSOLD']","[379, 376, 375, 303, 164]"
sp500,MATW,1d,"['engulfing', 'RSI_OVERSOLD', 'RSI_OVERSOLD', 'engulfing', 'RSI_OVERSOLD']","[520, 41, 35, 30, 21]"
sp500,MATX,1d,"['inverted_hammer', 'hammer', 'piercing_line', 'RSI_OVERSOLD', 'engulfing']","[786, 392, 375, 248, 147]"
sp500,MBC,1d,"['RSI_OVERSOLD', 'rebound', 'RSI_OVERSOLD, rebound', 'RSI_OVERSOLD', 'RSI_OVERSOLD']","[404, 401, 376, 230, 17]"
sp500,MBGL,1d,['RSI_OVERSOLD'],[8]
sp500,MBIN,1d,"['RSI_OVERSOLD', 'RSI_OVERSOLD', 'RSI_OVERSOLD', 'inverted_hammer', 'RSI_OVERSOLD']","[1008, 897, 485, 484, 297]"
sp500,MC,1d,"['rebound', 'RSI_OVERSOLD', 'hammer', 'rebound', 'RSI_OVERSOLD']","[379, 157, 147, 144, 15]"
sp500,MCD,1d,"['RSI_OVERSOLD', 'RSI_OVERSOLD', 'hammer', 'RSI_OVERSOLD', 'RSI_OVERSOLD']","[629, 594, 334, 104, 10]"
sp500,MCHP,1d,"['RSI_OVERSOLD', 'hammer', 'RSI_OVERSOLD', 'RSI_OVERSOLD', 'RSI_OVERSOLD']","[292, 228, 227, 148, 144]"
sp500,MCK,1d,"['inverted_hammer', 'RSI_OVERSOLD, rebound', 'RSI_OVERSOLD', 'RSI_OVERSOLD', 'rebound']","[520, 510, 116, 110, 106]"
sp500,MCO,1d,"['RSI_OVERSOLD', 'RSI_OVERSOLD', 'RSI_OVERSOLD', 'rebound', 'RSI_OVERSOLD']","[760, 378, 170, 165, 3]"
sp500,MCRI,1d,"['engulfing', 'hammer', 'RSI_OVERSOLD', 'RSI_OVERSOLD', 'engulfing']","[852, 763, 743, 619, 618]"
sp500,MCY,1d,"['rebound', 'inverted_hammer', 'inverted_hammer', 'RSI_OVERSOLD', 'hammer']","[1048, 783, 579, 378, 232]"
sp500,MD,1d,"['RSI_OVERSOLD', 'RSI_OVERSOLD', 'hammer', 'RSI_OVERSOLD', 'engulfing']","[733, 723, 603, 597, 595]"
sp500,MDLZ,1d,"['RSI_OVERSOLD', 'rebound', 'hammer', 'inverted_hammer', 'RSI_OVERSOLD']","[450, 435, 206, 75, 5]"
sp500,MDT,1d,"['RSI_OVERSOLD', 'RSI_OVERSOLD', 'RSI_OVERSOLD', 'rebound', 'inverted_hammer']","[117, 111, 108, 104, 5]"
sp500,MDU,1d,"['hammer', 'RSI_OVERSOLD', 'inverted_hammer', 'RSI_OVERSOLD', 'RSI_OVERSOLD']","[779, 756, 22, 17, 13]"
sp500,MEDP,1d,"['hammer', 'RSI_OVERSOLD', 'RSI_OVERSOLD', 'rebound', 'RSI_OVERSOLD']","[382, 376, 166, 165, 115]"
sp500,MET,1d,"['rebound', 'engulfing', 'RSI_OVERSOLD', 'hammer', 'RSI_OVERSOLD']","[896, 893, 856, 580, 378]"
sp500,META,1d,"['engulfing', 'RSI_OVERSOLD', 'inverted_hammer', 'rebound', 'RSI_OVERSOLD']","[377, 233, 231, 221, 134]"
sp500,MFP,1d,,
sp500,MGEE,1d,"['RSI_OVERSOLD', 'RSI_OVERSOLD', 'RSI_OVERSOLD', 'rebound', 'piercing_line']","[145, 140, 14, 10, 8]"
sp500,MGM,1d,"['RSI_OVERSOLD', 'hammer', 'rebound', 'RSI_OVERSOLD', 'rebound']","[21, 20, 15, 10, 9]"
sp500,MGY,1d,"['rebound', 'inverted_hammer', 'inverted_hammer', 'RSI_OVERSOLD', 'hammer']","[1655, 1077, 910, 378, 76]"
sp500,MHK,1d,"['RSI_OVERSOLD', 'RSI_OVERSOLD', 'RSI_OVERSOLD', 'engulfing', 'RSI_OVERSOLD']","[748, 737, 487, 448, 149]"
sp500,MHO,1d,"['RSI_OVERSOLD', 'RSI_OVERSOLD', 'RSI_OVERSOLD', 'inverted_hammer', 'rebound']","[1080, 755, 450, 448, 436]"
sp500,MIDD,1d,"['RSI_OVERSOLD', 'rebound', 'rebound', 'hammer', 'RSI_OVERSOLD']","[229, 221, 219, 147, 36]"
sp500,MIR,1d,"['RSI_OVERSOLD', 'engulfing', 'RSI_OVERSOLD', 'hammer', 'RSI_OVERSOLD']","[1106, 1104, 983, 519, 164]"
sp500,MKC,1d,"['RSI_OVERSOLD', 'engulfing', 'RSI_OVERSOLD', 'RSI_OVERSOLD', 'rebound']","[131, 15, 13, 5, 4]"
sp500,MKSI,1d,"['RSI_OVERSOLD', 'rebound', 'RSI_OVERSOLD', 'engulfing', 'RSI_OVERSOLD']","[404, 397, 379, 377, 49]"
sp500,MKTX,1d,"['RSI_OVERSOLD', 'RSI_OVERSOLD', 'rebound', 'engulfing', 'rebound']","[107, 103, 101, 94, 92]"
sp500,MLI,1d,"['hammer', 'RSI_OVERSOLD', 'hammer', 'RSI_OVERSOLD', 'RSI_OVERSOLD']","[1019, 772, 378, 138, 68]"
sp500,MLKN,1d,"['rebound', 'RSI_OVERSOLD', 'RSI_OVERSOLD', 'hammer', 'RSI_OVERSOLD']","[378, 376, 260, 148, 134]"
sp500,MLM,1d,"['piercing_line', 'RSI_OVERSOLD', 'RSI_OVERSOLD, rebound', 'RSI_OVERSOLD', 'inverted_hammer']","[448, 408, 398, 144, 98]"
sp500,MMI,1d,"['RSI_OVERSOLD', 'hammer', 'engulfing', 'hammer', 'RSI_OVERSOLD']","[755, 643, 435, 254, 252]"
sp500,MMM,1d,"['RSI_OVERSOLD', 'RSI_OVERSOLD', 'RSI_OVERSOLD', 'hammer', 'RSI_OVERSOLD']","[679, 488, 378, 148, 20]"
sp500,MMS,1d,"['inverted_hammer', 'RSI_OVERSOLD', 'RSI_OVERSOLD', 'RSI_OVERSOLD', 'RSI_OVERSOLD']","[166, 164, 136, 101, 76]"
sp500,MMSI,1d,"['RSI_OVERSOLD', 'RSI_OVERSOLD', 'RSI_OVERSOLD', 'RSI_OVERSOLD', 'RSI_OVERSOLD']","[376, 309, 148, 140, 138]"
sp500,MNST,1d,"['RSI_OVERSOLD', 'RSI_OVERSOLD', 'RSI_OVERSOLD', 'rebound', 'RSI_OVERSOLD']","[433, 428, 420, 419, 20]"
sp500,MO,1d,"['RSI_OVERSOLD', 'rebound', 'RSI_OVERSOLD', 'RSI_OVERSOLD', 'RSI_OVERSOLD']","[1083, 1077, 738, 234, 189]"
sp500,MOG-A,1d,"['RSI_OVERSOLD', 'engulfing', 'RSI_OVERSOLD', 'RSI_OVERSOLD', 'hammer']","[450, 448, 426, 378, 144]"
sp500,MOH,1d,"['engulfing', 'rebound', 'rebound', 'RSI_OVERSOLD', 'RSI_OVERSOLD']","[314, 308, 307, 239, 167]"
sp500,MORN,1d,"['rebound', 'RSI_OVERSOLD', 'RSI_OVERSOLD', 'RSI_OVERSOLD', 'rebound']","[267, 264, 235, 170, 165]"
sp500,MOS,1d,"['RSI_OVERSOLD', 'RSI_OVERSOLD', 'RSI_OVERSOLD', 'RSI_OVERSOLD', 'hammer']","[521, 376, 294, 82, 4]"
sp500,MP,1d,"['RSI_OVERSOLD', 'RSI_OVERSOLD', 'RSI_OVERSOLD', 'RSI_OVERSOLD', 'RSI_OVERSOLD']","[579, 573, 546, 52, 49]"
sp500,MPC,1d,"['inverted_hammer, RSI_OVERSOLD', 'RSI_OVERSOLD', 'RSI_OVERSOLD', 'RSI_OVERSOLD', 'hammer']","[564, 452, 378, 201, 76]"
sp500,MPT,1d,"['RSI_OVERSOLD', 'RSI_OVERSOLD', 'RSI_OVERSOLD', 'RSI_OVERSOLD', 'rebound']","[75, 41, 19, 13, 3]"
sp500,MPWR,1d,"['inverted_hammer', 'engulfing', 'RSI_OVERSOLD', 'RSI_OVERSOLD', 'RSI_OVERSOLD']","[766, 481, 476, 378, 376]"
sp500,MRCY,1d,"['RSI_OVERSOLD', 'RSI_OVERSOLD', 'RSI_OVERSOLD', 'inverted_hammer', 'inverted_hammer']","[729, 668, 576, 484, 220]"
sp500,MRK,1d,"['rebound', 'RSI_OVERSOLD', 'inverted_hammer', 'rebound', 'RSI_OVERSOLD']","[472, 419, 417, 411, 378]"
sp500,MRNA,1d,"['rebound', 'hammer', 'RSI_OVERSOLD', 'engulfing', 'hammer']","[476, 382, 378, 377, 276]"
sp500,MRP,1d,"['RSI_OVERSOLD', 'RSI_OVERSOLD', 'RSI_OVERSOLD', 'RSI_OVERSOLD', 'rebound']","[222, 220, 105, 10, 3]"
sp500,MRSH,1d,"['RSI_OVERSOLD', 'RSI_OVERSOLD', 'rebound', 'RSI_OVERSOLD', 'piercing_line']","[270, 244, 232, 11, 6]"
sp500,MRTN,1d,"['RSI_OVERSOLD', 'RSI_OVERSOLD', 'RSI_OVERSOLD', 'RSI_OVERSOLD', 'RSI_OVERSOLD']","[447, 377, 297, 238, 144]"
sp500,MRVL,1d,"['hammer', 'RSI_OVERSOLD', 'hammer', 'engulfing', 'inverted_hammer']","[398, 379, 284, 276, 180]"
sp500,MS,1d,"['inverted_hammer', 'RSI_OVERSOLD', 'hammer', 'RSI_OVERSOLD', 'RSI_OVERSOLD, rebound']","[786, 743, 398, 397, 378]"
sp500,MSA,1d,"['inverted_hammer', 'RSI_OVERSOLD', 'RSI_OVERSOLD', 'hammer', 'RSI_OVERSOLD']","[1115, 1112, 378, 232, 134]"
sp500,MSCI,1d,"['RSI_OVERSOLD', 'RSI_OVERSOLD', 'engulfing', 'inverted_hammer', 'RSI_OVERSOLD']","[616, 378, 242, 211, 165]"
sp500,MSEX,1d,"['rebound', 'rebound', 'hammer', 'RSI_OVERSOLD', 'inverted_hammer']","[760, 657, 453, 351, 298]"
sp500,MSFT,1d,"['RSI_OVERSOLD', 'RSI_OVERSOLD', 'RSI_OVERSOLD, rebound', 'RSI_OVERSOLD', 'RSI_OVERSOLD']","[378, 179, 170, 136, 72]"
sp500,MSGS,1d,"['RSI_OVERSOLD', 'engulfing', 'RSI_OVERSOLD', 'RSI_OVERSOLD', 'RSI_OVERSOLD']","[1013, 893, 417, 397, 378]"
sp500,MSI,1d,"['inverted_hammer', 'RSI_OVERSOLD', 'rebound', 'RSI_OVERSOLD', 'engulfing']","[234, 233, 223, 104, 101]"
sp500,MSM,1d,"['RSI_OVERSOLD', 'RSI_OVERSOLD', 'RSI_OVERSOLD', 'RSI_OVERSOLD, rebound', 'piercing_line']","[688, 592, 588, 579, 578]"
sp500,MTB,1d,"['piercing_line', 'RSI_OVERSOLD', 'rebound', 'hammer, RSI_OVERSOLD', 'RSI_OVERSOLD']","[448, 401, 395, 378, 244]"
sp500,MTCH,1d,"['RSI_OVERSOLD', 'RSI_OVERSOLD, rebound', 'engulfing', 'RSI_OVERSOLD', 'engulfing']","[747, 734, 643, 478, 476]"
sp500,MTD,1d,"['RSI_OVERSOLD', 'engulfing', 'rebound', 'RSI_OVERSOLD', 'inverted_hammer']","[150, 147, 144, 103, 24]"
sp500,MTDR,1d,"['RSI_OVERSOLD', 'RSI_OVERSOLD', 'RSI_OVERSOLD', 'RSI_OVERSOLD', 'RSI_OVERSOLD']","[521, 508, 402, 378, 230]"
sp500,MTG,1d,"['RSI_OVERSOLD', 'RSI_OVERSOLD', 'engulfing', 'RSI_OVERSOLD', 'engulfing']","[1080, 897, 448, 184, 181]"
sp500,MTH,1d,"['hammer', 'engulfing', 'RSI_OVERSOLD', 'hammer', 'RSI_OVERSOLD']","[148, 147, 140, 139, 19]"
sp500,MTN,1d,"['RSI_OVERSOLD', 'rebound', 'RSI_OVERSOLD', 'RSI_OVERSOLD', 'engulfing']","[615, 611, 584, 377, 269]"
sp500,MTRN,1d,"['hammer', 'RSI_OVERSOLD', 'inverted_hammer', 'RSI_OVERSOLD', 'RSI_OVERSOLD']","[546, 450, 448, 379, 49]"
sp500,MTSI,1d,"['RSI_OVERSOLD', 'rebound', 'RSI_OVERSOLD', 'RSI_OVERSOLD', 'RSI_OVERSOLD']","[1177, 1176, 1080, 738, 292]"
sp500,MTUS,1d,"['RSI_OVERSOLD', 'inverted_hammer', 'RSI_OVERSOLD', 'hammer', 'RSI_OVERSOLD']","[859, 743, 541, 378, 156]"
sp500,MTX,1d,"['inverted_hammer', 'engulfing', 'RSI_OVERSOLD', 'engulfing', 'inverted_hammer']","[683, 540, 363, 361, 328]"
sp500,MTZ,1d,"['engulfing', 'RSI_OVERSOLD', 'RSI_OVERSOLD', 'hammer', 'RSI_OVERSOLD']","[406, 397, 49, 26, 14]"
sp500,MU,1d,"['RSI_OVERSOLD', 'engulfing', 'RSI_OVERSOLD', 'RSI_OVERSOLD', 'hammer']","[1013, 1012, 546, 379, 308]"
sp500,MUR,1d,"['hammer', 'RSI_OVERSOLD', 'RSI_OVERSOLD', 'piercing_line', 'RSI_OVERSOLD']","[451, 450, 423, 420, 378]"
sp500,MUSA,1d,"['hammer', 'RSI_OVERSOLD', 'RSI_OVERSOLD', 'RSI_OVERSOLD', 'RSI_OVERSOLD']","[509, 408, 329, 298, 42]"
sp500,MWA,1d,"['hammer', 'RSI_OVERSOLD', 'engulfing', 'RSI_OVERSOLD', 'piercing_line']","[437, 224, 221, 14, 4]"
sp500,MXL,1d,"['hammer', 'RSI_OVERSOLD', 'piercing_line', 'RSI_OVERSOLD', 'RSI_OVERSOLD']","[683, 671, 640, 587, 552]"
sp500,MYRG,1d,"['RSI_OVERSOLD', 'RSI_OVERSOLD', 'RSI_OVERSOLD', 'engulfing', 'RSI_OVERSOLD']","[408, 397, 50, 46, 25]"
sp500,MZTI,1d,"['RSI_OVERSOLD', 'RSI_OVERSOLD', 'RSI_OVERSOLD, rebound', 'rebound', 'hammer']","[133, 117, 108, 59, 16]"
sp500,NABL,1d,"['RSI_OVERSOLD, rebound', 'hammer', 'RSI_OVERSOLD', 'RSI_OVERSOLD', 'engulfing']","[159, 153, 124, 102, 39]"
sp500,NATL,1d,"['engulfing', 'RSI_OVERSOLD', 'engulfing']","[646, 402, 399]"
sp500,NAVI,1d,"['engulfing', 'RSI_OVERSOLD', 'RSI_OVERSOLD', 'engulfing', 'hammer']","[481, 378, 174, 161, 153]"
sp500,NBHC,1d,"['RSI_OVERSOLD', 'hammer', 'rebound', 'inverted_hammer', 'RSI_OVERSOLD']","[860, 686, 379, 298, 138]"
sp500,NBIX,1d,"['RSI_OVERSOLD', 'rebound', 'RSI_OVERSOLD', 'engulfing', 'RSI_OVERSOLD']","[378, 375, 163, 7, 6]"
sp500,NBTB,1d,"['RSI_OVERSOLD', 'RSI_OVERSOLD', 'RSI_OVERSOLD', 'RSI_OVERSOLD', 'RSI_OVERSOLD']","[929, 896, 861, 397, 379]"
sp500,NCLH,1d,"['rebound', 'RSI_OVERSOLD', 'RSI_OVERSOLD', 'RSI_OVERSOLD', 'inverted_hammer']","[396, 379, 231, 25, 21]"
sp500,NDAQ,1d,"['RSI_OVERSOLD', 'RSI_OVERSOLD', 'inverted_hammer', 'rebound', 'RSI_OVERSOLD']","[376, 170, 165, 164, 72]"
sp500,NDSN,1d,"['RSI_OVERSOLD', 'rebound', 'hammer', 'RSI_OVERSOLD', 'rebound']","[454, 449, 436, 379, 377]"
sp500,NE,1d,"['engulfing', 'RSI_OVERSOLD', 'rebound', 'piercing_line, rebound', 'RSI_OVERSOLD']","[399, 379, 378, 377, 73]"
sp500,NEE,1d,"['RSI_OVERSOLD', 'RSI_OVERSOLD', 'hammer, rebound', 'RSI_OVERSOLD', 'engulfing']","[450, 436, 435, 27, 4]"
sp500,NEM,1d,"['RSI_OVERSOLD', 'RSI_OVERSOLD', 'RSI_OVERSOLD', 'RSI_OVERSOLD', 'inverted_hammer']","[678, 656, 450, 139, 73]"
sp500,NEO,1d,"['RSI_OVERSOLD', 'hammer', 'RSI_OVERSOLD', 'engulfing', 'RSI_OVERSOLD']","[362, 361, 300, 297, 160]"
sp500,NEOG,1d,"['RSI_OVERSOLD', 'RSI_OVERSOLD', 'engulfing', 'RSI_OVERSOLD, rebound', 'rebound']","[498, 459, 451, 378, 375]"
sp500,NEU,1d,"['RSI_OVERSOLD', 'RSI_OVERSOLD', 'engulfing', 'RSI_OVERSOLD', 'RSI_OVERSOLD']","[614, 591, 298, 182, 163]"
sp500,NFG,1d,"['hammer', 'engulfing', 'RSI_OVERSOLD', 'RSI_OVERSOLD', 'inverted_hammer']","[853, 232, 229, 109, 14]"
sp500,NFLX,1d,"['rebound', 'rebound', 'RSI_OVERSOLD', 'rebound', 'engulfing']","[179, 170, 78, 75, 55]"
sp500,NGVT,1d,"['RSI_OVERSOLD', 'RSI_OVERSOLD', 'hammer', 'RSI_OVERSOLD', 'engulfing']","[545, 520, 440, 229, 147]"
sp500,NHC,1d,"['inverted_hammer', 'inverted_hammer', 'inverted_hammer, RSI_OVERSOLD', 'rebound', 'RSI_OVERSOLD']","[1274, 449, 448, 438, 407]"
sp500,NHI,1d,"['engulfing', 'RSI_OVERSOLD', 'inverted_hammer', 'hammer', 'RSI_OVERSOLD']","[14, 13, 6, 4, 2]"
sp500,NI,1d,"['rebound', 'piercing_line', 'RSI_OVERSOLD', 'RSI_OVERSOLD', 'RSI_OVERSOLD']","[756, 755, 44, 41, 10]"
sp500,NIC,1d,"['engulfing', 'RSI_OVERSOLD', 'rebound', 'inverted_hammer', 'inverted_hammer']","[894, 892, 889, 620, 396]"
sp500,NJR,1d,"['inverted_hammer', 'hammer', 'RSI_OVERSOLD', 'RSI_OVERSOLD', 'RSI_OVERSOLD']","[1289, 1080, 1079, 1007, 775]"
sp500,NKE,1d,"['RSI_OVERSOLD', 'RSI_OVERSOLD', 'RSI_OVERSOLD, rebound', 'inverted_hammer', 'RSI_OVERSOLD, rebound']","[198, 145, 130, 99, 3]"
sp500,NLY,1d,"['RSI_OVERSOLD', 'hammer', 'RSI_OVERSOLD', 'RSI_OVERSOLD', 'rebound']","[374, 147, 138, 17, 9]"
sp500,NMIH,1d,"['engulfing', 'RSI_OVERSOLD', 'RSI_OVERSOLD', 'RSI_OVERSOLD', 'RSI_OVERSOLD']","[485, 482, 377, 252, 184]"
sp500,NNN,1d,"['RSI_OVERSOLD', 'RSI_OVERSOLD', 'rebound', 'inverted_hammer', 'hammer']","[438, 377, 375, 21, 10]"
sp500,NOC,1d,"['RSI_OVERSOLD', 'RSI_OVERSOLD', 'rebound', 'RSI_OVERSOLD', 'RSI_OVERSOLD']","[410, 117, 107, 87, 5]"
sp500,NOG,1d,"['rebound', 'RSI_OVERSOLD', 'rebound', 'RSI_OVERSOLD', 'RSI_OVERSOLD']","[402, 379, 377, 92, 70]"
sp500,NOV,1d,"['inverted_hammer', 'RSI_OVERSOLD', 'RSI_OVERSOLD', 'hammer', 'engulfing']","[452, 450, 378, 73, 4]"
sp500,NOVT,1d,"['RSI_OVERSOLD, rebound', 'rebound', 'RSI_OVERSOLD', 'hammer', 'hammer']","[379, 377, 258, 147, 13]"
sp500,NOW,1d,"['RSI_OVERSOLD', 'hammer, RSI_OVERSOLD, rebound', 'rebound', 'engulfing', 'RSI_OVERSOLD']","[203, 173, 167, 166, 125]"
sp500,NPK,1d,"['RSI_OVERSOLD', 'inverted_hammer', 'hammer', 'RSI_OVERSOLD', 'inverted_hammer']","[1020, 782, 779, 595, 215]"
sp500,NPO,1d,"['RSI_OVERSOLD', 'inverted_hammer', 'inverted_hammer', 'RSI_OVERSOLD', 'RSI_OVERSOLD']","[735, 618, 448, 436, 379]"
sp500,NRG,1d,"['RSI_OVERSOLD', 'RSI_OVERSOLD', 'RSI_OVERSOLD', 'engulfing', 'hammer']","[1234, 1232, 961, 396, 97]"
sp500,NSC,1d,"['RSI_OVERSOLD', 'inverted_hammer', 'RSI_OVERSOLD', 'RSI_OVERSOLD', 'RSI_OVERSOLD']","[571, 451, 450, 378, 13]"
sp500,NSIT,1d,"['RSI_OVERSOLD', 'rebound', 'rebound', 'engulfing', 'RSI_OVERSOLD']","[235, 231, 228, 201, 138]"
sp500,NSP,1d,"['RSI_OVERSOLD', 'RSI_OVERSOLD', 'RSI_OVERSOLD, rebound', 'RSI_OVERSOLD', 'rebound']","[297, 235, 231, 165, 163]"
sp500,NSSC,1d,"['hammer', 'RSI_OVERSOLD', 'RSI_OVERSOLD', 'RSI_OVERSOLD', 'inverted_hammer']","[649, 523, 481, 421, 180]"
sp500,NTAP,1d,"['inverted_hammer', 'RSI_OVERSOLD', 'RSI_OVERSOLD', 'rebound', 'RSI_OVERSOLD']","[489, 403, 379, 377, 180]"
sp500,NTCT,1d,"['inverted_hammer', 'RSI_OVERSOLD', 'hammer', 'hammer', 'RSI_OVERSOLD']","[585, 579, 519, 403, 378]"
sp500,NTNX,1d,"['RSI_OVERSOLD', 'RSI_OVERSOLD', 'rebound', 'RSI_OVERSOLD', 'rebound']","[378, 220, 215, 181, 173]"
sp500,NTRS,1d,"['RSI_OVERSOLD', 'RSI_OVERSOLD', 'hammer', 'RSI_OVERSOLD', 'rebound']","[861, 755, 672, 379, 377]"
sp500,NTST,1d,"['inverted_hammer', 'RSI_OVERSOLD', 'RSI_OVERSOLD', 'RSI_OVERSOLD', 'RSI_OVERSOLD']","[512, 450, 439, 15, 8]"
sp500,NUE,1d,"['RSI_OVERSOLD', 'piercing_line', 'engulfing', 'RSI_OVERSOLD', 'piercing_line']","[379, 377, 262, 138, 4]"
sp500,NVDA,1d,"['inverted_hammer, RSI_OVERSOLD', 'RSI_OVERSOLD', 'engulfing', 'RSI_OVERSOLD', 'piercing_line']","[1181, 1027, 1017, 378, 377]"
sp500,NVR,1d,"['RSI_OVERSOLD', 'RSI_OVERSOLD', 'piercing_line', 'hammer', 'hammer']","[411, 408, 247, 161, 2]"
sp500,NVST,1d,"['engulfing', 'RSI_OVERSOLD', 'inverted_hammer', 'hammer', 'RSI_OVERSOLD']","[398, 396, 228, 97, 14]"
sp500,NVT,1d,"['RSI_OVERSOLD', 'engulfing', 'RSI_OVERSOLD', 'hammer', 'engulfing']","[545, 396, 379, 378, 377]"
sp500,NWBI,1d,"['rebound', 'RSI_OVERSOLD', 'RSI_OVERSOLD', 'RSI_OVERSOLD', 'RSI_OVERSOLD']","[896, 859, 449, 378, 299]"
sp500,NWE,1d,"['RSI_OVERSOLD', 'inverted_hammer', 'engulfing', 'RSI_OVERSOLD', 'inverted_hammer']","[1007, 846, 842, 682, 452]"
sp500,NWL,1d,"['RSI_OVERSOLD', 'RSI_OVERSOLD', 'rebound', 'engulfing', 'RSI_OVERSOLD']","[417, 379, 377, 243, 233]"
sp500,NWN,1d,"['engulfing', 'RSI_OVERSOLD', 'inverted_hammer', 'hammer', 'RSI_OVERSOLD']","[682, 666, 593, 336, 106]"
sp500,NWS,1d,"['hammer', 'hammer', 'inverted_hammer', 'RSI_OVERSOLD', 'rebound']","[1080, 909, 900, 169, 167]"
sp500,NWSA,1d,"['engulfing', 'RSI_OVERSOLD', 'RSI_OVERSOLD', 'rebound', 'RSI_OVERSOLD']","[448, 378, 168, 167, 163]"
sp500,NX,1d,"['RSI_OVERSOLD', 'RSI_OVERSOLD', 'RSI_OVERSOLD', 'RSI_OVERSOLD', 'RSI_OVERSOLD']","[570, 450, 422, 272, 148]"
sp500,NXPI,1d,"['RSI_OVERSOLD', 'RSI_OVERSOLD', 'engulfing', 'RSI_OVERSOLD', 'RSI_OVERSOLD']","[379, 219, 147, 144, 47]"
sp500,NXRT,1d,"['RSI_OVERSOLD', 'rebound', 'RSI_OVERSOLD', 'rebound', 'rebound']","[129, 20, 15, 6, 5]"
sp500,NXST,1d,"['RSI_OVERSOLD', 'RSI_OVERSOLD', 'hammer', 'RSI_OVERSOLD', 'RSI_OVERSOLD']","[90, 77, 75, 72, 13]"
sp500,NXT,1d,"['RSI_OVERSOLD', 'RSI_OVERSOLD', 'RSI_OVERSOLD', 'RSI_OVERSOLD']","[753, 623, 545, 522]"
sp500,NYT,1d,"['hammer', 'inverted_hammer', 'hammer', 'hammer', 'RSI_OVERSOLD']","[897, 896, 661, 303, 301]"
sp500,O,1d,"['RSI_OVERSOLD', 'hammer', 'RSI_OVERSOLD', 'RSI_OVERSOLD', 'inverted_hammer']","[736, 480, 479, 450, 377]"
sp500,OC,1d,"['RSI_OVERSOLD', 'hammer', 'RSI_OVERSOLD', 'inverted_hammer', 'RSI_OVERSOLD']","[151, 148, 138, 98, 12]"
sp500,ODFL,1d,"['hammer', 'RSI_OVERSOLD', 'RSI_OVERSOLD', 'RSI_OVERSOLD', 'inverted_hammer']","[523, 299, 297, 25, 15]"
sp500,OFG,1d,"['rebound', 'rebound', 'RSI_OVERSOLD', 'RSI_OVERSOLD', 'hammer']","[883, 880, 397, 177, 148]"
sp500,OGE,1d,"['RSI_OVERSOLD', 'RSI_OVERSOLD', 'RSI_OVERSOLD', 'hammer', 'RSI_OVERSOLD']","[844, 789, 756, 232, 9]"
sp500,OGN,1d,"['engulfing', 'RSI_OVERSOLD', 'piercing_line', 'engulfing', 'RSI_OVERSOLD']","[239, 237, 234, 229, 138]"
sp500,OGS,1d,"['engulfing', 'inverted_hammer', 'engulfing', 'RSI_OVERSOLD', 'hammer']","[480, 457, 452, 91, 4]"
sp500,OHI,1d,"['rebound', 'rebound', 'RSI_OVERSOLD', 'RSI_OVERSOLD', 'engulfing']","[1255, 1240, 1011, 131, 130]"
sp500,OI,1d,"['RSI_OVERSOLD', 'RSI_OVERSOLD', 'rebound', 'rebound', 'RSI_OVERSOLD']","[155, 151, 147, 142, 111]"
sp500,OII,1d,"['RSI_OVERSOLD', 'RSI_OVERSOLD', 'RSI_OVERSOLD', 'rebound', 'RSI_OVERSOLD']","[1079, 407, 402, 400, 378]"
sp500,OKE,1d,"['RSI_OVERSOLD', 'RSI_OVERSOLD', 'RSI_OVERSOLD', 'RSI_OVERSOLD', 'RSI_OVERSOLD']","[1077, 1012, 892, 851, 378]"
sp500,OKTA,1d,"['hammer', 'inverted_hammer', 'inverted_hammer', 'RSI_OVERSOLD', 'RSI_OVERSOLD']","[322, 224, 172, 157, 124]"
sp500,OLED,1d,"['inverted_hammer', 'RSI_OVERSOLD', 'RSI_OVERSOLD', 'RSI_OVERSOLD', 'engulfing']","[448, 379, 295, 227, 147]"
sp500,OLLI,1d,"['hammer', 'hammer', 'RSI_OVERSOLD', 'RSI_OVERSOLD', 'RSI_OVERSOLD']","[173, 157, 135, 103, 64]"
sp500,OLN,1d,"['RSI_OVERSOLD', 'inverted_hammer', 'RSI_OVERSOLD', 'RSI_OVERSOLD', 'RSI_OVERSOLD']","[378, 231, 76, 70, 6]"
sp500,OMC,1d,"['RSI_OVERSOLD', 'RSI_OVERSOLD', 'RSI_OVERSOLD', 'engulfing', 'RSI_OVERSOLD']","[805, 764, 457, 435, 170]"
sp500,OMCL,1d,"['RSI_OVERSOLD', 'RSI_OVERSOLD', 'RSI_OVERSOLD', 'RSI_OVERSOLD', 'hammer']","[376, 357, 168, 143, 81]"
sp500,ON,1d,"['RSI_OVERSOLD', 'rebound', 'RSI_OVERSOLD', 'engulfing', 'engulfing']","[416, 402, 379, 377, 147]"
sp500,ONB,1d,"['hammer', 'RSI_OVERSOLD', 'RSI_OVERSOLD', 'hammer', 'engulfing']","[519, 397, 379, 378, 377]"
sp500,ONTO,1d,"['hammer', 'engulfing', 'RSI_OVERSOLD', 'RSI_OVERSOLD', 'RSI_OVERSOLD']","[477, 471, 404, 379, 354]"
sp500,OPCH,1d,"['RSI_OVERSOLD', 'RSI_OVERSOLD', 'hammer', 'RSI_OVERSOLD', 'engulfing']","[739, 484, 111, 110, 108]"
sp500,OPLN,1d,"['inverted_hammer', 'RSI_OVERSOLD', 'RSI_OVERSOLD', 'RSI_OVERSOLD', 'RSI_OVERSOLD']","[1082, 1008, 229, 156, 35]"
sp500,ORA,1d,"['rebound', 'RSI_OVERSOLD', 'RSI_OVERSOLD', 'engulfing', 'RSI_OVERSOLD']","[436, 153, 70, 68, 50]"
sp500,ORCL,1d,"['RSI_OVERSOLD', 'rebound', 'RSI_OVERSOLD', 'RSI_OVERSOLD', 'RSI_OVERSOLD']","[171, 168, 65, 61, 58]"
sp500,ORI,1d,"['RSI_OVERSOLD', 'RSI_OVERSOLD', 'RSI_OVERSOLD', 'inverted_hammer', 'engulfing']","[897, 235, 178, 89, 88]"
sp500,ORLY,1d,"['RSI_OVERSOLD', 'RSI_OVERSOLD', 'inverted_hammer', 'RSI_OVERSOLD', 'hammer']","[237, 199, 168, 138, 75]"
sp500,OSIS,1d,"['engulfing', 'RSI_OVERSOLD', 'RSI_OVERSOLD', 'RSI_OVERSOLD', 'RSI_OVERSOLD']","[1175, 1173, 737, 486, 107]"
sp500,OSK,1d,"['RSI_OVERSOLD', 'hammer', 'RSI_OVERSOLD', 'RSI_OVERSOLD', 'RSI_OVERSOLD']","[138, 104, 99, 97, 9]"
sp500,OSW,1d,"['inverted_hammer', 'RSI_OVERSOLD', 'RSI_OVERSOLD', 'engulfing', 'RSI_OVERSOLD']","[399, 397, 25, 20, 19]"
sp500,OTIS,1d,"['RSI_OVERSOLD', 'hammer, RSI_OVERSOLD', 'RSI_OVERSOLD', 'RSI_OVERSOLD', 'RSI_OVERSOLD']","[450, 437, 377, 304, 140]"
sp500,OTTR,1d,"['hammer', 'inverted_hammer', 'RSI_OVERSOLD', 'inverted_hammer', 'inverted_hammer']","[643, 641, 520, 453, 17]"
sp500,OUT,1d,"['engulfing', 'hammer', 'hammer', 'RSI_OVERSOLD', 'RSI_OVERSOLD']","[751, 591, 395, 378, 41]"
sp500,OVV,1d,"['RSI_OVERSOLD', 'RSI_OVERSOLD', 'RSI_OVERSOLD', 'RSI_OVERSOLD', 'inverted_hammer']","[710, 546, 520, 378, 246]"
sp500,OXY,1d,"['RSI_OVERSOLD', 'rebound', 'RSI_OVERSOLD', 'hammer', 'inverted_hammer']","[378, 376, 374, 119, 11]"
sp500,OZK,1d,"['engulfing', 'RSI_OVERSOLD', 'RSI_OVERSOLD', 'inverted_hammer', 'RSI_OVERSOLD']","[398, 396, 379, 241, 1]"
sp500,P,1d,"['hammer, RSI_OVERSOLD', 'rebound', 'piercing_line', 'hammer', 'RSI_OVERSOLD']","[382, 378, 377, 329, 219]"
sp500,PAG,1d,"['engulfing', 'hammer', 'hammer', 'RSI_OVERSOLD', 'RSI_OVERSOLD']","[390, 259, 191, 138, 6]"
sp500,PAHC,1d,"['inverted_hammer', 'RSI_OVERSOLD', 'engulfing, rebound', 'RSI_OVERSOLD', 'rebound']","[735, 728, 726, 104, 89]"
sp500,PANW,1d,"['inverted_hammer', 'RSI_OVERSOLD', 'RSI_OVERSOLD', 'RSI_OVERSOLD, rebound', 'inverted_hammer']","[220, 219, 170, 160, 158]"
sp500,PARR,1d,"['RSI_OVERSOLD', 'RSI_OVERSOLD', 'inverted_hammer', 'RSI_OVERSOLD', 'hammer']","[519, 509, 506, 401, 203]"
sp500,PATH,1d,"['RSI_OVERSOLD', 'RSI_OVERSOLD', 'RSI_OVERSOLD', 'RSI_OVERSOLD', 'hammer']","[297, 170, 161, 157, 155]"
sp500,PATK,1d,"['RSI_OVERSOLD', 'RSI_OVERSOLD', 'RSI_OVERSOLD', 'RSI_OVERSOLD', 'inverted_hammer']","[376, 134, 110, 18, 17]"
sp500,PAYC,1d,"['RSI_OVERSOLD', 'rebound', 'rebound', 'piercing_line', 'rebound']","[175, 173, 170, 169, 164]"
sp500,PAYO,1d,"['inverted_hammer, RSI_OVERSOLD', 'rebound', 'RSI_OVERSOLD', 'RSI_OVERSOLD', 'RSI_OVERSOLD']","[404, 397, 378, 229, 154]"
sp500,PAYX,1d,"['RSI_OVERSOLD', 'rebound', 'rebound', 'rebound', 'RSI_OVERSOLD']","[164, 158, 157, 156, 10]"
sp500,PB,1d,"['RSI_OVERSOLD', 'RSI_OVERSOLD', 'RSI_OVERSOLD', 'RSI_OVERSOLD', 'piercing_line, rebound']","[449, 401, 399, 11, 4]"
sp500,PBF,1d,"['engulfing', 'hammer', 'RSI_OVERSOLD', 'inverted_hammer', 'RSI_OVERSOLD']","[411, 403, 379, 207, 202]"
sp500,PBH,1d,"['RSI_OVERSOLD', 'RSI_OVERSOLD', 'RSI_OVERSOLD', 'RSI_OVERSOLD, rebound', 'RSI_OVERSOLD']","[293, 129, 103, 100, 13]"
sp500,PBI,1d,"['RSI_OVERSOLD', 'RSI_OVERSOLD', 'engulfing', 'RSI_OVERSOLD', 'RSI_OVERSOLD']","[859, 775, 770, 378, 233]"
sp500,PCAR,1d,"['inverted_hammer', 'RSI_OVERSOLD', 'RSI_OVERSOLD', 'RSI_OVERSOLD', 'RSI_OVERSOLD']","[1011, 618, 611, 377, 138]"
sp500,PCG,1d,"['RSI_OVERSOLD', 'rebound', 'RSI_OVERSOLD', 'rebound', 'RSI_OVERSOLD']","[436, 423, 335, 333, 26]"
sp500,PCRX,1d,"['RSI_OVERSOLD', 'RSI_OVERSOLD', 'RSI_OVERSOLD, rebound', 'inverted_hammer', 'RSI_OVERSOLD']","[758, 568, 541, 308, 182]"
sp500,PCTY,1d,"['rebound', 'RSI_OVERSOLD', 'RSI_OVERSOLD', 'rebound', 'rebound']","[233, 169, 167, 166, 157]"
sp500,PDFS,1d,"['RSI_OVERSOLD', 'RSI_OVERSOLD', 'RSI_OVERSOLD', 'RSI_OVERSOLD', 'RSI_OVERSOLD']","[739, 545, 412, 379, 291]"
sp500,PEB,1d,"['RSI_OVERSOLD', 'engulfing', 'rebound', 'RSI_OVERSOLD', 'rebound']","[406, 405, 394, 379, 377]"
sp500,PECO,1d,"['hammer', 'hammer', 'engulfing', 'RSI_OVERSOLD', 'engulfing']","[892, 854, 595, 16, 9]"
sp500,PEG,1d,"['RSI_OVERSOLD', 'RSI_OVERSOLD', 'rebound', 'rebound', 'RSI_OVERSOLD']","[16, 13, 9, 8, 5]"
sp500,PEGA,1d,"['RSI_OVERSOLD', 'RSI_OVERSOLD', 'rebound', 'RSI_OVERSOLD, rebound', 'RSI_OVERSOLD']","[179, 173, 170, 164, 77]"
sp500,PEN,1d,"['RSI_OVERSOLD', 'RSI_OVERSOLD', 'hammer', 'RSI_OVERSOLD', 'hammer']","[728, 577, 576, 300, 232]"
sp500,PENG,1d,"['RSI_OVERSOLD', 'RSI_OVERSOLD', 'RSI_OVERSOLD', 'RSI_OVERSOLD', 'RSI_OVERSOLD']","[625, 494, 376, 224, 222]"
sp500,PENN,1d,"['RSI_OVERSOLD', 'RSI_OVERSOLD', 'RSI_OVERSOLD', 'RSI_OVERSOLD', 'hammer']","[397, 378, 250, 229, 9]"
sp500,PEP,1d,"['piercing_line', 'RSI_OVERSOLD', 'rebound', 'engulfing', 'RSI_OVERSOLD']","[448, 439, 436, 187, 13]"
sp500,PFBC,1d,"['hammer', 'RSI_OVERSOLD', 'inverted_hammer', 'engulfing', 'RSI_OVERSOLD']","[859, 379, 328, 327, 177]"
sp500,PFE,1d,"['RSI_OVERSOLD', 'RSI_OVERSOLD, rebound', 'RSI_OVERSOLD', 'piercing_line, rebound', 'RSI_OVERSOLD']","[476, 472, 378, 375, 73]"
sp500,PFG,1d,"['hammer', 'RSI_OVERSOLD', 'RSI_OVERSOLD', 'engulfing', 'RSI_OVERSOLD']","[859, 756, 546, 480, 378]"
sp500,PFGC,1d,"['RSI_OVERSOLD', 'hammer', 'RSI_OVERSOLD', 'RSI_OVERSOLD', 'RSI_OVERSOLD']","[629, 398, 397, 188, 138]"
sp500,PFS,1d,"['inverted_hammer', 'RSI_OVERSOLD', 'piercing_line', 'RSI_OVERSOLD', 'RSI_OVERSOLD']","[741, 668, 448, 397, 378]"
sp500,PG,1d,"['RSI_OVERSOLD', 'RSI_OVERSOLD', 'RSI_OVERSOLD', 'hammer', 'RSI_OVERSOLD']","[479, 439, 436, 261, 208]"
sp500,PGNY,1d,"['RSI_OVERSOLD', 'RSI_OVERSOLD', 'RSI_OVERSOLD', 'RSI_OVERSOLD', 'RSI_OVERSOLD']","[619, 603, 543, 513, 153]"
sp500,PGR,1d,"['hammer', 'RSI_OVERSOLD', 'RSI_OVERSOLD', 'rebound', 'hammer, rebound']","[313, 244, 242, 234, 232]"
sp500,PH,1d,"['RSI_OVERSOLD', 'RSI_OVERSOLD', 'engulfing', 'inverted_hammer', 'RSI_OVERSOLD']","[394, 378, 377, 90, 89]"
sp500,PHIN,1d,"['RSI_OVERSOLD', 'inverted_hammer, RSI_OVERSOLD', 'RSI_OVERSOLD', 'RSI_OVERSOLD', 'hammer']","[448, 398, 138, 17, 13]"
sp500,PHM,1d,"['RSI_OVERSOLD', 'rebound', 'hammer', 'hammer', 'RSI_OVERSOLD']","[453, 449, 247, 199, 138]"
sp500,PI,1d,"['RSI_OVERSOLD', 'hammer', 'RSI_OVERSOLD', 'RSI_OVERSOLD', 'engulfing']","[379, 228, 166, 149, 147]"
sp500,PII,1d,"['RSI_OVERSOLD', 'hammer', 'RSI_OVERSOLD', 'engulfing', 'RSI_OVERSOLD']","[376, 152, 149, 17, 15]"
sp500,PINS,1d,"['RSI_OVERSOLD', 'RSI_OVERSOLD', 'rebound', 'rebound', 'RSI_OVERSOLD']","[230, 174, 169, 168, 20]"
sp500,PIPR,1d,"['rebound', 'RSI_OVERSOLD', 'hammer', 'RSI_OVERSOLD', 'RSI_OVERSOLD']","[398, 378, 147, 67, 6]"
sp500,PJT,1d,"['RSI_OVERSOLD', 'hammer', 'RSI_OVERSOLD', 'RSI_OVERSOLD', 'inverted_hammer']","[396, 394, 378, 15, 10]"
sp500,PK,1d,"['engulfing', 'RSI_OVERSOLD, rebound', 'RSI_OVERSOLD, rebound', 'rebound', 'RSI_OVERSOLD']","[400, 394, 379, 375, 231]"
sp500,PKG,1d,"['RSI_OVERSOLD', 'engulfing', 'RSI_OVERSOLD', 'RSI_OVERSOLD', 'RSI_OVERSOLD']","[449, 448, 424, 377, 139]"
sp500,PLAB,1d,"['RSI_OVERSOLD', 'RSI_OVERSOLD', 'RSI_OVERSOLD', 'RSI_OVERSOLD', 'RSI_OVERSOLD']","[767, 406, 404, 402, 90]"
sp500,PLD,1d,"['RSI_OVERSOLD', 'RSI_OVERSOLD, rebound', 'rebound', 'inverted_hammer', 'RSI_OVERSOLD']","[394, 379, 377, 45, 5]"
sp500,PLMR,1d,"['inverted_hammer', 'inverted_hammer', 'hammer', 'RSI_OVERSOLD', 'RSI_OVERSOLD']","[267, 266, 140, 107, 103]"
sp500,PLNT,1d,"['engulfing', 'engulfing', 'engulfing', 'RSI_OVERSOLD', 'RSI_OVERSOLD']","[104, 101, 38, 11, 7]"
sp500,PLTR,1d,"['RSI_OVERSOLD', 'RSI_OVERSOLD', 'rebound', 'hammer', 'RSI_OVERSOLD']","[173, 169, 168, 124, 72]"
sp500,PLUS,1d,"['hammer', 'RSI_OVERSOLD', 'engulfing', 'RSI_OVERSOLD, rebound', 'RSI_OVERSOLD']","[740, 481, 480, 474, 418]"
sp500,PLXS,1d,"['RSI_OVERSOLD', 'hammer', 'inverted_hammer', 'RSI_OVERSOLD', 'RSI_OVERSOLD']","[677, 675, 448, 378, 303]"
sp500,PM,1d,"['RSI_OVERSOLD', 'RSI_OVERSOLD', 'RSI_OVERSOLD', 'RSI_OVERSOLD', 'RSI_OVERSOLD']","[1491, 1218, 1151, 1010, 844]"
sp500,PMT,1d,"['inverted_hammer', 'RSI_OVERSOLD', 'inverted_hammer', 'RSI_OVERSOLD', 'rebound']","[140, 138, 16, 9, 4]"
sp500,PNC,1d,"['rebound', 'RSI_OVERSOLD', 'RSI_OVERSOLD', 'RSI_OVERSOLD', 'hammer']","[377, 248, 244, 11, 9]"
sp500,PNFP,1d,"['RSI_OVERSOLD', 'RSI_OVERSOLD', 'RSI_OVERSOLD', 'hammer, RSI_OVERSOLD', 'hammer']","[399, 397, 379, 302, 6]"
sp500,PNR,1d,"['rebound', 'RSI_OVERSOLD', 'RSI_OVERSOLD', 'inverted_hammer', 'rebound']","[96, 59, 57, 25, 10]"
sp500,PNW,1d,"['RSI_OVERSOLD', 'RSI_OVERSOLD', 'RSI_OVERSOLD', 'engulfing', 'RSI_OVERSOLD']","[450, 439, 436, 46, 13]"
sp500,PODD,1d,"['rebound', 'RSI_OVERSOLD', 'RSI_OVERSOLD, rebound', 'RSI_OVERSOLD', 'hammer']","[133, 107, 101, 91, 4]"
sp500,POOL,1d,"['hammer', 'rebound', 'RSI_OVERSOLD', 'RSI_OVERSOLD', 'RSI_OVERSOLD']","[231, 229, 159, 107, 16]"
sp500,POR,1d,"['rebound', 'rebound', 'RSI_OVERSOLD', 'RSI_OVERSOLD', 'RSI_OVERSOLD, rebound']","[436, 435, 16, 9, 7]"
sp500,POST,1d,"['RSI_OVERSOLD', 'RSI_OVERSOLD', 'engulfing', 'RSI_OVERSOLD', 'RSI_OVERSOLD']","[144, 141, 139, 90, 41]"
sp500,POWI,1d,"['RSI_OVERSOLD', 'RSI_OVERSOLD', 'RSI_OVERSOLD, rebound', 'RSI_OVERSOLD', 'RSI_OVERSOLD, rebound']","[379, 298, 293, 259, 248]"
sp500,POWL,1d,"['RSI_OVERSOLD', 'RSI_OVERSOLD', 'hammer', 'RSI_OVERSOLD', 'RSI_OVERSOLD']","[1167, 1153, 65, 49, 25]"
sp500,PPC,1d,"['hammer', 'RSI_OVERSOLD', 'RSI_OVERSOLD, rebound', 'rebound', 'RSI_OVERSOLD']","[117, 111, 104, 101, 4]"
sp500,PPG,1d,"['RSI_OVERSOLD', 'inverted_hammer', 'inverted_hammer', 'RSI_OVERSOLD', 'RSI_OVERSOLD']","[378, 298, 234, 148, 146]"
sp500,PPL,1d,"['RSI_OVERSOLD', 'RSI_OVERSOLD', 'piercing_line', 'RSI_OVERSOLD', 'RSI_OVERSOLD']","[758, 754, 449, 210, 104]"
sp500,PPLI,1d,"['RSI_OVERSOLD', 'inverted_hammer', 'RSI_OVERSOLD', 'RSI_OVERSOLD', 'inverted_hammer']","[483, 378, 295, 168, 9]"
sp500,PR,1d,"['RSI_OVERSOLD', 'RSI_OVERSOLD', 'RSI_OVERSOLD', 'RSI_OVERSOLD', 'RSI_OVERSOLD']","[546, 520, 401, 397, 378]"
sp500,PRDO,1d,"['RSI_OVERSOLD', 'engulfing', 'piercing_line', 'RSI_OVERSOLD', 'rebound']","[858, 520, 405, 232, 217]"
sp500,PRG,1d,"['RSI_OVERSOLD', 'hammer', 'RSI_OVERSOLD', 'inverted_hammer', 'engulfing']","[762, 451, 410, 405, 220]"
sp500,PRGO,1d,"['RSI_OVERSOLD', 'RSI_OVERSOLD', 'rebound', 'RSI_OVERSOLD', 'rebound']","[262, 230, 220, 152, 148]"
sp500,PRGS,1d,"['RSI_OVERSOLD', 'rebound', 'RSI_OVERSOLD', 'rebound', 'engulfing']","[429, 427, 319, 313, 134]"
sp500,PRI,1d,"['RSI_OVERSOLD', 'engulfing', 'RSI_OVERSOLD', 'RSI_OVERSOLD', 'inverted_hammer']","[450, 448, 378, 11, 10]"
sp500,PRIM,1d,"['rebound', 'RSI_OVERSOLD', 'RSI_OVERSOLD', 'RSI_OVERSOLD', 'engulfing']","[1652, 1217, 1106, 407, 221]"
sp500,PRK,1d,"['rebound', 'RSI_OVERSOLD', 'RSI_OVERSOLD', 'RSI_OVERSOLD', 'RSI_OVERSOLD']","[1654, 1651, 929, 397, 379]"
sp500,PRKS,1d,"['RSI_OVERSOLD', 'RSI_OVERSOLD', 'RSI_OVERSOLD', 'engulfing', 'inverted_hammer']","[1083, 1080, 229, 221, 19]"
sp500,PRLB,1d,"['RSI_OVERSOLD', 'RSI_OVERSOLD', 'RSI_OVERSOLD', 'RSI_OVERSOLD', 'engulfing']","[796, 741, 739, 378, 377]"
sp500,PRSU,1d,"['RSI_OVERSOLD', 'RSI_OVERSOLD', 'hammer', 'engulfing', 'hammer']","[981, 865, 545, 544, 520]"
sp500,PRU,1d,"['RSI_OVERSOLD', 'RSI_OVERSOLD', 'inverted_hammer', 'RSI_OVERSOLD', 'hammer']","[450, 378, 180, 168, 148]"
sp500,PRVA,1d,"['hammer', 'RSI_OVERSOLD', 'inverted_hammer', 'RSI_OVERSOLD', 'RSI_OVERSOLD']","[631, 597, 298, 43, 13]"
sp500,PSA,1d,"['engulfing', 'RSI_OVERSOLD', 'RSI_OVERSOLD', 'hammer', 'RSI_OVERSOLD']","[736, 450, 376, 307, 138]"
sp500,PSKY,1d,"['RSI_OVERSOLD', 'hammer', 'engulfing', 'RSI_OVERSOLD', 'engulfing']","[228, 170, 163, 160, 44]"
sp500,PSMT,1d,"['RSI_OVERSOLD', 'RSI_OVERSOLD', 'RSI_OVERSOLD', 'RSI_OVERSOLD', 'hammer']","[1241, 735, 483, 435, 42]"
sp500,PSN,1d,"['piercing_line', 'RSI_OVERSOLD', 'RSI_OVERSOLD', 'RSI_OVERSOLD', 'RSI_OVERSOLD']","[401, 209, 164, 72, 49]"
sp500,PSX,1d,"['hammer', 'RSI_OVERSOLD', 'RSI_OVERSOLD', 'RSI_OVERSOLD', 'rebound']","[520, 484, 452, 379, 377]"
sp500,PTC,1d,"['RSI_OVERSOLD', 'RSI_OVERSOLD', 'RSI_OVERSOLD', 'RSI_OVERSOLD', 'engulfing']","[170, 133, 124, 81, 78]"
sp500,PTCT,1d,"['RSI_OVERSOLD', 'inverted_hammer', 'RSI_OVERSOLD', 'hammer', 'RSI_OVERSOLD']","[357, 292, 152, 148, 47]"
sp500,PTEN,1d,"['RSI_OVERSOLD', 'RSI_OVERSOLD', 'inverted_hammer', 'RSI_OVERSOLD', 'RSI_OVERSOLD']","[710, 519, 450, 378, 68]"
sp500,PTGX,1d,"['RSI_OVERSOLD', 'RSI_OVERSOLD', 'rebound', 'hammer', 'inverted_hammer']","[757, 744, 743, 188, 88]"
sp500,PTON,1d,"['RSI_OVERSOLD', 'RSI_OVERSOLD', 'RSI_OVERSOLD', 'RSI_OVERSOLD', 'RSI_OVERSOLD']","[628, 621, 378, 168, 143]"
sp500,PVH,1d,"['hammer', 'RSI_OVERSOLD', 'RSI_OVERSOLD', 'rebound', 'hammer']","[552, 432, 421, 420, 102]"
sp500,PWR,1d,"['engulfing', 'inverted_hammer', 'RSI_OVERSOLD', 'RSI_OVERSOLD', 'RSI_OVERSOLD']","[752, 691, 569, 407, 49]"
sp500,PYPL,1d,"['rebound', 'inverted_hammer', 'engulfing', 'RSI_OVERSOLD', 'engulfing']","[170, 103, 102, 85, 81]"
sp500,PZZA,1d,"['hammer', 'RSI_OVERSOLD', 'hammer', 'RSI_OVERSOLD', 'RSI_OVERSOLD, rebound']","[161, 43, 42, 20, 8]"
sp500,Q,1d,,
sp500,QCOM,1d,"['rebound', 'RSI_OVERSOLD', 'RSI_OVERSOLD', 'RSI_OVERSOLD, rebound', 'inverted_hammer']","[377, 180, 170, 168, 68]"
sp500,QDEL,1d,"['RSI_OVERSOLD', 'RSI_OVERSOLD', 'RSI_OVERSOLD', 'RSI_OVERSOLD', 'RSI_OVERSOLD']","[139, 133, 42, 17, 13]"
sp500,QLYS,1d,"['RSI_OVERSOLD', 'RSI_OVERSOLD', 'rebound', 'RSI_OVERSOLD', 'RSI_OVERSOLD']","[376, 167, 158, 133, 125]"
sp500,QNST,1d,"['RSI_OVERSOLD', 'RSI_OVERSOLD', 'RSI_OVERSOLD', 'RSI_OVERSOLD', 'hammer']","[379, 170, 164, 11, 9]"
sp500,QRVO,1d,"['RSI_OVERSOLD', 'RSI_OVERSOLD', 'RSI_OVERSOLD', 'rebound', 'hammer']","[1006, 483, 378, 375, 267]"
sp500,QTWO,1d,"['RSI_OVERSOLD', 'rebound', 'RSI_OVERSOLD', 'RSI_OVERSOLD, rebound', 'rebound']","[295, 291, 172, 163, 133]"
sp500,R,1d,"['RSI_OVERSOLD', 'RSI_OVERSOLD', 'RSI_OVERSOLD', 'RSI_OVERSOLD', 'piercing_line']","[865, 394, 239, 6, 4]"
sp500,RAL,1d,['RSI_OVERSOLD'],[168]
sp500,RAMP,1d,"['rebound', 'RSI_OVERSOLD', 'RSI_OVERSOLD', 'rebound', 'RSI_OVERSOLD']","[542, 293, 184, 173, 170]"
sp500,RBA,1d,"['engulfing', 'RSI_OVERSOLD, rebound', 'RSI_OVERSOLD', 'piercing_line', 'rebound']","[256, 244, 44, 42, 37]"
sp500,RBC,1d,"['inverted_hammer', 'RSI_OVERSOLD', 'hammer', 'RSI_OVERSOLD', 'hammer, engulfing']","[448, 34, 32, 26, 24]"
sp500,RCL,1d,"['engulfing', 'RSI_OVERSOLD', 'RSI_OVERSOLD', 'inverted_hammer', 'rebound']","[377, 231, 26, 21, 11]"
sp500,RCUS,1d,"['RSI_OVERSOLD', 'rebound', 'engulfing', 'RSI_OVERSOLD', 'RSI_OVERSOLD']","[379, 378, 377, 376, 18]"
sp500,RDDT,1d,"['RSI_OVERSOLD', 'RSI_OVERSOLD', 'RSI_OVERSOLD', 'engulfing']","[543, 398, 378, 377]"
sp500,RDN,1d,"['engulfing', 'engulfing', 'RSI_OVERSOLD', 'RSI_OVERSOLD', 'inverted_hammer']","[960, 448, 436, 184, 89]"
sp500,RDNT,1d,"['engulfing', 'RSI_OVERSOLD', 'RSI_OVERSOLD', 'rebound', 'RSI_OVERSOLD']","[448, 434, 403, 394, 168]"
sp500,REG,1d,"['RSI_OVERSOLD', 'RSI_OVERSOLD', 'hammer', 'RSI_OVERSOLD', 'RSI_OVERSOLD']","[1165, 1008, 953, 897, 376]"
sp500,REGN,1d,"['piercing_line', 'RSI_OVERSOLD', 'RSI_OVERSOLD', 'RSI_OVERSOLD, rebound', 'RSI_OVERSOLD']","[375, 374, 111, 98, 92]"
sp500,RELY,1d,"['RSI_OVERSOLD', 'hammer', 'RSI_OVERSOLD', 'RSI_OVERSOLD', 'RSI_OVERSOLD']","[395, 392, 308, 229, 10]"
sp500,RES,1d,"['RSI_OVERSOLD', 'hammer', 'RSI_OVERSOLD', 'RSI_OVERSOLD', 'RSI_OVERSOLD']","[579, 403, 402, 378, 73]"
sp500,REX,1d,"['RSI_OVERSOLD, rebound', 'hammer', 'inverted_hammer', 'inverted_hammer', 'RSI_OVERSOLD']","[1647, 1390, 1370, 860, 571]"
sp500,REXR,1d,"['inverted_hammer', 'RSI_OVERSOLD', 'rebound', 'RSI_OVERSOLD', 'RSI_OVERSOLD']","[621, 378, 376, 374, 138]"
sp500,REYN,1d,"['hammer', 'hammer', 'RSI_OVERSOLD', 'inverted_hammer', 'rebound']","[344, 148, 26, 20, 18]"
sp500,REZI,1d,"['engulfing', 'rebound', 'RSI_OVERSOLD', 'RSI_OVERSOLD', 'RSI_OVERSOLD']","[403, 397, 376, 229, 101]"
sp500,RF,1d,"['RSI_OVERSOLD, rebound', 'RSI_OVERSOLD', 'RSI_OVERSOLD', 'RSI_OVERSOLD', 'hammer']","[379, 244, 144, 11, 4]"
sp500,RGA,1d,"['RSI_OVERSOLD', 'RSI_OVERSOLD', 'RSI_OVERSOLD', 'RSI_OVERSOLD', 'hammer']","[450, 416, 408, 378, 297]"
sp500,RGEN,1d,"['RSI_OVERSOLD', 'piercing_line', 'RSI_OVERSOLD', 'RSI_OVERSOLD', 'RSI_OVERSOLD']","[378, 377, 376, 155, 144]"
sp500,RGLD,1d,"['RSI_OVERSOLD', 'hammer', 'hammer, RSI_OVERSOLD', 'RSI_OVERSOLD', 'RSI_OVERSOLD']","[828, 659, 308, 139, 82]"
sp500,RH,1d,"['rebound', 'RSI_OVERSOLD', 'RSI_OVERSOLD', 'RSI_OVERSOLD', 'RSI_OVERSOLD']","[398, 379, 248, 130, 16]"
sp500,RHI,1d,"['RSI_OVERSOLD', 'RSI_OVERSOLD', 'rebound', 'inverted_hammer', 'engulfing']","[326, 240, 233, 144, 13]"
sp500,RHP,1d,"['RSI_OVERSOLD', 'engulfing', 'rebound', 'RSI_OVERSOLD', 'engulfing']","[450, 448, 378, 377, 295]"
sp500,RITM,1d,"['rebound', 'engulfing', 'RSI_OVERSOLD', 'RSI_OVERSOLD', 'RSI_OVERSOLD']","[138, 137, 13, 9, 5]"
sp500,RJF,1d,"['RSI_OVERSOLD', 'engulfing', 'engulfing', 'RSI_OVERSOLD', 'hammer']","[378, 377, 90, 11, 9]"
sp500,RL,1d,"['hammer', 'RSI_OVERSOLD', 'RSI_OVERSOLD', 'RSI_OVERSOLD', 'RSI_OVERSOLD']","[626, 623, 397, 394, 26]"
sp500,RLI,1d,"['inverted_hammer', 'rebound', 'rebound', 'hammer', 'engulfing']","[108, 105, 101, 14, 6]"
sp500,RMBS,1d,"['hammer', 'RSI_OVERSOLD', 'engulfing', 'RSI_OVERSOLD', 'RSI_OVERSOLD']","[382, 379, 377, 376, 49]"
sp500,RMD,1d,"['RSI_OVERSOLD', 'hammer, RSI_OVERSOLD', 'RSI_OVERSOLD', 'RSI_OVERSOLD', 'rebound']","[111, 109, 103, 90, 88]"
sp500,RNG,1d,"['RSI_OVERSOLD', 'RSI_OVERSOLD', 'engulfing', 'inverted_hammer', 'RSI_OVERSOLD']","[522, 408, 400, 396, 297]"
sp500,RNR,1d,"['RSI_OVERSOLD', 'RSI_OVERSOLD', 'rebound', 'RSI_OVERSOLD', 'RSI_OVERSOLD']","[1062, 1054, 1050, 450, 236]"
sp500,RNST,1d,"['RSI_OVERSOLD', 'rebound', 'RSI_OVERSOLD', 'hammer', 'inverted_hammer']","[379, 375, 140, 26, 10]"
sp500,ROAD,1d,"['RSI_OVERSOLD', 'hammer', 'RSI_OVERSOLD', 'RSI_OVERSOLD', 'RSI_OVERSOLD']","[1107, 879, 407, 219, 63]"
sp500,ROCK,1d,"['RSI_OVERSOLD', 'rebound', 'engulfing', 'RSI_OVERSOLD', 'hammer']","[152, 147, 146, 138, 9]"
sp500,ROG,1d,"['RSI_OVERSOLD', 'RSI_OVERSOLD', 'rebound', 'engulfing', 'RSI_OVERSOLD']","[379, 374, 370, 369, 49]"
sp500,ROIV,1d,"['RSI_OVERSOLD', 'RSI_OVERSOLD', 'RSI_OVERSOLD', 'inverted_hammer', 'RSI_OVERSOLD']","[1152, 1130, 1107, 414, 378]"
sp500,ROK,1d,"['engulfing', 'RSI_OVERSOLD', 'RSI_OVERSOLD', 'hammer', 'RSI_OVERSOLD']","[1104, 1010, 673, 419, 379]"
sp500,ROKU,1d,"['RSI_OVERSOLD', 'RSI_OVERSOLD', 'RSI_OVERSOLD', 'RSI_OVERSOLD', 'RSI_OVERSOLD, rebound']","[660, 378, 376, 169, 163]"
sp500,ROL,1d,"['rebound', 'rebound', 'RSI_OVERSOLD, rebound', 'RSI_OVERSOLD', 'rebound']","[72, 70, 53, 16, 9]"
sp500,ROP,1d,"['piercing_line', 'RSI_OVERSOLD', 'RSI_OVERSOLD', 'RSI_OVERSOLD', 'piercing_line']","[448, 377, 290, 237, 173]"
sp500,ROST,1d,"['RSI_OVERSOLD', 'RSI_OVERSOLD', 'engulfing', 'RSI_OVERSOLD', 'hammer']","[622, 611, 410, 396, 322]"
sp500,RPM,1d,"['RSI_OVERSOLD', 'rebound', 'RSI_OVERSOLD', 'hammer', 'rebound']","[378, 376, 148, 139, 138]"
sp500,RRC,1d,"['RSI_OVERSOLD', 'RSI_OVERSOLD', 'RSI_OVERSOLD', 'hammer', 'engulfing']","[710, 376, 286, 12, 11]"
sp500,RRR,1d,"['hammer', 'RSI_OVERSOLD', 'RSI_OVERSOLD', 'RSI_OVERSOLD', 'rebound']","[398, 397, 379, 26, 12]"
sp500,RRX,1d,"['rebound', 'rebound', 'hammer', 'RSI_OVERSOLD, rebound', 'inverted_hammer']","[402, 401, 396, 379, 43]"
sp500,RS,1d,"['inverted_hammer', 'RSI_OVERSOLD', 'inverted_hammer', 'RSI_OVERSOLD', 'piercing_line, rebound']","[774, 614, 613, 451, 448]"
sp500,RSG,1d,"['hammer', 'RSI_OVERSOLD', 'inverted_hammer', 'inverted_hammer', 'RSI_OVERSOLD']","[351, 235, 234, 136, 117]"
sp500,RSI,1d,"['RSI_OVERSOLD', 'hammer', 'RSI_OVERSOLD', 'RSI_OVERSOLD', 'rebound']","[891, 742, 404, 13, 10]"
sp500,RTX,1d,"['rebound', 'piercing_line', 'RSI_OVERSOLD', 'RSI_OVERSOLD', 'inverted_hammer']","[756, 568, 378, 116, 113]"
sp500,RUN,1d,"['RSI_OVERSOLD, rebound', 'RSI_OVERSOLD', 'engulfing', 'RSI_OVERSOLD', 'inverted_hammer']","[477, 403, 344, 152, 148]"
sp500,RUSHA,1d,"['RSI_OVERSOLD', 'RSI_OVERSOLD', 'hammer', 'engulfing', 'RSI_OVERSOLD']","[610, 232, 231, 230, 5]"
sp500,RVTY,1d,"['engulfing', 'hammer, RSI_OVERSOLD', 'rebound', 'RSI_OVERSOLD', 'RSI_OVERSOLD']","[741, 739, 736, 472, 378]"
sp500,RXO,1d,"['RSI_OVERSOLD', 'RSI_OVERSOLD', 'RSI_OVERSOLD', 'rebound', 'RSI_OVERSOLD']","[368, 229, 224, 223, 48]"
sp500,RYAN,1d,"['hammer', 'engulfing', 'RSI_OVERSOLD', 'RSI_OVERSOLD', 'RSI_OVERSOLD']","[140, 132, 109, 106, 10]"
sp500,RYN,1d,"['RSI_OVERSOLD', 'piercing_line, rebound', 'RSI_OVERSOLD', 'RSI_OVERSOLD', 'inverted_hammer']","[378, 375, 358, 232, 6]"
sp500,SABR,1d,"['engulfing', 'RSI_OVERSOLD', 'rebound', 'RSI_OVERSOLD', 'RSI_OVERSOLD']","[642, 382, 378, 293, 162]"
sp500,SAFE,1d,"['RSI_OVERSOLD', 'RSI_OVERSOLD', 'inverted_hammer', 'RSI_OVERSOLD', 'rebound']","[373, 229, 139, 18, 13]"
sp500,SAFT,1d,"['hammer', 'RSI_OVERSOLD', 'inverted_hammer', 'hammer', 'hammer']","[859, 858, 327, 105, 90]"
sp500,SAH,1d,"['RSI_OVERSOLD', 'engulfing', 'hammer', 'RSI_OVERSOLD', 'RSI_OVERSOLD']","[236, 233, 229, 14, 6]"
sp500,SAIA,1d,"['hammer', 'inverted_hammer, RSI_OVERSOLD', 'RSI_OVERSOLD', 'RSI_OVERSOLD', 'RSI_OVERSOLD']","[595, 397, 394, 363, 48]"
sp500,SAIC,1d,"['RSI_OVERSOLD', 'RSI_OVERSOLD', 'rebound', 'RSI_OVERSOLD', 'RSI_OVERSOLD']","[339, 274, 259, 164, 161]"
sp500,SAM,1d,"['rebound', 'hammer', 'RSI_OVERSOLD', 'rebound', 'RSI_OVERSOLD']","[391, 331, 108, 100, 21]"
sp500,SANM,1d,"['inverted_hammer', 'RSI_OVERSOLD', 'RSI_OVERSOLD', 'RSI_OVERSOLD', 'RSI_OVERSOLD']","[797, 730, 402, 379, 49]"
sp500,SARO,1d,"['hammer', 'RSI_OVERSOLD', 'RSI_OVERSOLD', 'inverted_hammer', 'RSI_OVERSOLD']","[147, 144, 138, 25, 14]"
sp500,SBAC,1d,"['hammer', 'RSI_OVERSOLD', 'inverted_hammer, RSI_OVERSOLD', 'RSI_OVERSOLD', 'RSI_OVERSOLD']","[475, 436, 276, 188, 9]"
sp500,SBCF,1d,"['RSI_OVERSOLD', 'inverted_hammer, RSI_OVERSOLD', 'hammer', 'RSI_OVERSOLD', 'RSI_OVERSOLD']","[861, 741, 398, 397, 379]"
sp500,SBH,1d,"['rebound', 'RSI_OVERSOLD', 'rebound', 'RSI_OVERSOLD', 'RSI_OVERSOLD']","[751, 448, 443, 417, 414]"
sp500,SBRA,1d,"['RSI_OVERSOLD', 'rebound', 'engulfing', 'RSI_OVERSOLD', 'inverted_hammer']","[89, 86, 85, 4, 2]"
sp500,SBSI,1d,"['rebound', 'inverted_hammer', 'RSI_OVERSOLD', 'RSI_OVERSOLD', 'RSI_OVERSOLD']","[896, 862, 861, 379, 5]"
sp500,SBUX,1d,"['RSI_OVERSOLD', 'rebound', 'inverted_hammer', 'engulfing', 'RSI_OVERSOLD']","[379, 377, 88, 87, 13]"
sp500,SCHL,1d,"['piercing_line', 'RSI_OVERSOLD', 'RSI_OVERSOLD', 'inverted_hammer', 'RSI_OVERSOLD, rebound']","[435, 51, 22, 19, 8]"
sp500,SCHW,1d,"['RSI_OVERSOLD', 'rebound', 'RSI_OVERSOLD', 'hammer', 'inverted_hammer']","[559, 558, 378, 218, 10]"
sp500,SCI,1d,"['rebound', 'RSI_OVERSOLD', 'rebound', 'inverted_hammer', 'inverted_hammer']","[755, 447, 436, 108, 6]"
sp500,SCL,1d,"['rebound', 'engulfing', 'RSI_OVERSOLD', 'RSI_OVERSOLD', 'RSI_OVERSOLD']","[440, 435, 299, 234, 232]"
sp500,SCSC,1d,"['RSI_OVERSOLD', 'RSI_OVERSOLD', 'RSI_OVERSOLD', 'engulfing, rebound', 'RSI_OVERSOLD']","[859, 483, 423, 416, 297]"
sp500,SDGR,1d,"['RSI_OVERSOLD', 'hammer', 'engulfing', 'inverted_hammer', 'RSI_OVERSOLD, rebound']","[175, 172, 171, 168, 164]"
sp500,SEDG,1d,"['RSI_OVERSOLD', 'hammer', 'RSI_OVERSOLD', 'hammer', 'hammer']","[520, 474, 472, 378, 50]"
sp500,SEI,1d,"['RSI_OVERSOLD', 'RSI_OVERSOLD', 'RSI_OVERSOLD', 'RSI_OVERSOLD', 'RSI_OVERSOLD']","[1371, 1224, 892, 737, 50]"
sp500,SEIC,1d,"['RSI_OVERSOLD', 'hammer', 'inverted_hammer', 'RSI_OVERSOLD', 'RSI_OVERSOLD']","[897, 887, 405, 401, 399]"
sp500,SEZL,1d,"['engulfing', 'RSI_OVERSOLD', 'RSI_OVERSOLD', 'RSI_OVERSOLD', 'rebound']","[734, 292, 234, 229, 223]"
sp500,SF,1d,"['engulfing', 'RSI_OVERSOLD', 'RSI_OVERSOLD', 'RSI_OVERSOLD', 'RSI_OVERSOLD']","[448, 397, 378, 157, 11]"
sp500,SFBS,1d,"['RSI_OVERSOLD', 'hammer', 'RSI_OVERSOLD', 'inverted_hammer, RSI_OVERSOLD', 'RSI_OVERSOLD']","[742, 668, 241, 144, 1]"
sp500,SFM,1d,"['RSI_OVERSOLD', 'hammer', 'rebound', 'hammer, rebound', 'RSI_OVERSOLD']","[267, 261, 260, 251, 234]"
sp500,SFNC,1d,"['RSI_OVERSOLD', 'inverted_hammer, RSI_OVERSOLD', 'RSI_OVERSOLD', 'rebound', 'hammer']","[374, 369, 248, 233, 148]"
sp500,SGI,1d,"['hammer', 'RSI_OVERSOLD', 'engulfing', 'RSI_OVERSOLD', 'RSI_OVERSOLD']","[894, 892, 519, 139, 133]"
sp500,SHAK,1d,"['RSI_OVERSOLD', 'RSI_OVERSOLD', 'RSI_OVERSOLD', 'RSI_OVERSOLD', 'RSI_OVERSOLD']","[248, 209, 105, 88, 15]"
sp500,SHC,1d,"['hammer, RSI_OVERSOLD', 'RSI_OVERSOLD', 'RSI_OVERSOLD', 'rebound', 'inverted_hammer']","[378, 328, 155, 147, 145]"
sp500,SHEN,1d,"['inverted_hammer', 'hammer, RSI_OVERSOLD', 'inverted_hammer', 'RSI_OVERSOLD', 'RSI_OVERSOLD']","[576, 541, 448, 292, 76]"
sp500,SHO,1d,"['rebound', 'RSI_OVERSOLD', 'rebound', 'RSI_OVERSOLD', 'piercing_line']","[394, 379, 376, 40, 39]"
sp500,SHOO,1d,"['rebound', 'rebound', 'RSI_OVERSOLD', 'rebound', 'RSI_OVERSOLD']","[402, 400, 379, 375, 168]"
sp500,SHW,1d,"['RSI_OVERSOLD', 'RSI_OVERSOLD', 'RSI_OVERSOLD', 'engulfing', 'RSI_OVERSOLD']","[616, 450, 376, 147, 140]"
sp500,SIG,1d,"['engulfing', 'engulfing', 'RSI_OVERSOLD', 'rebound', 'inverted_hammer']","[783, 448, 435, 434, 143]"
sp500,SIGI,1d,"['inverted_hammer', 'hammer', 'hammer', 'RSI_OVERSOLD', 'RSI_OVERSOLD']","[235, 148, 16, 13, 7]"
sp500,SIRI,1d,"['hammer', 'RSI_OVERSOLD', 'RSI_OVERSOLD', 'piercing_line', 'hammer']","[451, 450, 378, 377, 10]"
sp500,SITM,1d,"['RSI_OVERSOLD', 'hammer', 'RSI_OVERSOLD', 'RSI_OVERSOLD', 'engulfing']","[859, 734, 642, 378, 377]"
sp500,SJM,1d,"['RSI_OVERSOLD', 'hammer', 'RSI_OVERSOLD', 'RSI_OVERSOLD', 'RSI_OVERSOLD']","[729, 591, 472, 436, 333]"
sp500,SKT,1d,"['RSI_OVERSOLD', 'RSI_OVERSOLD', 'RSI_OVERSOLD', 'rebound', 'hammer']","[1171, 1011, 447, 436, 209]"
sp500,SKY,1d,"['RSI_OVERSOLD', 'rebound', 'RSI_OVERSOLD', 'hammer', 'RSI_OVERSOLD']","[343, 329, 172, 147, 144]"
sp500,SKYW,1d,"['rebound', 'hammer', 'RSI_OVERSOLD', 'engulfing', 'inverted_hammer']","[1011, 949, 401, 147, 144]"
sp500,SLAB,1d,"['inverted_hammer', 'RSI_OVERSOLD', 'hammer', 'RSI_OVERSOLD', 'engulfing']","[642, 618, 582, 374, 220]"
sp500,SLB,1d,"['RSI_OVERSOLD', 'RSI_OVERSOLD', 'RSI_OVERSOLD', 'hammer', 'engulfing']","[451, 378, 76, 73, 72]"
sp500,SLG,1d,"['RSI_OVERSOLD', 'RSI_OVERSOLD', 'RSI_OVERSOLD', 'inverted_hammer', 'RSI_OVERSOLD']","[222, 208, 163, 160, 157]"
sp500,SLGN,1d,"['engulfing', 'hammer', 'RSI_OVERSOLD', 'RSI_OVERSOLD', 'rebound']","[233, 227, 13, 9, 4]"
sp500,SLM,1d,"['hammer', 'RSI_OVERSOLD', 'inverted_hammer', 'RSI_OVERSOLD', 'RSI_OVERSOLD']","[887, 267, 255, 153, 9]"
sp500,SLVM,1d,"['hammer', 'engulfing', 'RSI_OVERSOLD', 'RSI_OVERSOLD', 'RSI_OVERSOLD']","[849, 448, 414, 408, 292]"
sp500,SM,1d,"['rebound', 'RSI_OVERSOLD', 'rebound', 'RSI_OVERSOLD', 'inverted_hammer']","[402, 379, 377, 232, 11]"
sp500,SMCI,1d,"['RSI_OVERSOLD', 'RSI_OVERSOLD', 'rebound', 'RSI_OVERSOLD', 'piercing_line']","[528, 484, 479, 138, 137]"
sp500,SMG,1d,"['RSI_OVERSOLD', 'RSI_OVERSOLD', 'RSI_OVERSOLD', 'piercing_line', 'hammer']","[376, 144, 9, 6, 4]"
sp500,SMP,1d,"['RSI_OVERSOLD', 'rebound', 'RSI_OVERSOLD', 'rebound', 'hammer']","[379, 378, 374, 373, 297]"
sp500,SMPL,1d,"['RSI_OVERSOLD', 'rebound', 'RSI_OVERSOLD', 'RSI_OVERSOLD', 'RSI_OVERSOLD']","[267, 254, 239, 170, 125]"
sp500,SMTC,1d,"['RSI_OVERSOLD', 'RSI_OVERSOLD', 'RSI_OVERSOLD', 'hammer', 'RSI_OVERSOLD']","[743, 584, 416, 378, 376]"
sp500,SN,1d,"['engulfing', 'RSI_OVERSOLD', 'engulfing', 'RSI_OVERSOLD', 'RSI_OVERSOLD']","[246, 233, 230, 144, 138]"
sp500,SNA,1d,"['RSI_OVERSOLD', 'engulfing', 'RSI_OVERSOLD', 'hammer', 'piercing_line']","[667, 665, 619, 566, 17]"
sp500,SNDK,1d,['RSI_OVERSOLD'],[378]
sp500,SNDR,1d,"['rebound', 'RSI_OVERSOLD', 'RSI_OVERSOLD', 'RSI_OVERSOLD', 'hammer']","[395, 379, 262, 139, 13]"
sp500,SNEX,1d,"['engulfing', 'engulfing', 'RSI_OVERSOLD', 'RSI_OVERSOLD', 'engulfing']","[544, 377, 294, 232, 229]"
sp500,SNPS,1d,"['RSI_OVERSOLD', 'RSI_OVERSOLD', 'inverted_hammer', 'RSI_OVERSOLD', 'RSI_OVERSOLD']","[270, 229, 171, 170, 57]"
sp500,SNX,1d,"['hammer', 'hammer', 'RSI_OVERSOLD', 'engulfing, rebound', 'inverted_hammer']","[520, 403, 384, 377, 65]"
sp500,SO,1d,"['RSI_OVERSOLD', 'engulfing', 'RSI_OVERSOLD', 'engulfing, rebound', 'RSI_OVERSOLD']","[904, 842, 12, 6, 5]"
sp500,SOLS,1d,['RSI_OVERSOLD'],[65]
sp500,SOLV,1d,"['RSI_OVERSOLD', 'RSI_OVERSOLD', 'RSI_OVERSOLD', 'hammer']","[575, 378, 229, 147]"
sp500,SON,1d,"['RSI_OVERSOLD', 'RSI_OVERSOLD', 'rebound', 'RSI_OVERSOLD', 'RSI_OVERSOLD']","[257, 249, 247, 116, 21]"
sp500,SONO,1d,"['RSI_OVERSOLD', 'RSI_OVERSOLD', 'hammer', 'engulfing', 'RSI_OVERSOLD']","[540, 379, 378, 375, 180]"
sp500,SPG,1d,"['RSI_OVERSOLD', 'hammer', 'hammer', 'RSI_OVERSOLD', 'inverted_hammer']","[378, 147, 144, 136, 40]"
sp500,SPGI,1d,"['RSI_OVERSOLD', 'hammer', 'rebound', 'RSI_OVERSOLD', 'rebound']","[264, 260, 255, 170, 165]"
sp500,SPHR,1d,"['RSI_OVERSOLD', 'RSI_OVERSOLD', 'rebound', 'RSI_OVERSOLD', 'RSI_OVERSOLD']","[575, 402, 395, 379, 2]"
sp500,SPNT,1d,"['RSI_OVERSOLD, rebound', 'RSI_OVERSOLD', 'RSI_OVERSOLD', 'inverted_hammer', 'RSI_OVERSOLD']","[1147, 1128, 1112, 1108, 1050]"
sp500,SPSC,1d,"['engulfing', 'RSI_OVERSOLD', 'rebound', 'hammer', 'rebound']","[228, 168, 164, 159, 133]"
sp500,SPXC,1d,"['RSI_OVERSOLD', 'RSI_OVERSOLD', 'RSI_OVERSOLD', 'RSI_OVERSOLD', 'RSI_OVERSOLD']","[483, 450, 138, 49, 10]"
sp500,SR,1d,"['RSI_OVERSOLD', 'rebound', 'RSI_OVERSOLD', 'RSI_OVERSOLD', 'RSI_OVERSOLD']","[1276, 1269, 1007, 775, 756]"
sp500,SRE,1d,"['RSI_OVERSOLD', 'engulfing', 'RSI_OVERSOLD', 'inverted_hammer', 'RSI_OVERSOLD']","[404, 397, 44, 42, 7]"
sp500,SRPT,1d,"['RSI_OVERSOLD', 'rebound', 'hammer, RSI_OVERSOLD, rebound', 'RSI_OVERSOLD', 'RSI_OVERSOLD']","[357, 350, 329, 306, 303]"
sp500,SSB,1d,"['hammer', 'inverted_hammer', 'RSI_OVERSOLD', 'RSI_OVERSOLD', 'RSI_OVERSOLD']","[297, 234, 144, 140, 5]"
sp500,SSD,1d,"['RSI_OVERSOLD', 'RSI_OVERSOLD', 'hammer', 'RSI_OVERSOLD', 'RSI_OVERSOLD']","[740, 616, 582, 379, 257]"
sp500,ST,1d,"['hammer', 'RSI_OVERSOLD', 'inverted_hammer', 'RSI_OVERSOLD', 'RSI_OVERSOLD']","[572, 480, 448, 421, 379]"
sp500,STAA,1d,"['RSI_OVERSOLD', 'engulfing', 'RSI_OVERSOLD', 'RSI_OVERSOLD', 'hammer']","[414, 377, 376, 244, 181]"
sp500,STAG,1d,"['RSI_OVERSOLD', 'RSI_OVERSOLD', 'RSI_OVERSOLD', 'rebound', 'hammer']","[897, 619, 377, 375, 177]"
sp500,STBA,1d,"['RSI_OVERSOLD', 'RSI_OVERSOLD', 'hammer', 'RSI_OVERSOLD', 'RSI_OVERSOLD']","[868, 861, 298, 297, 248]"
sp500,STC,1d,"['RSI_OVERSOLD', 'RSI_OVERSOLD', 'RSI_OVERSOLD', 'RSI_OVERSOLD', 'rebound']","[438, 310, 138, 10, 6]"
sp500,STE,1d,"['inverted_hammer', 'hammer', 'hammer, RSI_OVERSOLD', 'RSI_OVERSOLD', 'RSI_OVERSOLD']","[234, 164, 147, 103, 16]"
sp500,STEP,1d,"['RSI_OVERSOLD', 'rebound', 'rebound', 'rebound', 'RSI_OVERSOLD']","[159, 158, 157, 153, 87]"
sp500,STLD,1d,"['RSI_OVERSOLD', 'inverted_hammer', 'RSI_OVERSOLD', 'hammer, RSI_OVERSOLD', 'RSI_OVERSOLD']","[615, 586, 582, 519, 33]"
sp500,STRA,1d,"['hammer', 'RSI_OVERSOLD', 'RSI_OVERSOLD', 'RSI_OVERSOLD', 'RSI_OVERSOLD']","[575, 547, 404, 299, 115]"
sp500,STRL,1d,"['RSI_OVERSOLD', 'RSI_OVERSOLD', 'hammer', 'hammer', 'RSI_OVERSOLD']","[1113, 1012, 451, 378, 49]"
sp500,STT,1d,"['engulfing', 'inverted_hammer', 'RSI_OVERSOLD', 'RSI_OVERSOLD', 'inverted_hammer']","[893, 683, 399, 378, 10]"
sp500,STWD,1d,"['RSI_OVERSOLD', 'RSI_OVERSOLD', 'RSI_OVERSOLD', 'RSI_OVERSOLD', 'rebound']","[893, 667, 449, 377, 5]"
sp500,STX,1d,"['RSI_OVERSOLD', 'RSI_OVERSOLD', 'RSI_OVERSOLD', 'RSI_OVERSOLD', 'RSI_OVERSOLD']","[868, 449, 399, 397, 379]"
sp500,STZ,1d,"['hammer', 'RSI_OVERSOLD', 'RSI_OVERSOLD', 'rebound', 'RSI_OVERSOLD']","[415, 275, 272, 265, 21]"
sp500,SUI,1d,"['RSI_OVERSOLD', 'engulfing', 'RSI_OVERSOLD', 'inverted_hammer', 'RSI_OVERSOLD']","[749, 745, 611, 449, 376]"
sp500,SUPN,1d,"['RSI_OVERSOLD', 'RSI_OVERSOLD', 'RSI_OVERSOLD', 'inverted_hammer', 'engulfing']","[897, 824, 743, 595, 403]"
sp500,SW,1d,"['RSI_OVERSOLD', 'RSI_OVERSOLD', 'RSI_OVERSOLD', 'piercing_line', 'RSI_OVERSOLD']","[377, 252, 234, 233, 231]"
sp500,SWK,1d,"['hammer', 'rebound', 'RSI_OVERSOLD', 'engulfing', 'hammer']","[378, 376, 248, 246, 148]"
sp500,SWKS,1d,"['RSI_OVERSOLD', 'RSI_OVERSOLD', 'RSI_OVERSOLD', 'rebound', 'RSI_OVERSOLD']","[474, 418, 379, 376, 297]"
sp500,SWX,1d,"['hammer', 'hammer', 'RSI_OVERSOLD', 'RSI_OVERSOLD', 'hammer']","[737, 521, 451, 377, 13]"
sp500,SXI,1d,"['hammer', 'inverted_hammer', 'inverted_hammer', 'RSI_OVERSOLD', 'rebound']","[1017, 1011, 448, 388, 379]"
sp500,SXT,1d,"['hammer', 'RSI_OVERSOLD', 'piercing_line', 'inverted_hammer', 'RSI_OVERSOLD']","[545, 436, 435, 411, 138]"
sp500,SYF,1d,"['RSI_OVERSOLD', 'engulfing', 'RSI_OVERSOLD', 'hammer', 'engulfing']","[401, 398, 379, 378, 377]"
sp500,SYK,1d,"['hammer', 'RSI_OVERSOLD', 'RSI_OVERSOLD', 'inverted_hammer', 'RSI_OVERSOLD']","[257, 144, 109, 24, 21]"
sp500,SYNA,1d,"['RSI_OVERSOLD', 'rebound', 'RSI_OVERSOLD', 'RSI_OVERSOLD', 'inverted_hammer']","[379, 376, 148, 132, 70]"
sp500,SYY,1d,"['RSI_OVERSOLD', 'RSI_OVERSOLD', 'RSI_OVERSOLD', 'inverted_hammer', 'RSI_OVERSOLD']","[610, 591, 235, 207, 132]"
sp500,T,1d,"['RSI_OVERSOLD', 'RSI_OVERSOLD', 'RSI_OVERSOLD', 'RSI_OVERSOLD', 'rebound']","[99, 86, 76, 69, 67]"
sp500,TALO,1d,"['engulfing', 'RSI_OVERSOLD', 'hammer', 'RSI_OVERSOLD', 'RSI_OVERSOLD']","[578, 545, 451, 449, 378]"
sp500,TAP,1d,"['RSI_OVERSOLD', 'engulfing', 'RSI_OVERSOLD', 'inverted_hammer', 'inverted_hammer']","[232, 231, 138, 89, 20]"
sp500,TBBK,1d,"['engulfing', 'RSI_OVERSOLD', 'RSI_OVERSOLD', 'RSI_OVERSOLD', 'RSI_OVERSOLD']","[398, 397, 378, 229, 20]"
sp500,TCBI,1d,"['engulfing', 'RSI_OVERSOLD', 'RSI_OVERSOLD', 'inverted_hammer', 'inverted_hammer']","[395, 379, 374, 156, 10]"
sp500,TDC,1d,"['inverted_hammer', 'RSI_OVERSOLD', 'RSI_OVERSOLD', 'inverted_hammer', 'RSI_OVERSOLD']","[545, 544, 414, 401, 170]"
sp500,TDG,1d,"['RSI_OVERSOLD', 'RSI_OVERSOLD', 'RSI_OVERSOLD', 'RSI_OVERSOLD', 'RSI_OVERSOLD']","[292, 169, 143, 138, 16]"
sp500,TDS,1d,"['RSI_OVERSOLD', 'rebound', 'RSI_OVERSOLD', 'RSI_OVERSOLD', 'RSI_OVERSOLD']","[977, 971, 858, 661, 138]"
sp500,TDW,1d,"['RSI_OVERSOLD', 'RSI_OVERSOLD', 'RSI_OVERSOLD', 'RSI_OVERSOLD', 'RSI_OVERSOLD']","[475, 403, 378, 76, 73]"
sp500,TDY,1d,"['RSI_OVERSOLD', 'RSI_OVERSOLD', 'RSI_OVERSOLD, rebound', 'RSI_OVERSOLD', 'RSI_OVERSOLD']","[734, 625, 615, 378, 20]"
sp500,TECH,1d,"['rebound', 'engulfing', 'hammer', 'RSI_OVERSOLD', 'RSI_OVERSOLD']","[735, 670, 414, 157, 142]"
sp500,TEL,1d,"['RSI_OVERSOLD', 'RSI_OVERSOLD', 'hammer', 'RSI_OVERSOLD', 'rebound']","[1012, 782, 684, 379, 377]"
sp500,TER,1d,"['RSI_OVERSOLD', 'engulfing', 'RSI_OVERSOLD', 'RSI_OVERSOLD', 'engulfing']","[484, 480, 396, 379, 377]"
sp500,TEX,1d,"['inverted_hammer', 'RSI_OVERSOLD', 'hammer', 'RSI_OVERSOLD', 'RSI_OVERSOLD']","[448, 402, 378, 377, 6]"
sp500,TFC,1d,"['RSI_OVERSOLD', 'hammer', 'RSI_OVERSOLD', 'RSI_OVERSOLD', 'hammer']","[379, 297, 244, 144, 4]"
sp500,TFIN,1d,"['RSI_OVERSOLD', 'rebound', 'RSI_OVERSOLD', 'RSI_OVERSOLD', 'rebound']","[379, 378, 368, 20, 9]"
sp500,TFX,1d,"['RSI_OVERSOLD', 'RSI_OVERSOLD', 'inverted_hammer', 'engulfing', 'RSI_OVERSOLD']","[229, 184, 183, 182, 13]"
sp500,TGT,1d,"['RSI_OVERSOLD', 'engulfing', 'rebound', 'RSI_OVERSOLD, rebound', 'RSI_OVERSOLD']","[401, 398, 394, 379, 262]"
sp500,TGTX,1d,"['RSI_OVERSOLD', 'RSI_OVERSOLD', 'RSI_OVERSOLD', 'engulfing', 'RSI_OVERSOLD']","[1177, 1092, 799, 791, 296]"
sp500,THC,1d,"['rebound', 'RSI_OVERSOLD', 'RSI_OVERSOLD', 'hammer', 'hammer']","[748, 619, 303, 114, 84]"
sp500,THG,1d,"['RSI_OVERSOLD', 'RSI_OVERSOLD', 'hammer, RSI_OVERSOLD', 'RSI_OVERSOLD', 'RSI_OVERSOLD']","[865, 784, 579, 377, 184]"
sp500,THO,1d,"['hammer', 'RSI_OVERSOLD', 'hammer', 'hammer, rebound', 'RSI_OVERSOLD']","[223, 154, 153, 147, 13]"
sp500,THRM,1d,"['RSI_OVERSOLD', 'engulfing', 'RSI_OVERSOLD', 'RSI_OVERSOLD', 'RSI_OVERSOLD, rebound']","[10, 8, 7, 5, 3]"
sp500,TILE,1d,"['inverted_hammer, RSI_OVERSOLD', 'rebound', 'RSI_OVERSOLD', 'engulfing', 'RSI_OVERSOLD']","[407, 406, 402, 397, 233]"
sp500,TJX,1d,"['RSI_OVERSOLD', 'RSI_OVERSOLD', 'RSI_OVERSOLD', 'hammer', 'rebound']","[103, 101, 33, 23, 21]"
sp500,TKO,1d,"['RSI_OVERSOLD', 'RSI_OVERSOLD', 'RSI_OVERSOLD', 'RSI_OVERSOLD', 'RSI_OVERSOLD']","[1675, 1518, 1313, 777, 294]"
sp500,TKR,1d,"['RSI_OVERSOLD', 'RSI_OVERSOLD', 'RSI_OVERSOLD', 'rebound', 'hammer']","[480, 381, 379, 378, 148]"
sp500,TLN,1d,"['RSI_OVERSOLD', 'hammer', 'hammer']","[397, 378, 240]"
sp500,TMDX,1d,"['RSI_OVERSOLD', 'rebound', 'RSI_OVERSOLD', 'RSI_OVERSOLD', 'RSI_OVERSOLD']","[459, 431, 306, 135, 106]"
sp500,TMO,1d,"['rebound', 'piercing_line', 'RSI_OVERSOLD', 'rebound', 'RSI_OVERSOLD']","[471, 470, 379, 377, 374]"
sp500,TMP,1d,"['RSI_OVERSOLD', 'hammer', 'piercing_line', 'RSI_OVERSOLD', 'RSI_OVERSOLD']","[671, 519, 448, 397, 379]"
sp500,TMUS,1d,"['RSI_OVERSOLD', 'RSI_OVERSOLD', 'rebound', 'RSI_OVERSOLD', 'RSI_OVERSOLD']","[238, 235, 229, 206, 180]"
sp500,TNC,1d,"['RSI_OVERSOLD', 'engulfing', 'RSI_OVERSOLD', 'RSI_OVERSOLD', 'RSI_OVERSOLD']","[156, 147, 41, 38, 35]"
sp500,TNDM,1d,"['RSI_OVERSOLD', 'RSI_OVERSOLD', 'RSI_OVERSOLD', 'RSI_OVERSOLD', 'RSI_OVERSOLD']","[319, 293, 103, 18, 9]"
sp500,TNL,1d,"['hammer', 'RSI_OVERSOLD', 'RSI_OVERSOLD', 'RSI_OVERSOLD', 'RSI_OVERSOLD']","[1012, 1007, 753, 396, 378]"
sp500,TOL,1d,"['RSI_OVERSOLD', 'RSI_OVERSOLD', 'RSI_OVERSOLD', 'hammer', 'RSI_OVERSOLD']","[453, 410, 377, 139, 138]"
sp500,TOST,1d,"['RSI_OVERSOLD', 'inverted_hammer', 'RSI_OVERSOLD', 'RSI_OVERSOLD', 'RSI_OVERSOLD']","[728, 180, 170, 163, 101]"
sp500,TPC,1d,"['RSI_OVERSOLD', 'rebound', 'RSI_OVERSOLD', 'RSI_OVERSOLD, rebound', 'RSI_OVERSOLD']","[1046, 1008, 896, 893, 868]"
sp500,TPL,1d,"['RSI_OVERSOLD, rebound', 'hammer', 'hammer', 'RSI_OVERSOLD', 'RSI_OVERSOLD']","[293, 216, 203, 125, 42]"
sp500,TPR,1d,"['RSI_OVERSOLD', 'RSI_OVERSOLD', 'engulfing', 'RSI_OVERSOLD', 'RSI_OVERSOLD']","[750, 616, 615, 376, 229]"
sp500,TR,1d,"['hammer', 'RSI_OVERSOLD', 'RSI_OVERSOLD', 'inverted_hammer', 'hammer']","[607, 238, 93, 89, 13]"
sp500,TREX,1d,"['RSI_OVERSOLD', 'inverted_hammer', 'rebound', 'RSI_OVERSOLD', 'engulfing']","[408, 399, 397, 230, 228]"
sp500,TRGP,1d,"['hammer', 'RSI_OVERSOLD', 'inverted_hammer', 'RSI_OVERSOLD', 'hammer']","[1639, 1011, 683, 378, 358]"
sp500,TRIP,1d,"['engulfing', 'inverted_hammer', 'RSI_OVERSOLD', 'engulfing', 'RSI_OVERSOLD']","[253, 180, 163, 101, 43]"
sp500,TRMB,1d,"['RSI_OVERSOLD', 'RSI_OVERSOLD', 'rebound', 'RSI_OVERSOLD', 'engulfing']","[546, 180, 169, 103, 96]"
sp500,TRMK,1d,"['RSI_OVERSOLD', 'RSI_OVERSOLD', 'inverted_hammer', 'RSI_OVERSOLD', 'RSI_OVERSOLD']","[892, 739, 621, 397, 379]"
sp500,TRN,1d,"['RSI_OVERSOLD', 'RSI_OVERSOLD', 'engulfing', 'RSI_OVERSOLD', 'inverted_hammer']","[739, 409, 403, 298, 88]"
sp500,TRNO,1d,"['RSI_OVERSOLD', 'engulfing', 'hammer, RSI_OVERSOLD', 'RSI_OVERSOLD', 'rebound']","[620, 503, 498, 379, 377]"
sp500,TROW,1d,"['RSI_OVERSOLD', 'rebound', 'rebound', 'RSI_OVERSOLD', 'RSI_OVERSOLD']","[397, 395, 394, 379, 168]"
sp500,TRST,1d,"['inverted_hammer', 'hammer', 'RSI_OVERSOLD', 'RSI_OVERSOLD', 'RSI_OVERSOLD']","[867, 859, 740, 396, 378]"
sp500,TRU,1d,"['RSI_OVERSOLD', 'RSI_OVERSOLD', 'inverted_hammer', 'RSI_OVERSOLD', 'engulfing']","[254, 170, 144, 7, 3]"
sp500,TRUP,1d,"['hammer', 'RSI_OVERSOLD', 'hammer', 'RSI_OVERSOLD, rebound', 'engulfing']","[437, 409, 407, 162, 8]"
sp500,TRV,1d,"['RSI_OVERSOLD', 'RSI_OVERSOLD', 'RSI_OVERSOLD', 'inverted_hammer', 'inverted_hammer']","[377, 184, 181, 89, 10]"
sp500,TSCO,1d,"['RSI_OVERSOLD', 'RSI_OVERSOLD, rebound', 'rebound', 'rebound', 'RSI_OVERSOLD']","[129, 117, 111, 107, 93]"
sp500,TSLA,1d,"['RSI_OVERSOLD', 'engulfing', 'RSI_OVERSOLD', 'rebound', 'RSI_OVERSOLD']","[406, 403, 402, 397, 53]"
sp500,TSN,1d,"['RSI_OVERSOLD', 'RSI_OVERSOLD', 'RSI_OVERSOLD', 'RSI_OVERSOLD', 'RSI_OVERSOLD']","[741, 509, 439, 87, 23]"
sp500,TT,1d,"['RSI_OVERSOLD', 'inverted_hammer', 'hammer', 'engulfing', 'hammer']","[841, 739, 276, 147, 17]"
sp500,TTC,1d,"['rebound', 'RSI_OVERSOLD', 'RSI_OVERSOLD', 'engulfing', 'hammer, RSI_OVERSOLD']","[764, 591, 523, 521, 378]"
sp500,TTD,1d,"['rebound', 'rebound', 'rebound', 'RSI_OVERSOLD', 'engulfing']","[170, 168, 140, 42, 40]"
sp500,TTEK,1d,"['RSI_OVERSOLD', 'RSI_OVERSOLD', 'RSI_OVERSOLD', 'rebound', 'rebound']","[941, 473, 424, 423, 402]"
sp500,TTMI,1d,"['RSI_OVERSOLD', 'RSI_OVERSOLD', 'RSI_OVERSOLD', 'RSI_OVERSOLD', 'RSI_OVERSOLD']","[917, 860, 772, 739, 50]"
sp500,TTWO,1d,"['RSI_OVERSOLD', 'engulfing', 'RSI_OVERSOLD', 'rebound', 'RSI_OVERSOLD']","[228, 227, 172, 169, 163]"
sp500,TWLO,1d,"['RSI_OVERSOLD', 'inverted_hammer', 'RSI_OVERSOLD', 'RSI_OVERSOLD', 'RSI_OVERSOLD']","[661, 591, 579, 378, 292]"
sp500,TXN,1d,"['RSI_OVERSOLD', 'RSI_OVERSOLD', 'RSI_OVERSOLD', 'RSI_OVERSOLD', 'RSI_OVERSOLD']","[378, 304, 298, 267, 235]"
sp500,TXNM,1d,"['RSI_OVERSOLD', 'RSI_OVERSOLD', 'rebound', 'RSI_OVERSOLD', 'rebound']","[798, 693, 684, 84, 81]"
sp500,TXRH,1d,"['inverted_hammer', 'RSI_OVERSOLD', 'engulfing', 'rebound', 'hammer']","[25, 21, 19, 16, 10]"
sp500,TXT,1d,"['RSI_OVERSOLD', 'RSI_OVERSOLD', 'engulfing', 'RSI_OVERSOLD', 'rebound']","[614, 450, 448, 379, 378]"
sp500,TYL,1d,"['RSI_OVERSOLD', 'RSI_OVERSOLD', 'rebound', 'RSI_OVERSOLD', 'rebound']","[230, 173, 170, 164, 163]"
sp500,UA,1d,"['hammer', 'RSI_OVERSOLD', 'engulfing', 'RSI_OVERSOLD', 'RSI_OVERSOLD']","[147, 102, 97, 40, 10]"
sp500,UAA,1d,"['hammer', 'RSI_OVERSOLD', 'engulfing', 'RSI_OVERSOLD', 'RSI_OVERSOLD']","[147, 102, 97, 40, 10]"
sp500,UAL,1d,"['RSI_OVERSOLD, rebound', 'hammer', 'RSI_OVERSOLD', 'RSI_OVERSOLD', 'hammer']","[546, 398, 397, 379, 173]"
sp500,UBER,1d,"['hammer, RSI_OVERSOLD', 'RSI_OVERSOLD', 'engulfing', 'RSI_OVERSOLD', 'RSI_OVERSOLD']","[546, 455, 451, 219, 169]"
sp500,UBSI,1d,"['piercing_line', 'RSI_OVERSOLD', 'RSI_OVERSOLD', 'RSI_OVERSOLD', 'inverted_hammer']","[448, 436, 397, 379, 140]"
sp500,UCB,1d,"['rebound', 'RSI_OVERSOLD', 'inverted_hammer', 'RSI_OVERSOLD', 'inverted_hammer']","[896, 892, 743, 379, 328]"
sp500,UCTT,1d,"['RSI_OVERSOLD', 'engulfing', 'RSI_OVERSOLD', 'RSI_OVERSOLD', 'RSI_OVERSOLD']","[546, 520, 406, 397, 379]"
sp500,UDR,1d,"['RSI_OVERSOLD', 'RSI_OVERSOLD', 'RSI_OVERSOLD', 'RSI_OVERSOLD', 'rebound']","[377, 235, 138, 20, 9]"
sp500,UE,1d,"['RSI_OVERSOLD', 'RSI_OVERSOLD', 'RSI_OVERSOLD', 'RSI_OVERSOLD', 'rebound']","[893, 785, 438, 378, 375]"
sp500,UFCS,1d,"['engulfing', 'hammer', 'RSI_OVERSOLD', 'RSI_OVERSOLD', 'RSI_OVERSOLD']","[584, 580, 543, 540, 436]"
sp500,UFPI,1d,"['RSI_OVERSOLD', 'engulfing', 'RSI_OVERSOLD', 'inverted_hammer', 'RSI_OVERSOLD']","[1080, 1023, 450, 140, 108]"
sp500,UFPT,1d,"['rebound', 'RSI_OVERSOLD', 'engulfing', 'hammer', 'hammer']","[1647, 452, 451, 268, 143]"
sp500,UGI,1d,"['rebound', 'engulfing', 'piercing_line', 'RSI_OVERSOLD', 'inverted_hammer']","[827, 584, 264, 105, 42]"
sp500,UHS,1d,"['RSI_OVERSOLD', 'RSI_OVERSOLD', 'RSI_OVERSOLD', 'hammer', 'engulfing']","[305, 303, 188, 147, 87]"
sp500,ULS,1d,"['inverted_hammer', 'RSI_OVERSOLD', 'RSI_OVERSOLD', 'engulfing', 'inverted_hammer']","[77, 45, 43, 42, 15]"
sp500,ULTA,1d,"['inverted_hammer', 'RSI_OVERSOLD', 'RSI_OVERSOLD', 'RSI_OVERSOLD', 'RSI_OVERSOLD']","[467, 417, 410, 143, 98]"
sp500,UMBF,1d,"['piercing_line', 'RSI_OVERSOLD', 'inverted_hammer', 'RSI_OVERSOLD', 'hammer']","[448, 379, 234, 138, 4]"
sp500,UNF,1d,"['engulfing', 'RSI_OVERSOLD', 'RSI_OVERSOLD', 'inverted_hammer', 'rebound']","[377, 19, 16, 15, 6]"
sp500,UNFI,1d,"['RSI_OVERSOLD', 'RSI_OVERSOLD', 'RSI_OVERSOLD', 'RSI_OVERSOLD', 'RSI_OVERSOLD']","[649, 611, 396, 333, 328]"
sp500,UNH,1d,"['inverted_hammer, RSI_OVERSOLD', 'RSI_OVERSOLD', 'RSI_OVERSOLD', 'inverted_hammer', 'RSI_OVERSOLD']","[346, 300, 298, 234, 175]"
sp500,UNIT,1d,"['RSI_OVERSOLD', 'RSI_OVERSOLD', 'RSI_OVERSOLD', 'rebound', 'inverted_hammer']","[292, 48, 7, 4, 2]"
sp500,UNM,1d,"['RSI_OVERSOLD', 'RSI_OVERSOLD', 'RSI_OVERSOLD', 'RSI_OVERSOLD', 'RSI_OVERSOLD']","[725, 299, 297, 293, 166]"
sp500,UNP,1d,"['rebound', 'inverted_hammer', 'RSI_OVERSOLD', 'RSI_OVERSOLD', 'RSI_OVERSOLD']","[759, 642, 591, 378, 12]"
sp500,UPBD,1d,"['RSI_OVERSOLD', 'hammer', 'engulfing', 'RSI_OVERSOLD', 'hammer, rebound']","[228, 147, 146, 13, 7]"
sp500,UPS,1d,"['RSI_OVERSOLD', 'hammer', 'RSI_OVERSOLD', 'inverted_hammer', 'RSI_OVERSOLD']","[299, 148, 147, 10, 9]"
sp500,UPWK,1d,"['RSI_OVERSOLD', 'inverted_hammer', 'RSI_OVERSOLD', 'RSI_OVERSOLD', 'RSI_OVERSOLD']","[299, 165, 164, 132, 104]"
sp500,URBN,1d,"['hammer', 'RSI_OVERSOLD', 'hammer', 'inverted_hammer', 'RSI_OVERSOLD']","[1651, 1096, 944, 525, 232]"
sp500,URI,1d,"['RSI_OVERSOLD', 'rebound', 'engulfing', 'RSI_OVERSOLD', 'hammer']","[408, 401, 233, 222, 55]"
sp500,USB,1d,"['hammer', 'RSI_OVERSOLD', 'RSI_OVERSOLD', 'RSI_OVERSOLD', 'hammer']","[621, 397, 378, 248, 99]"
sp500,USFD,1d,"['RSI_OVERSOLD', 'RSI_OVERSOLD', 'engulfing', 'RSI_OVERSOLD', 'inverted_hammer']","[787, 397, 93, 19, 10]"
sp500,USLM,1d,"['hammer', 'RSI_OVERSOLD', 'RSI_OVERSOLD', 'RSI_OVERSOLD', 'RSI_OVERSOLD']","[231, 168, 165, 110, 108]"
sp500,USPH,1d,"['RSI_OVERSOLD', 'RSI_OVERSOLD', 'RSI_OVERSOLD', 'inverted_hammer', 'RSI_OVERSOLD']","[501, 498, 229, 227, 105]"
sp500,UTHR,1d,"['RSI_OVERSOLD', 'RSI_OVERSOLD', 'RSI_OVERSOLD', 'RSI_OVERSOLD', 'RSI_OVERSOLD']","[1261, 1158, 1149, 899, 405]"
sp500,UTI,1d,"['RSI_OVERSOLD', 'RSI_OVERSOLD', 'RSI_OVERSOLD', 'inverted_hammer', 'RSI_OVERSOLD']","[219, 43, 41, 31, 7]"
sp500,UTL,1d,"['inverted_hammer', 'hammer', 'inverted_hammer', 'RSI_OVERSOLD', 'inverted_hammer']","[1262, 953, 448, 351, 229]"
sp500,UUUU,1d,"['RSI_OVERSOLD', 'RSI_OVERSOLD', 'RSI_OVERSOLD', 'RSI_OVERSOLD', 'RSI_OVERSOLD']","[444, 406, 404, 378, 58]"
sp500,UVV,1d,"['RSI_OVERSOLD', 'RSI_OVERSOLD', 'RSI_OVERSOLD', 'RSI_OVERSOLD', 'RSI_OVERSOLD']","[594, 436, 234, 41, 12]"
sp500,V,1d,"['RSI_OVERSOLD', 'inverted_hammer', 'hammer', 'engulfing', 'RSI_OVERSOLD']","[1014, 910, 841, 393, 221]"
sp500,VAC,1d,"['RSI_OVERSOLD', 'hammer', 'RSI_OVERSOLD', 'RSI_OVERSOLD', 'inverted_hammer']","[379, 297, 256, 229, 223]"
sp500,VAL,1d,"['RSI_OVERSOLD', 'piercing_line', 'RSI_OVERSOLD', 'RSI_OVERSOLD', 'RSI_OVERSOLD']","[378, 377, 376, 76, 73]"
sp500,VC,1d,"['RSI_OVERSOLD', 'RSI_OVERSOLD', 'inverted_hammer', 'RSI_OVERSOLD', 'engulfing, rebound']","[377, 237, 77, 13, 4]"
sp500,VCEL,1d,"['RSI_OVERSOLD', 'inverted_hammer', 'RSI_OVERSOLD', 'RSI_OVERSOLD', 'engulfing']","[797, 545, 404, 377, 25]"
sp500,VCTR,1d,"['RSI_OVERSOLD', 'engulfing', 'inverted_hammer', 'hammer, RSI_OVERSOLD', 'RSI_OVERSOLD']","[1959, 1955, 1224, 1180, 397]"
sp500,VCYT,1d,"['hammer', 'RSI_OVERSOLD', 'RSI_OVERSOLD', 'engulfing', 'RSI_OVERSOLD']","[398, 397, 307, 45, 37]"
sp500,VECO,1d,"['RSI_OVERSOLD', 'RSI_OVERSOLD', 'RSI_OVERSOLD', 'RSI_OVERSOLD', 'RSI_OVERSOLD']","[1106, 543, 426, 402, 379]"
sp500,VEEV,1d,"['RSI_OVERSOLD', 'hammer', 'rebound', 'RSI_OVERSOLD', 'RSI_OVERSOLD']","[218, 208, 204, 170, 125]"
sp500,VFC,1d,"['RSI_OVERSOLD', 'RSI_OVERSOLD', 'RSI_OVERSOLD', 'RSI_OVERSOLD', 'RSI_OVERSOLD']","[734, 623, 398, 379, 146]"
sp500,VGNT,1d,,
sp500,VIAV,1d,"['RSI_OVERSOLD', 'RSI_OVERSOLD', 'engulfing', 'RSI_OVERSOLD', 'RSI_OVERSOLD']","[667, 608, 604, 572, 378]"
sp500,VICI,1d,"['hammer', 'RSI_OVERSOLD', 'RSI_OVERSOLD', 'rebound', 'rebound']","[213, 19, 13, 6, 4]"
sp500,VICR,1d,"['RSI_OVERSOLD', 'inverted_hammer', 'engulfing', 'inverted_hammer', 'hammer']","[739, 379, 377, 360, 50]"
sp500,VIR,1d,"['engulfing', 'hammer', 'RSI_OVERSOLD', 'RSI_OVERSOLD', 'engulfing']","[468, 355, 352, 293, 228]"
sp500,VIRT,1d,"['RSI_OVERSOLD', 'rebound', 'rebound', 'engulfing', 'RSI_OVERSOLD']","[269, 266, 255, 13, 10]"
sp500,VLO,1d,"['inverted_hammer', 'RSI_OVERSOLD', 'RSI_OVERSOLD', 'rebound', 'hammer']","[729, 450, 379, 377, 203]"
sp500,VLTO,1d,"['RSI_OVERSOLD', 'RSI_OVERSOLD', 'RSI_OVERSOLD', 'RSI_OVERSOLD']","[419, 378, 169, 134]"
sp500,VLY,1d,"['RSI_OVERSOLD', 'RSI_OVERSOLD', 'engulfing', 'RSI_OVERSOLD', 'hammer']","[449, 436, 435, 6, 4]"
sp500,VMC,1d,"['rebound', 'RSI_OVERSOLD', 'inverted_hammer', 'RSI_OVERSOLD', 'inverted_hammer']","[398, 97, 20, 15, 13]"
sp500,VMI,1d,"['engulfing', 'RSI_OVERSOLD', 'RSI_OVERSOLD', 'RSI_OVERSOLD', 'RSI_OVERSOLD']","[521, 449, 140, 132, 54]"
sp500,VMRK,1d,"['RSI_OVERSOLD', 'RSI_OVERSOLD', 'RSI_OVERSOLD', 'RSI_OVERSOLD', 'RSI_OVERSOLD']","[482, 378, 235, 138, 13]"
sp500,VNO,1d,"['rebound', 'RSI_OVERSOLD', 'rebound', 'piercing_line', 'RSI_OVERSOLD']","[1000, 900, 895, 887, 222]"
sp500,VNOM,1d,"['inverted_hammer', 'inverted_hammer', 'hammer', 'inverted_hammer', 'RSI_OVERSOLD']","[909, 841, 451, 448, 378]"
sp500,VNT,1d,"['rebound', 'RSI_OVERSOLD', 'hammer', 'inverted_hammer', 'RSI_OVERSOLD']","[378, 248, 233, 231, 105]"
sp500,VOYA,1d,"['inverted_hammer', 'hammer', 'RSI_OVERSOLD', 'rebound', 'RSI_OVERSOLD']","[774, 621, 456, 450, 378]"
sp500,VRRM,1d,"['RSI_OVERSOLD, rebound', 'engulfing', 'RSI_OVERSOLD', 'hammer', 'rebound']","[92, 83, 20, 15, 7]"
sp500,VRSK,1d,"['RSI_OVERSOLD, rebound', 'RSI_OVERSOLD', 'rebound', 'piercing_line', 'RSI_OVERSOLD']","[235, 170, 166, 164, 125]"
sp500,VRSN,1d,"['RSI_OVERSOLD', 'rebound', 'RSI_OVERSOLD', 'RSI_OVERSOLD', 'engulfing']","[240, 238, 167, 75, 73]"
sp500,VRT,1d,"['hammer', 'RSI_OVERSOLD', 'engulfing', 'hammer', 'RSI_OVERSOLD']","[891, 378, 377, 284, 49]"
sp500,VRTS,1d,"['RSI_OVERSOLD', 'RSI_OVERSOLD', 'RSI_OVERSOLD', 'RSI_OVERSOLD', 'rebound']","[449, 397, 378, 18, 15]"
sp500,VRTX,1d,"['RSI_OVERSOLD', 'RSI_OVERSOLD', 'RSI_OVERSOLD', 'RSI_OVERSOLD', 'piercing_line']","[1334, 449, 356, 295, 291]"
sp500,VSAT,1d,"['hammer', 'RSI_OVERSOLD', 'inverted_hammer', 'RSI_OVERSOLD', 'rebound']","[670, 668, 595, 483, 474]"
sp500,VSEC,1d,"['engulfing', 'RSI_OVERSOLD', 'RSI_OVERSOLD', 'RSI_OVERSOLD', 'RSI_OVERSOLD']","[1124, 1080, 898, 442, 4]"
sp500,VSH,1d,"['RSI_OVERSOLD', 'rebound', 'RSI_OVERSOLD', 'RSI_OVERSOLD', 'RSI_OVERSOLD']","[521, 474, 472, 379, 294]"
sp500,VSNT,1d,['hammer'],[76]
sp500,VST,1d,"['RSI_OVERSOLD', 'RSI_OVERSOLD', 'RSI_OVERSOLD', 'hammer', 'RSI_OVERSOLD']","[1010, 1008, 552, 406, 399]"
sp500,VSTS,1d,"['rebound', 'RSI_OVERSOLD', 'RSI_OVERSOLD', 'engulfing', 'inverted_hammer']","[377, 356, 292, 289, 271]"
sp500,VSXY,1d,"['RSI_OVERSOLD', 'RSI_OVERSOLD', 'rebound', 'hammer', 'RSI_OVERSOLD']","[648, 411, 403, 401, 379]"
sp500,VTOL,1d,"['RSI_OVERSOLD', 'RSI_OVERSOLD', 'RSI_OVERSOLD', 'RSI_OVERSOLD', 'hammer']","[1080, 898, 378, 106, 105]"
sp500,VTR,1d,"['engulfing', 'RSI_OVERSOLD', 'RSI_OVERSOLD', 'hammer', 'hammer']","[998, 897, 792, 790, 664]"
sp500,VTRS,1d,"['RSI_OVERSOLD', 'piercing_line', 'RSI_OVERSOLD', 'engulfing', 'inverted_hammer']","[404, 375, 374, 265, 145]"
sp500,VVV,1d,"['RSI_OVERSOLD, rebound', 'hammer', 'RSI_OVERSOLD', 'RSI_OVERSOLD', 'rebound']","[220, 147, 41, 21, 15]"
sp500,VVX,1d,"['RSI_OVERSOLD', 'RSI_OVERSOLD', 'RSI_OVERSOLD', 'RSI_OVERSOLD', 'RSI_OVERSOLD']","[731, 689, 684, 449, 412]"
sp500,VYX,1d,"['RSI_OVERSOLD', 'RSI_OVERSOLD', 'RSI_OVERSOLD', 'RSI_OVERSOLD', 'RSI_OVERSOLD']","[378, 248, 220, 153, 146]"
sp500,VZ,1d,"['RSI_OVERSOLD', 'hammer', 'RSI_OVERSOLD', 'RSI_OVERSOLD', 'hammer']","[438, 437, 249, 239, 126]"
sp500,WAB,1d,"['hammer', 'hammer', 'RSI_OVERSOLD', 'RSI_OVERSOLD', 'engulfing']","[411, 401, 378, 300, 147]"
sp500,WABC,1d,"['rebound', 'inverted_hammer', 'RSI_OVERSOLD', 'piercing_line', 'RSI_OVERSOLD']","[672, 504, 449, 435, 378]"
sp500,WAFD,1d,"['RSI_OVERSOLD', 'RSI_OVERSOLD', 'RSI_OVERSOLD', 'rebound', 'rebound']","[244, 21, 18, 13, 11]"
sp500,WAL,1d,"['RSI_OVERSOLD', 'hammer', 'RSI_OVERSOLD', 'RSI_OVERSOLD, rebound', 'RSI_OVERSOLD']","[379, 378, 249, 244, 148]"
sp500,WAT,1d,"['RSI_OVERSOLD', 'RSI_OVERSOLD', 'RSI_OVERSOLD', 'engulfing', 'engulfing']","[376, 311, 166, 164, 160]"
sp500,WAY,1d,"['hammer', 'RSI_OVERSOLD', 'rebound', 'engulfing', 'rebound']","[179, 174, 169, 164, 110]"
sp500,WBD,1d,"['RSI_OVERSOLD', 'RSI_OVERSOLD', 'RSI_OVERSOLD', 'RSI_OVERSOLD', 'RSI_OVERSOLD']","[1083, 657, 651, 611, 378]"
sp500,WCC,1d,"['RSI_OVERSOLD', 'engulfing', 'RSI_OVERSOLD', 'engulfing', 'hammer']","[450, 448, 378, 377, 65]"
sp500,WD,1d,"['RSI_OVERSOLD', 'rebound', 'RSI_OVERSOLD', 'engulfing', 'hammer']","[229, 222, 154, 152, 41]"
sp500,WDAY,1d,"['RSI_OVERSOLD, rebound', 'rebound', 'hammer, RSI_OVERSOLD', 'rebound', 'RSI_OVERSOLD']","[166, 157, 153, 135, 125]"
sp500,WDC,1d,"['RSI_OVERSOLD', 'RSI_OVERSOLD', 'rebound', 'RSI_OVERSOLD', 'RSI_OVERSOLD']","[549, 546, 545, 399, 379]"
sp500,WDFC,1d,"['rebound', 'RSI_OVERSOLD', 'RSI_OVERSOLD', 'RSI_OVERSOLD', 'RSI_OVERSOLD']","[438, 435, 303, 257, 21]"
sp500,WEC,1d,"['RSI_OVERSOLD, rebound', 'hammer', 'RSI_OVERSOLD', 'engulfing', 'inverted_hammer']","[756, 351, 209, 204, 46]"
sp500,WELL,1d,"['hammer', 'RSI_OVERSOLD', 'rebound', 'RSI_OVERSOLD', 'engulfing']","[1017, 1005, 1001, 449, 87]"
sp500,WEN,1d,"['RSI_OVERSOLD', 'RSI_OVERSOLD', 'piercing_line', 'RSI_OVERSOLD', 'hammer']","[414, 378, 375, 357, 2]"
sp500,WERN,1d,"['RSI_OVERSOLD', 'RSI_OVERSOLD', 'RSI_OVERSOLD', 'RSI_OVERSOLD', 'RSI_OVERSOLD']","[379, 377, 361, 49, 9]"
sp500,WEX,1d,"['RSI_OVERSOLD', 'RSI_OVERSOLD', 'hammer', 'RSI_OVERSOLD', 'inverted_hammer']","[378, 223, 101, 77, 7]"
sp500,WFC,1d,"['RSI_OVERSOLD', 'RSI_OVERSOLD', 'inverted_hammer', 'hammer', 'engulfing']","[397, 378, 179, 144, 4]"
sp500,WFRD,1d,"['RSI_OVERSOLD', 'rebound', 'hammer', 'RSI_OVERSOLD', 'RSI_OVERSOLD']","[379, 378, 147, 144, 56]"
sp500,WGO,1d,"['RSI_OVERSOLD', 'hammer, rebound', 'RSI_OVERSOLD', 'hammer', 'RSI_OVERSOLD']","[153, 147, 135, 129, 2]"
sp500,WH,1d,"['engulfing', 'engulfing', 'RSI_OVERSOLD', 'hammer', 'piercing_line']","[893, 618, 397, 237, 235]"
sp500,WHD,1d,"['RSI_OVERSOLD', 'rebound', 'RSI_OVERSOLD', 'rebound', 'RSI_OVERSOLD']","[404, 397, 379, 376, 248]"
sp500,WHR,1d,"['rebound', 'RSI_OVERSOLD', 'engulfing', 'RSI_OVERSOLD', 'RSI_OVERSOLD']","[147, 104, 97, 16, 13]"
sp500,WINA,1d,"['piercing_line', 'RSI_OVERSOLD', 'inverted_hammer', 'engulfing', 'hammer']","[406, 402, 401, 47, 16]"
sp500,WING,1d,"['RSI_OVERSOLD', 'RSI_OVERSOLD', 'RSI_OVERSOLD', 'inverted_hammer', 'RSI_OVERSOLD']","[301, 234, 136, 133, 45]"
sp500,WKC,1d,"['RSI_OVERSOLD', 'engulfing', 'RSI_OVERSOLD', 'RSI_OVERSOLD', 'RSI_OVERSOLD']","[487, 484, 378, 297, 147]"
sp500,WLK,1d,"['RSI_OVERSOLD', 'RSI_OVERSOLD', 'rebound', 'RSI_OVERSOLD', 'RSI_OVERSOLD']","[104, 76, 68, 48, 6]"
sp500,WLY,1d,"['RSI_OVERSOLD', 'RSI_OVERSOLD', 'RSI_OVERSOLD', 'rebound', 'RSI_OVERSOLD, rebound']","[458, 330, 221, 208, 207]"
sp500,WM,1d,"['RSI_OVERSOLD', 'rebound', 'hammer', 'RSI_OVERSOLD', 'hammer']","[451, 441, 351, 236, 119]"
sp500,WMB,1d,"['RSI_OVERSOLD', 'RSI_OVERSOLD', 'RSI_OVERSOLD', 'hammer', 'hammer']","[1081, 1075, 1012, 621, 451]"
sp500,WMG,1d,"['RSI_OVERSOLD, rebound', 'RSI_OVERSOLD', 'RSI_OVERSOLD', 'RSI_OVERSOLD', 'engulfing']","[853, 437, 378, 140, 71]"
sp500,WMS,1d,"['RSI_OVERSOLD', 'RSI_OVERSOLD', 'rebound', 'RSI_OVERSOLD', 'RSI_OVERSOLD']","[983, 738, 419, 148, 144]"
sp500,WMT,1d,"['inverted_hammer', 'RSI_OVERSOLD', 'RSI_OVERSOLD', 'RSI_OVERSOLD', 'RSI_OVERSOLD']","[396, 395, 90, 68, 33]"
sp500,WOR,1d,"['RSI_OVERSOLD', 'inverted_hammer', 'RSI_OVERSOLD', 'RSI_OVERSOLD', 'engulfing']","[260, 146, 140, 138, 68]"
sp500,WPC,1d,"['engulfing', 'RSI_OVERSOLD', 'inverted_hammer', 'RSI_OVERSOLD', 'engulfing']","[480, 479, 207, 138, 39]"
sp500,WRB,1d,"['rebound', 'hammer', 'inverted_hammer', 'RSI_OVERSOLD', 'rebound']","[613, 440, 212, 210, 209]"
sp500,WRBY,1d,"['RSI_OVERSOLD', 'RSI_OVERSOLD', 'RSI_OVERSOLD', 'rebound', 'engulfing']","[391, 379, 238, 229, 221]"
sp500,WRLD,1d,"['hammer, RSI_OVERSOLD', 'RSI_OVERSOLD', 'inverted_hammer', 'rebound', 'RSI_OVERSOLD']","[983, 742, 739, 737, 448]"
sp500,WS,1d,"['RSI_OVERSOLD', 'rebound', 'RSI_OVERSOLD', 'hammer']","[450, 449, 134, 16]"
sp500,WSBC,1d,"['RSI_OVERSOLD', 'RSI_OVERSOLD', 'RSI_OVERSOLD', 'rebound', 'hammer']","[954, 892, 866, 861, 859]"
sp500,WSC,1d,"['engulfing', 'RSI_OVERSOLD', 'rebound', 'hammer', 'RSI_OVERSOLD']","[256, 229, 228, 13, 6]"
sp500,WSFS,1d,"['RSI_OVERSOLD', 'inverted_hammer', 'hammer', 'engulfing', 'engulfing']","[378, 298, 297, 296, 254]"
sp500,WSM,1d,"['RSI_OVERSOLD', 'RSI_OVERSOLD', 'hammer', 'RSI_OVERSOLD', 'RSI_OVERSOLD']","[1192, 1160, 479, 379, 144]"
sp500,WSO,1d,"['RSI_OVERSOLD', 'RSI_OVERSOLD', 'RSI_OVERSOLD', 'RSI_OVERSOLD', 'RSI_OVERSOLD']","[1080, 438, 245, 219, 49]"
sp500,WST,1d,"['RSI_OVERSOLD', 'hammer', 'RSI_OVERSOLD', 'rebound', 'RSI_OVERSOLD']","[552, 499, 413, 378, 177]"
sp500,WT,1d,"['RSI_OVERSOLD', 'inverted_hammer', 'RSI_OVERSOLD', 'RSI_OVERSOLD', 'inverted_hammer']","[438, 437, 401, 377, 82]"
sp500,WTFC,1d,"['hammer', 'inverted_hammer', 'RSI_OVERSOLD', 'RSI_OVERSOLD', 'RSI_OVERSOLD']","[583, 582, 401, 379, 144]"
sp500,WTRG,1d,"['RSI_OVERSOLD', 'RSI_OVERSOLD', 'engulfing', 'rebound', 'hammer']","[906, 450, 448, 436, 4]"
sp500,WTS,1d,"['hammer', 'RSI_OVERSOLD', 'hammer', 'RSI_OVERSOLD', 'engulfing']","[589, 587, 572, 483, 447]"
sp500,WTW,1d,"['RSI_OVERSOLD', 'RSI_OVERSOLD', 'RSI_OVERSOLD', 'RSI_OVERSOLD', 'piercing_line']","[378, 233, 164, 110, 108]"
sp500,WU,1d,"['RSI_OVERSOLD', 'inverted_hammer, RSI_OVERSOLD', 'rebound', 'RSI_OVERSOLD', 'RSI_OVERSOLD']","[87, 76, 74, 47, 13]"
sp500,WWD,1d,"['engulfing', 'RSI_OVERSOLD', 'RSI_OVERSOLD', 'engulfing', 'RSI_OVERSOLD']","[893, 892, 549, 448, 378]"
sp500,WWW,1d,"['RSI_OVERSOLD', 'RSI_OVERSOLD', 'RSI_OVERSOLD', 'hammer, rebound', 'inverted_hammer']","[379, 377, 233, 230, 101]"
sp500,WY,1d,"['RSI_OVERSOLD', 'hammer', 'engulfing', 'RSI_OVERSOLD', 'rebound']","[138, 25, 17, 9, 4]"
sp500,WYNN,1d,"['RSI_OVERSOLD', 'RSI_OVERSOLD', 'RSI_OVERSOLD', 'rebound', 'hammer']","[479, 379, 19, 10, 9]"
sp500,XEL,1d,"['RSI_OVERSOLD', 'rebound', 'RSI_OVERSOLD', 'RSI_OVERSOLD', 'hammer']","[653, 651, 202, 199, 8]"
sp500,XHR,1d,"['engulfing', 'RSI_OVERSOLD', 'RSI_OVERSOLD', 'rebound', 'rebound']","[544, 406, 395, 382, 379]"
sp500,XNCR,1d,"['RSI_OVERSOLD', 'inverted_hammer', 'RSI_OVERSOLD', 'rebound', 'RSI_OVERSOLD']","[543, 422, 402, 385, 292]"
sp500,XOM,1d,"['hammer', 'RSI_OVERSOLD', 'rebound', 'RSI_OVERSOLD', 'hammer']","[682, 455, 449, 377, 76]"
sp500,XPEL,1d,"['rebound', 'RSI_OVERSOLD', 'RSI_OVERSOLD', 'RSI_OVERSOLD', 'hammer']","[401, 378, 297, 153, 9]"
sp500,XPO,1d,"['RSI_OVERSOLD', 'RSI_OVERSOLD', 'hammer', 'engulfing', 'RSI_OVERSOLD']","[1177, 1123, 1012, 519, 378]"
sp500,XRAY,1d,"['RSI_OVERSOLD', 'RSI_OVERSOLD', 'hammer', 'RSI_OVERSOLD', 'rebound']","[16, 14, 7, 5, 3]"
sp500,XYL,1d,"['rebound', 'RSI_OVERSOLD', 'engulfing', 'inverted_hammer', 'RSI_OVERSOLD']","[377, 221, 162, 26, 24]"
sp500,XYZ,1d,"['engulfing', 'RSI_OVERSOLD', 'RSI_OVERSOLD', 'RSI_OVERSOLD', 'RSI_OVERSOLD, rebound']","[377, 224, 170, 168, 163]"
sp500,YELP,1d,"['rebound', 'rebound', 'engulfing', 'RSI_OVERSOLD', 'RSI_OVERSOLD']","[163, 162, 160, 101, 12]"
sp500,YETI,1d,"['inverted_hammer', 'inverted_hammer', 'hammer', 'RSI_OVERSOLD', 'RSI_OVERSOLD']","[690, 448, 443, 377, 36]"
sp500,YOU,1d,"['inverted_hammer', 'RSI_OVERSOLD', 'hammer, RSI_OVERSOLD', 'inverted_hammer', 'RSI_OVERSOLD']","[766, 428, 254, 251, 15]"
sp500,YUM,1d,"['RSI_OVERSOLD', 'RSI_OVERSOLD', 'rebound', 'RSI_OVERSOLD', 'RSI_OVERSOLD']","[759, 752, 748, 569, 436]"
sp500,ZBH,1d,"['RSI_OVERSOLD', 'RSI_OVERSOLD', 'RSI_OVERSOLD', 'RSI_OVERSOLD', 'RSI_OVERSOLD']","[437, 416, 358, 230, 112]"
sp500,ZBRA,1d,"['rebound', 'hammer', 'engulfing', 'RSI_OVERSOLD, rebound', 'rebound']","[413, 412, 411, 379, 375]"
sp500,ZD,1d,"['RSI_OVERSOLD', 'rebound', 'RSI_OVERSOLD', 'hammer', 'hammer, RSI_OVERSOLD']","[406, 404, 369, 223, 156]"
sp500,ZION,1d,"['RSI_OVERSOLD', 'RSI_OVERSOLD', 'hammer, rebound', 'engulfing', 'RSI_OVERSOLD']","[397, 379, 378, 377, 244]"
sp500,ZTS,1d,"['RSI_OVERSOLD', 'hammer', 'RSI_OVERSOLD', 'rebound', 'engulfing']","[231, 228, 105, 101, 98]"
sp500,ZWS,1d,"['hammer', 'RSI_OVERSOLD', 'inverted_hammer', 'RSI_OVERSOLD', 'rebound']","[1027, 751, 741, 379, 375]"
sp500,A,1w,"['RSI_OVERSOLD', 'RSI_OVERSOLD', 'hammer', 'RSI_OVERSOLD', 'engulfing']","[175, 155, 84, 80, 77]"
sp500,AA,1w,"['RSI_OVERSOLD', 'RSI_OVERSOLD', 'RSI_OVERSOLD', 'engulfing']","[351, 345, 80, 77]"
sp500,AAL,1w,"['RSI_OVERSOLD', 'RSI_OVERSOLD', 'inverted_hammer', 'RSI_OVERSOLD', 'RSI_OVERSOLD']","[335, 156, 155, 115, 80]"
sp500,AAMI,1w,"['hammer', 'RSI_OVERSOLD']","[344, 343]"
sp500,AAON,1w,"['RSI_OVERSOLD', 'RSI_OVERSOLD']","[244, 85]"
sp500,AAP,1w,"['RSI_OVERSOLD', 'engulfing', 'RSI_OVERSOLD', 'RSI_OVERSOLD', 'RSI_OVERSOLD']","[176, 170, 152, 110, 106]"
sp500,AAPL,1w,['RSI_OVERSOLD'],[408]
sp500,AAT,1w,"['RSI_OVERSOLD', 'RSI_OVERSOLD', 'RSI_OVERSOLD']","[344, 188, 80]"
sp500,ABBV,1w,"['RSI_OVERSOLD', 'hammer']","[376, 172]"
sp500,ABCB,1w,"['RSI_OVERSOLD', 'RSI_OVERSOLD', 'RSI_OVERSOLD', 'hammer']","[345, 335, 187, 2]"
sp500,ABG,1w,"['RSI_OVERSOLD', 'inverted_hammer']","[344, 31]"
sp500,ABM,1w,['RSI_OVERSOLD'],[344]
sp500,ABNB,1w,['RSI_OVERSOLD'],[114]
sp500,ABR,1w,"['engulfing', 'engulfing', 'RSI_OVERSOLD', 'inverted_hammer', 'RSI_OVERSOLD']","[46, 36, 22, 21, 4]"
sp500,ABT,1w,"['RSI_OVERSOLD', 'inverted_hammer']","[38, 31]"
sp500,ACA,1w,['piercing_line'],[79]
sp500,ACAD,1w,"['RSI_OVERSOLD', 'engulfing', 'inverted_hammer', 'hammer', 'RSI_OVERSOLD']","[292, 284, 232, 231, 127]"
sp500,ACGL,1w,"['RSI_OVERSOLD', 'RSI_OVERSOLD']","[344, 341]"
sp500,ACHC,1w,"['RSI_OVERSOLD', 'RSI_OVERSOLD', 'inverted_hammer', 'RSI_OVERSOLD', 'RSI_OVERSOLD']","[341, 102, 101, 85, 62]"
sp500,ACI,1w,"['RSI_OVERSOLD', 'RSI_OVERSOLD']","[17, 12]"
sp500,ACIW,1w,"['RSI_OVERSOLD', 'RSI_OVERSOLD']","[343, 341]"
sp500,ACLS,1w,"['hammer', 'engulfing', 'RSI_OVERSOLD', 'RSI_OVERSOLD', 'RSI_OVERSOLD']","[154, 152, 100, 95, 88]"
sp500,ACM,1w,"['RSI_OVERSOLD', 'RSI_OVERSOLD', 'RSI_OVERSOLD']","[408, 343, 22]"
sp500,ACMR,1w,['RSI_OVERSOLD'],[209]
sp500,ACN,1w,"['RSI_OVERSOLD', 'hammer', 'engulfing', 'RSI_OVERSOLD', 'RSI_OVERSOLD']","[62, 33, 32, 31, 17]"
sp500,ACT,1w,,
sp500,ADAM,1w,"['RSI_OVERSOLD', 'hammer', 'hammer', 'inverted_hammer', 'RSI_OVERSOLD']","[226, 211, 140, 134, 128]"
sp500,ADBE,1w,"['RSI_OVERSOLD', 'RSI_OVERSOLD']","[36, 17]"
sp500,ADC,1w,['RSI_OVERSOLD'],[343]
sp500,ADEA,1w,['RSI_OVERSOLD'],[467]
sp500,ADI,1w,"['RSI_OVERSOLD', 'RSI_OVERSOLD']","[343, 80]"
sp500,ADIG,1w,,
sp500,ADM,1w,"['inverted_hammer', 'engulfing', 'RSI_OVERSOLD', 'engulfing', 'RSI_OVERSOLD']","[343, 342, 142, 137, 88]"
sp500,ADMA,1w,"['RSI_OVERSOLD', 'RSI_OVERSOLD', 'RSI_OVERSOLD', 'RSI_OVERSOLD']","[491, 408, 29, 23]"
sp500,ADNT,1w,"['RSI_OVERSOLD', 'RSI_OVERSOLD', 'hammer', 'engulfing', 'RSI_OVERSOLD']","[343, 341, 240, 117, 114]"
sp500,ADP,1w,"['RSI_OVERSOLD', 'RSI_OVERSOLD', 'RSI_OVERSOLD', 'RSI_OVERSOLD']","[343, 50, 36, 31]"
sp500,ADSK,1w,"['RSI_OVERSOLD', 'hammer', 'hammer', 'RSI_OVERSOLD']","[243, 128, 83, 36]"
sp500,ADT,1w,"['inverted_hammer', 'RSI_OVERSOLD', 'RSI_OVERSOLD', 'RSI_OVERSOLD']","[395, 343, 180, 32]"
sp500,ADUS,1w,"['RSI_OVERSOLD', 'engulfing', 'RSI_OVERSOLD', 'RSI_OVERSOLD']","[343, 245, 85, 83]"
sp500,AEE,1w,"['inverted_hammer', 'hammer', 'hammer']","[298, 158, 140]"
sp500,AEIS,1w,"['RSI_OVERSOLD', 'RSI_OVERSOLD', 'RSI_OVERSOLD']","[408, 343, 80]"
sp500,AEO,1w,"['RSI_OVERSOLD', 'hammer', 'RSI_OVERSOLD', 'RSI_OVERSOLD', 'inverted_hammer']","[241, 84, 83, 80, 31]"
sp500,AEP,1w,['RSI_OVERSOLD'],[158]
sp500,AES,1w,"['RSI_OVERSOLD', 'hammer']","[344, 242]"
sp500,AESI,1w,['RSI_OVERSOLD'],[75]
sp500,AFG,1w,"['RSI_OVERSOLD', 'RSI_OVERSOLD']","[409, 344]"
sp500,AFL,1w,['RSI_OVERSOLD'],[346]
sp500,AGCO,1w,"['RSI_OVERSOLD', 'RSI_OVERSOLD']","[346, 344]"
sp500,AGNT,1w,"['engulfing', 'RSI_OVERSOLD', 'RSI_OVERSOLD', 'RSI_OVERSOLD', 'RSI_OVERSOLD']","[232, 226, 75, 33, 22]"
sp500,AGO,1w,"['engulfing', 'RSI_OVERSOLD', 'RSI_OVERSOLD']","[457, 344, 186]"
sp500,AGX,1w,"['RSI_OVERSOLD', 'hammer']","[462, 381]"
sp500,AGYS,1w,"['RSI_OVERSOLD', 'RSI_OVERSOLD']","[343, 37]"
sp500,AHCO,1w,"['hammer', 'engulfing', 'hammer', 'RSI_OVERSOLD']","[242, 182, 180, 10]"
sp500,AHR,1w,,
sp500,AIG,1w,"['RSI_OVERSOLD', 'hammer', 'RSI_OVERSOLD', 'RSI_OVERSOLD', 'engulfing']","[416, 413, 410, 346, 342]"
sp500,AIN,1w,"['RSI_OVERSOLD', 'engulfing', 'inverted_hammer', 'RSI_OVERSOLD']","[344, 342, 82, 80]"
sp500,AIR,1w,['RSI_OVERSOLD'],[344]
sp500,AIT,1w,"['RSI_OVERSOLD', 'inverted_hammer']","[344, 82]"
sp500,AIZ,1w,"['RSI_OVERSOLD', 'inverted_hammer', 'RSI_OVERSOLD', 'RSI_OVERSOLD']","[343, 294, 206, 187]"
sp500,AJG,1w,"['RSI_OVERSOLD', 'RSI_OVERSOLD', 'RSI_OVERSOLD']","[343, 50, 35]"
sp500,AKAM,1w,"['engulfing', 'RSI_OVERSOLD']","[487, 127]"
sp500,AKR,1w,"['RSI_OVERSOLD', 'RSI_OVERSOLD', 'RSI_OVERSOLD', 'engulfing', 'inverted_hammer']","[454, 344, 335, 222, 187]"
sp500,ALB,1w,"['RSI_OVERSOLD', 'engulfing', 'RSI_OVERSOLD', 'hammer', 'RSI_OVERSOLD']","[155, 152, 114, 113, 80]"
sp500,ALG,1w,"['inverted_hammer', 'RSI_OVERSOLD', 'RSI_OVERSOLD']","[409, 343, 48]"
sp500,ALGM,1w,"['RSI_OVERSOLD', 'engulfing']","[154, 152]"
sp500,ALGN,1w,"['RSI_OVERSOLD', 'RSI_OVERSOLD', 'engulfing', 'RSI_OVERSOLD', 'engulfing']","[207, 155, 152, 83, 79]"
sp500,ALGT,1w,"['RSI_OVERSOLD', 'RSI_OVERSOLD', 'RSI_OVERSOLD', 'inverted_hammer', 'RSI_OVERSOLD']","[345, 154, 125, 122, 80]"
sp500,ALHC,1w,"['RSI_OVERSOLD', 'RSI_OVERSOLD', 'RSI_OVERSOLD']","[248, 188, 4]"
sp500,ALK,1w,"['engulfing', 'RSI_OVERSOLD', 'RSI_OVERSOLD', 'RSI_OVERSOLD', 'RSI_OVERSOLD']","[465, 346, 339, 335, 158]"
sp500,ALKS,1w,"['RSI_OVERSOLD', 'RSI_OVERSOLD']","[408, 385]"
sp500,ALL,1w,['RSI_OVERSOLD'],[343]
sp500,ALLE,1w,"['RSI_OVERSOLD', 'hammer']","[343, 242]"
sp500,ALLY,1w,['RSI_OVERSOLD'],[345]
sp500,ALRM,1w,"['engulfing', 'RSI_OVERSOLD']","[202, 34]"
sp500,ALSN,1w,"['engulfing', 'engulfing']","[342, 82]"
sp500,ALV,1w,"['hammer', 'RSI_OVERSOLD', 'inverted_hammer', 'engulfing', 'inverted_hammer']","[386, 344, 234, 233, 115]"
sp500,AM,1w,"['RSI_OVERSOLD', 'hammer', 'RSI_OVERSOLD', 'RSI_OVERSOLD', 'engulfing']","[408, 407, 376, 362, 341]"
sp500,AMAT,1w,"['hammer', 'RSI_OVERSOLD']","[83, 80]"
sp500,AMCR,1w,['RSI_OVERSOLD'],[344]
sp500,AMD,1w,,
sp500,AME,1w,"['RSI_OVERSOLD', 'engulfing', 'RSI_OVERSOLD', 'RSI_OVERSOLD']","[344, 342, 226, 80]"
sp500,AMG,1w,"['hammer', 'RSI_OVERSOLD', 'inverted_hammer']","[413, 344, 343]"
sp500,AMGN,1w,"['inverted_hammer', 'hammer']","[343, 261]"
sp500,AMH,1w,"['RSI_OVERSOLD', 'engulfing']","[453, 52]"
sp500,AMKR,1w,"['RSI_OVERSOLD', 'RSI_OVERSOLD', 'RSI_OVERSOLD']","[419, 343, 85]"
sp500,AMN,1w,"['RSI_OVERSOLD', 'RSI_OVERSOLD', 'RSI_OVERSOLD', 'engulfing', 'hammer']","[154, 138, 101, 97, 62]"
sp500,AMP,1w,"['RSI_OVERSOLD', 'RSI_OVERSOLD', 'engulfing']","[408, 344, 342]"
sp500,AMPH,1w,['RSI_OVERSOLD'],[344]
sp500,AMR,1w,"['inverted_hammer', 'RSI_OVERSOLD', 'RSI_OVERSOLD']","[88, 85, 75]"
sp500,AMRX,1w,['RSI_OVERSOLD'],[386]
sp500,AMSF,1w,"['RSI_OVERSOLD', 'RSI_OVERSOLD', 'RSI_OVERSOLD']","[33, 8, 6]"
sp500,AMT,1w,['RSI_OVERSOLD'],[209]
sp500,AMTM,1w,,
sp500,AMZN,1w,"['RSI_OVERSOLD', 'hammer']","[232, 231]"
sp500,AN,1w,"['RSI_OVERSOLD', 'RSI_OVERSOLD', 'hammer']","[419, 344, 2]"
sp500,ANDE,1w,"['RSI_OVERSOLD', 'RSI_OVERSOLD', 'RSI_OVERSOLD', 'RSI_OVERSOLD']","[408, 378, 366, 335]"
sp500,ANET,1w,"['hammer', 'RSI_OVERSOLD', 'piercing_line']","[231, 80, 79]"
sp500,ANF,1w,"['RSI_OVERSOLD', 'engulfing', 'hammer', 'RSI_OVERSOLD']","[343, 342, 215, 84]"
sp500,ANIP,1w,"['RSI_OVERSOLD', 'hammer']","[408, 231]"
sp500,AON,1w,"['RSI_OVERSOLD', 'engulfing', 'RSI_OVERSOLD']","[343, 342, 3]"
sp500,AORT,1w,"['RSI_OVERSOLD', 'RSI_OVERSOLD', 'RSI_OVERSOLD']","[343, 209, 23]"
sp500,AOS,1w,"['RSI_OVERSOLD', 'hammer']","[419, 209]"
sp500,AOSL,1w,['RSI_OVERSOLD'],[343]
sp500,APA,1w,"['hammer', 'RSI_OVERSOLD', 'RSI_OVERSOLD', 'RSI_OVERSOLD', 'RSI_OVERSOLD']","[493, 409, 374, 344, 79]"
sp500,APAM,1w,"['RSI_OVERSOLD', 'RSI_OVERSOLD', 'RSI_OVERSOLD', 'hammer', 'RSI_OVERSOLD']","[415, 410, 343, 242, 240]"
sp500,APD,1w,"['RSI_OVERSOLD', 'RSI_OVERSOLD']","[244, 140]"
sp500,APG,1w,"['hammer', 'RSI_OVERSOLD']","[231, 226]"
sp500,APH,1w,"['RSI_OVERSOLD', 'inverted_hammer']","[344, 234]"
sp500,APLE,1w,"['RSI_OVERSOLD', 'RSI_OVERSOLD', 'RSI_OVERSOLD', 'RSI_OVERSOLD', 'hammer']","[346, 341, 80, 76, 75]"
sp500,APO,1w,"['RSI_OVERSOLD', 'RSI_OVERSOLD', 'RSI_OVERSOLD']","[408, 343, 33]"
sp500,APOG,1w,"['RSI_OVERSOLD', 'RSI_OVERSOLD']","[344, 341]"
sp500,APP,1w,['RSI_OVERSOLD'],[204]
sp500,APPF,1w,"['RSI_OVERSOLD', 'hammer', 'RSI_OVERSOLD']","[231, 226, 36]"
sp500,APTV,1w,"['hammer', 'RSI_OVERSOLD', 'engulfing', 'RSI_OVERSOLD', 'RSI_OVERSOLD']","[23, 22, 21, 7, 4]"
sp500,AR,1w,"['RSI_OVERSOLD', 'RSI_OVERSOLD', 'RSI_OVERSOLD', 'hammer']","[411, 398, 390, 366]"
sp500,ARCB,1w,"['RSI_OVERSOLD', 'RSI_OVERSOLD', 'RSI_OVERSOLD', 'inverted_hammer']","[350, 345, 341, 77]"
sp500,ARE,1w,"['RSI_OVERSOLD', 'RSI_OVERSOLD', 'RSI_OVERSOLD', 'RSI_OVERSOLD']","[155, 79, 49, 45]"
sp500,ARES,1w,"['RSI_OVERSOLD', 'engulfing', 'RSI_OVERSOLD', 'RSI_OVERSOLD']","[343, 82, 80, 33]"
sp500,ARLO,1w,"['engulfing', 'RSI_OVERSOLD', 'RSI_OVERSOLD']","[399, 375, 343]"
sp500,ARMK,1w,"['RSI_OVERSOLD', 'RSI_OVERSOLD', 'engulfing']","[408, 345, 186]"
sp500,AROC,1w,"['hammer', 'RSI_OVERSOLD', 'RSI_OVERSOLD', 'engulfing']","[486, 408, 345, 338]"
sp500,ARR,1w,"['RSI_OVERSOLD', 'RSI_OVERSOLD', 'inverted_hammer', 'RSI_OVERSOLD', 'RSI_OVERSOLD']","[226, 211, 187, 80, 2]"
sp500,ARW,1w,"['RSI_OVERSOLD', 'inverted_hammer']","[344, 82]"
sp500,ARWR,1w,"['inverted_hammer', 'RSI_OVERSOLD', 'hammer', 'RSI_OVERSOLD']","[241, 231, 105, 80]"
sp500,ASB,1w,"['RSI_OVERSOLD', 'engulfing', 'inverted_hammer', 'RSI_OVERSOLD', 'hammer']","[346, 342, 234, 180, 83]"
sp500,ASH,1w,"['RSI_OVERSOLD', 'RSI_OVERSOLD', 'engulfing', 'RSI_OVERSOLD', 'RSI_OVERSOLD']","[153, 95, 91, 89, 76]"
sp500,ASO,1w,,
sp500,ASTE,1w,"['RSI_OVERSOLD', 'RSI_OVERSOLD', 'RSI_OVERSOLD', 'RSI_OVERSOLD', 'RSI_OVERSOLD']","[479, 428, 416, 240, 154]"
sp500,ASTH,1w,['RSI_OVERSOLD'],[343]
sp500,ATEN,1w,"['RSI_OVERSOLD', 'RSI_OVERSOLD']","[483, 344]"
sp500,ATI,1w,"['hammer', 'RSI_OVERSOLD', 'RSI_OVERSOLD', 'RSI_OVERSOLD']","[351, 344, 341, 338]"
sp500,ATMU,1w,,
sp500,ATO,1w,,
sp500,ATR,1w,"['RSI_OVERSOLD', 'RSI_OVERSOLD', 'inverted_hammer', 'RSI_OVERSOLD', 'RSI_OVERSOLD']","[346, 343, 264, 230, 50]"
sp500,AUB,1w,"['RSI_OVERSOLD', 'RSI_OVERSOLD', 'RSI_OVERSOLD', 'RSI_OVERSOLD', 'RSI_OVERSOLD']","[416, 409, 346, 181, 80]"
sp500,AVA,1w,"['RSI_OVERSOLD', 'engulfing']","[410, 400]"
sp500,AVAV,1w,['RSI_OVERSOLD'],[253]
sp500,AVGO,1w,['RSI_OVERSOLD'],[344]
sp500,AVNT,1w,"['RSI_OVERSOLD', 'engulfing', 'inverted_hammer', 'RSI_OVERSOLD', 'RSI_OVERSOLD']","[345, 342, 245, 211, 80]"
sp500,AVT,1w,"['RSI_OVERSOLD', 'RSI_OVERSOLD']","[346, 80]"
sp500,AVTR,1w,"['RSI_OVERSOLD', 'engulfing', 'hammer', 'RSI_OVERSOLD', 'RSI_OVERSOLD']","[213, 206, 99, 83, 63]"
sp500,AVY,1w,"['RSI_OVERSOLD', 'RSI_OVERSOLD']","[343, 241]"
sp500,AWI,1w,['RSI_OVERSOLD'],[343]
sp500,AWK,1w,"['RSI_OVERSOLD', 'inverted_hammer']","[159, 135]"
sp500,AWR,1w,,
sp500,AX,1w,"['RSI_OVERSOLD', 'RSI_OVERSOLD', 'RSI_OVERSOLD', 'engulfing', 'RSI_OVERSOLD']","[416, 408, 345, 342, 232]"
sp500,AXON,1w,"['engulfing', 'hammer', 'RSI_OVERSOLD']","[409, 231, 226]"
sp500,AXP,1w,"['hammer, RSI_OVERSOLD', 'engulfing', 'RSI_OVERSOLD', 'inverted_hammer', 'hammer']","[344, 342, 341, 155, 83]"
sp500,AXTA,1w,"['RSI_OVERSOLD', 'RSI_OVERSOLD', 'inverted_hammer', 'hammer, RSI_OVERSOLD']","[418, 345, 245, 240]"
sp500,AYI,1w,"['RSI_OVERSOLD', 'RSI_OVERSOLD', 'RSI_OVERSOLD', 'RSI_OVERSOLD']","[497, 441, 346, 80]"
sp500,AZO,1w,"['RSI_OVERSOLD', 'RSI_OVERSOLD', 'piercing_line']","[490, 343, 342]"
sp500,AZTA,1w,"['RSI_OVERSOLD', 'RSI_OVERSOLD']","[343, 30]"
sp500,AZZ,1w,['RSI_OVERSOLD'],[222]
sp500,BA,1w,"['RSI_OVERSOLD', 'RSI_OVERSOLD', 'RSI_OVERSOLD', 'piercing_line']","[346, 335, 231, 134]"
sp500,BAC,1w,"['RSI_OVERSOLD', 'engulfing', 'inverted_hammer', 'hammer', 'RSI_OVERSOLD']","[344, 342, 234, 83, 80]"
sp500,BAH,1w,['RSI_OVERSOLD'],[86]
sp500,BALL,1w,"['RSI_OVERSOLD', 'RSI_OVERSOLD']","[232, 226]"
sp500,BANC,1w,"['RSI_OVERSOLD', 'RSI_OVERSOLD']","[416, 343]"
sp500,BANF,1w,['RSI_OVERSOLD'],[345]
sp500,BANR,1w,['RSI_OVERSOLD'],[344]
sp500,BAX,1w,"['inverted_hammer', 'RSI_OVERSOLD', 'RSI_OVERSOLD', 'RSI_OVERSOLD', 'engulfing']","[187, 157, 63, 49, 48]"
sp500,BBT,1w,"['RSI_OVERSOLD', 'RSI_OVERSOLD', 'RSI_OVERSOLD', 'RSI_OVERSOLD', 'engulfing']","[409, 346, 339, 336, 230]"
sp500,BBWI,1w,"['RSI_OVERSOLD', 'RSI_OVERSOLD', 'RSI_OVERSOLD', 'engulfing', 'RSI_OVERSOLD']","[440, 372, 343, 113, 47]"
sp500,BBY,1w,"['RSI_OVERSOLD', 'RSI_OVERSOLD', 'RSI_OVERSOLD']","[409, 343, 80]"
sp500,BC,1w,"['RSI_OVERSOLD', 'RSI_OVERSOLD', 'RSI_OVERSOLD', 'engulfing', 'hammer']","[343, 341, 83, 77, 2]"
sp500,BCC,1w,"['RSI_OVERSOLD', 'RSI_OVERSOLD', 'piercing_line', 'RSI_OVERSOLD', 'hammer']","[414, 343, 342, 75, 69]"
sp500,BCO,1w,"['RSI_OVERSOLD', 'RSI_OVERSOLD', 'RSI_OVERSOLD']","[344, 338, 335]"
sp500,BCPC,1w,"['RSI_OVERSOLD', 'hammer']","[408, 53]"
sp500,BDC,1w,"['RSI_OVERSOLD', 'RSI_OVERSOLD', 'RSI_OVERSOLD', 'engulfing', 'RSI_OVERSOLD']","[346, 343, 153, 152, 80]"
sp500,BDX,1w,"['RSI_OVERSOLD', 'engulfing']","[76, 71]"
sp500,BE,1w,"['RSI_OVERSOLD', 'hammer', 'RSI_OVERSOLD']","[374, 231, 155]"
sp500,BEN,1w,"['RSI_OVERSOLD', 'engulfing']","[346, 234]"
sp500,BF-B,1w,"['inverted_hammer, RSI_OVERSOLD', 'hammer', 'RSI_OVERSOLD', 'RSI_OVERSOLD', 'RSI_OVERSOLD']","[343, 124, 123, 92, 70]"
sp500,BFAM,1w,"['hammer', 'RSI_OVERSOLD', 'hammer', 'RSI_OVERSOLD', 'RSI_OVERSOLD']","[255, 232, 231, 53, 36]"
sp500,BFH,1w,"['RSI_OVERSOLD', 'RSI_OVERSOLD', 'engulfing', 'hammer', 'RSI_OVERSOLD']","[364, 346, 342, 231, 224]"
sp500,BFS,1w,"['RSI_OVERSOLD', 'RSI_OVERSOLD', 'inverted_hammer']","[344, 341, 187]"
sp500,BG,1w,"['hammer, RSI_OVERSOLD', 'RSI_OVERSOLD', 'engulfing', 'RSI_OVERSOLD', 'RSI_OVERSOLD']","[426, 344, 342, 142, 88]"
sp500,BGC,1w,"['hammer', 'inverted_hammer', 'RSI_OVERSOLD', 'RSI_OVERSOLD', 'RSI_OVERSOLD']","[436, 387, 344, 339, 232]"
sp500,BHE,1w,"['RSI_OVERSOLD', 'RSI_OVERSOLD']","[344, 187]"
sp500,BHF,1w,"['RSI_OVERSOLD', 'inverted_hammer', 'RSI_OVERSOLD', 'RSI_OVERSOLD', 'RSI_OVERSOLD']","[435, 434, 408, 344, 8]"
sp500,BIIB,1w,"['RSI_OVERSOLD', 'hammer', 'RSI_OVERSOLD', 'RSI_OVERSOLD']","[254, 133, 102, 80]"
sp500,BILL,1w,"['RSI_OVERSOLD', 'hammer']","[153, 124]"
sp500,BIO,1w,"['hammer', 'hammer', 'RSI_OVERSOLD', 'RSI_OVERSOLD']","[246, 231, 155, 80]"
sp500,BJ,1w,"['engulfing', 'hammer']","[173, 59]"
sp500,BJRI,1w,"['RSI_OVERSOLD', 'RSI_OVERSOLD', 'inverted_hammer']","[374, 344, 114]"
sp500,BKE,1w,"['RSI_OVERSOLD', 'RSI_OVERSOLD']","[344, 342]"
sp500,BKH,1w,"['RSI_OVERSOLD', 'RSI_OVERSOLD', 'RSI_OVERSOLD', 'RSI_OVERSOLD']","[466, 457, 343, 158]"
sp500,BKNG,1w,"['RSI_OVERSOLD', 'RSI_OVERSOLD', 'engulfing']","[344, 35, 33]"
sp500,BKR,1w,"['hammer', 'RSI_OVERSOLD', 'RSI_OVERSOLD']","[463, 413, 346]"
sp500,BKU,1w,"['RSI_OVERSOLD', 'RSI_OVERSOLD', 'engulfing', 'RSI_OVERSOLD', 'hammer']","[339, 187, 182, 180, 2]"
sp500,BL,1w,"['hammer', 'hammer', 'RSI_OVERSOLD', 'hammer', 'RSI_OVERSOLD']","[242, 231, 35, 33, 22]"
sp500,BLDR,1w,"['RSI_OVERSOLD', 'inverted_hammer', 'RSI_OVERSOLD', 'RSI_OVERSOLD', 'hammer']","[419, 408, 344, 75, 47]"
sp500,BLFS,1w,"['RSI_OVERSOLD', 'inverted_hammer', 'hammer', 'RSI_OVERSOLD', 'RSI_OVERSOLD']","[344, 232, 231, 166, 155]"
sp500,BLK,1w,"['RSI_OVERSOLD', 'inverted_hammer', 'RSI_OVERSOLD', 'RSI_OVERSOLD', 'inverted_hammer']","[343, 243, 241, 233, 31]"
sp500,BLKB,1w,"['inverted_hammer', 'RSI_OVERSOLD', 'inverted_hammer', 'RSI_OVERSOLD', 'engulfing']","[83, 79, 32, 22, 16]"
sp500,BMI,1w,"['RSI_OVERSOLD', 'RSI_OVERSOLD']","[37, 26]"
sp500,BMRN,1w,"['hammer', 'RSI_OVERSOLD']","[124, 91]"
sp500,BMY,1w,"['hammer', 'hammer', 'RSI_OVERSOLD', 'hammer', 'engulfing']","[440, 254, 155, 124, 121]"
sp500,BNL,1w,"['RSI_OVERSOLD', 'hammer']","[211, 159]"
sp500,BNY,1w,"['RSI_OVERSOLD', 'engulfing']","[344, 342]"
sp500,BOH,1w,"['RSI_OVERSOLD', 'RSI_OVERSOLD', 'hammer', 'RSI_OVERSOLD']","[408, 346, 344, 187]"
sp500,BOOT,1w,"['RSI_OVERSOLD', 'inverted_hammer']","[489, 246]"
sp500,BOX,1w,"['RSI_OVERSOLD', 'RSI_OVERSOLD', 'engulfing']","[344, 35, 33]"
sp500,BR,1w,"['inverted_hammer', 'RSI_OVERSOLD', 'RSI_OVERSOLD', 'RSI_OVERSOLD', 'RSI_OVERSOLD']","[247, 243, 37, 29, 22]"
sp500,BRC,1w,"['RSI_OVERSOLD', 'hammer']","[344, 242]"
sp500,BRK-B,1w,"['RSI_OVERSOLD', 'engulfing']","[343, 342]"
sp500,BRKR,1w,"['RSI_OVERSOLD', 'piercing_line']","[343, 77]"
sp500,BRO,1w,"['RSI_OVERSOLD', 'RSI_OVERSOLD', 'RSI_OVERSOLD', 'RSI_OVERSOLD', 'RSI_OVERSOLD']","[50, 37, 35, 29, 24]"
sp500,BROS,1w,,
sp500,BRX,1w,"['RSI_OVERSOLD', 'RSI_OVERSOLD', 'RSI_OVERSOLD', 'RSI_OVERSOLD', 'RSI_OVERSOLD']","[494, 487, 453, 344, 339]"
sp500,BSX,1w,"['RSI_OVERSOLD', 'engulfing', 'hammer', 'engulfing', 'RSI_OVERSOLD']","[344, 342, 231, 33, 20]"
sp500,BSY,1w,"['RSI_OVERSOLD', 'RSI_OVERSOLD', 'RSI_OVERSOLD']","[241, 231, 80]"
sp500,BTSG,1w,,
sp500,BTU,1w,"['RSI_OVERSOLD', 'inverted_hammer', 'RSI_OVERSOLD', 'RSI_OVERSOLD', 'RSI_OVERSOLD']","[353, 343, 335, 85, 80]"
sp500,BURL,1w,"['RSI_OVERSOLD', 'hammer', 'RSI_OVERSOLD', 'RSI_OVERSOLD', 'hammer']","[343, 261, 230, 175, 6]"
sp500,BWA,1w,"['RSI_OVERSOLD', 'RSI_OVERSOLD', 'engulfing', 'RSI_OVERSOLD', 'engulfing']","[418, 345, 342, 153, 152]"
sp500,BWXT,1w,"['RSI_OVERSOLD', 'RSI_OVERSOLD', 'RSI_OVERSOLD', 'RSI_OVERSOLD', 'engulfing']","[414, 343, 254, 246, 6]"
sp500,BX,1w,"['RSI_OVERSOLD', 'RSI_OVERSOLD', 'RSI_OVERSOLD']","[343, 33, 29]"
sp500,BXMT,1w,"['RSI_OVERSOLD', 'RSI_OVERSOLD', 'RSI_OVERSOLD', 'RSI_OVERSOLD', 'engulfing']","[344, 210, 187, 11, 9]"
sp500,BXP,1w,"['RSI_OVERSOLD', 'hammer', 'RSI_OVERSOLD', 'RSI_OVERSOLD']","[343, 222, 210, 32]"
sp500,BYD,1w,"['RSI_OVERSOLD', 'RSI_OVERSOLD', 'RSI_OVERSOLD', 'RSI_OVERSOLD', 'RSI_OVERSOLD']","[416, 408, 344, 341, 2]"
sp500,C,1w,"['RSI_OVERSOLD', 'RSI_OVERSOLD', 'engulfing', 'inverted_hammer']","[408, 344, 342, 240]"
sp500,CACC,1w,['RSI_OVERSOLD'],[343]
sp500,CACI,1w,"['RSI_OVERSOLD', 'RSI_OVERSOLD', 'RSI_OVERSOLD']","[408, 343, 87]"
sp500,CAG,1w,"['hammer', 'engulfing', 'RSI_OVERSOLD', 'engulfing', 'hammer']","[476, 169, 66, 62, 26]"
sp500,CAH,1w,['RSI_OVERSOLD'],[466]
sp500,CAKE,1w,"['RSI_OVERSOLD', 'RSI_OVERSOLD', 'RSI_OVERSOLD', 'hammer', 'inverted_hammer']","[481, 374, 344, 161, 157]"
sp500,CALM,1w,"['inverted_hammer', 'RSI_OVERSOLD']","[304, 40]"
sp500,CALX,1w,"['RSI_OVERSOLD', 'RSI_OVERSOLD']","[479, 155]"
sp500,CALY,1w,"['RSI_OVERSOLD', 'RSI_OVERSOLD', 'RSI_OVERSOLD', 'RSI_OVERSOLD', 'engulfing']","[159, 153, 114, 111, 108]"
sp500,CAR,1w,"['RSI_OVERSOLD', 'engulfing', 'RSI_OVERSOLD', 'RSI_OVERSOLD']","[138, 137, 82, 34]"
sp500,CARG,1w,"['RSI_OVERSOLD', 'RSI_OVERSOLD']","[344, 212]"
sp500,CARR,1w,"['inverted_hammer', 'RSI_OVERSOLD']","[246, 232]"
sp500,CART,1w,,
sp500,CASH,1w,"['RSI_OVERSOLD', 'RSI_OVERSOLD', 'hammer, RSI_OVERSOLD', 'RSI_OVERSOLD', 'hammer']","[344, 338, 335, 232, 49]"
sp500,CASY,1w,,
sp500,CAT,1w,['RSI_OVERSOLD'],[344]
sp500,CATY,1w,"['RSI_OVERSOLD', 'RSI_OVERSOLD', 'RSI_OVERSOLD']","[408, 346, 180]"
sp500,CAVA,1w,['RSI_OVERSOLD'],[50]
sp500,CB,1w,"['RSI_OVERSOLD', 'engulfing', 'inverted_hammer', 'hammer']","[344, 342, 337, 336]"
sp500,CBOE,1w,['RSI_OVERSOLD'],[343]
sp500,CBRE,1w,"['RSI_OVERSOLD', 'RSI_OVERSOLD', 'engulfing', 'inverted_hammer', 'RSI_OVERSOLD']","[418, 344, 342, 234, 230]"
sp500,CBRL,1w,"['RSI_OVERSOLD', 'RSI_OVERSOLD', 'hammer', 'RSI_OVERSOLD', 'RSI_OVERSOLD']","[344, 161, 127, 125, 120]"
sp500,CBSH,1w,"['RSI_OVERSOLD', 'engulfing', 'RSI_OVERSOLD', 'engulfing']","[343, 181, 180, 49]"
sp500,CBT,1w,"['RSI_OVERSOLD', 'RSI_OVERSOLD', 'RSI_OVERSOLD', 'RSI_OVERSOLD']","[408, 344, 75, 49]"
sp500,CBU,1w,"['inverted_hammer, RSI_OVERSOLD', 'engulfing']","[343, 230]"
sp500,CC,1w,"['RSI_OVERSOLD', 'RSI_OVERSOLD', 'RSI_OVERSOLD', 'hammer', 'RSI_OVERSOLD']","[418, 387, 379, 374, 80]"
sp500,CCI,1w,"['RSI_OVERSOLD', 'RSI_OVERSOLD', 'RSI_OVERSOLD']","[209, 160, 156]"
sp500,CCK,1w,"['RSI_OVERSOLD', 'RSI_OVERSOLD']","[453, 343]"
sp500,CCL,1w,"['RSI_OVERSOLD', 'RSI_OVERSOLD', 'hammer']","[345, 226, 83]"
sp500,CCOI,1w,"['RSI_OVERSOLD', 'RSI_OVERSOLD', 'engulfing', 'RSI_OVERSOLD', 'RSI_OVERSOLD']","[75, 73, 71, 62, 49]"
sp500,CCS,1w,"['RSI_OVERSOLD', 'RSI_OVERSOLD', 'RSI_OVERSOLD']","[417, 415, 343]"
sp500,CDE,1w,"['RSI_OVERSOLD', 'hammer', 'hammer']","[426, 413, 390]"
sp500,CDNS,1w,['engulfing'],[245]
sp500,CDP,1w,"['RSI_OVERSOLD', 'RSI_OVERSOLD']","[412, 343]"
sp500,CDW,1w,"['RSI_OVERSOLD', 'engulfing', 'inverted_hammer', 'RSI_OVERSOLD']","[344, 342, 82, 80]"
sp500,CE,1w,"['RSI_OVERSOLD', 'engulfing', 'RSI_OVERSOLD', 'RSI_OVERSOLD']","[346, 342, 101, 89]"
sp500,CEG,1w,,
sp500,CELH,1w,"['RSI_OVERSOLD', 'RSI_OVERSOLD', 'RSI_OVERSOLD', 'hammer']","[110, 106, 100, 22]"
sp500,CENT,1w,['inverted_hammer'],[343]
sp500,CENTA,1w,['hammer'],[105]
sp500,CENX,1w,"['RSI_OVERSOLD', 'hammer']","[416, 231]"
sp500,CERT,1w,['RSI_OVERSOLD'],[22]
sp500,CF,1w,"['RSI_OVERSOLD', 'engulfing']","[344, 342]"
sp500,CFFN,1w,"['RSI_OVERSOLD', 'inverted_hammer', 'RSI_OVERSOLD', 'RSI_OVERSOLD', 'RSI_OVERSOLD']","[344, 343, 233, 207, 160]"
sp500,CFG,1w,"['RSI_OVERSOLD', 'RSI_OVERSOLD', 'engulfing', 'RSI_OVERSOLD', 'RSI_OVERSOLD']","[409, 345, 234, 184, 180]"
sp500,CFR,1w,"['hammer', 'RSI_OVERSOLD', 'hammer', 'engulfing', 'RSI_OVERSOLD']","[372, 345, 344, 342, 187]"
sp500,CG,1w,"['engulfing', 'RSI_OVERSOLD', 'hammer']","[407, 343, 240]"
sp500,CGNX,1w,"['RSI_OVERSOLD', 'hammer', 'RSI_OVERSOLD', 'RSI_OVERSOLD', 'engulfing']","[231, 161, 157, 80, 77]"
sp500,CHCO,1w,"['RSI_OVERSOLD', 'RSI_OVERSOLD']","[344, 335]"
sp500,CHD,1w,['RSI_OVERSOLD'],[467]
sp500,CHDN,1w,"['RSI_OVERSOLD', 'hammer', 'RSI_OVERSOLD', 'hammer', 'engulfing']","[86, 85, 84, 83, 82]"
sp500,CHE,1w,"['RSI_OVERSOLD', 'RSI_OVERSOLD']","[67, 63]"
sp500,CHEF,1w,"['RSI_OVERSOLD', 'RSI_OVERSOLD']","[345, 160]"
sp500,CHH,1w,"['RSI_OVERSOLD', 'hammer', 'inverted_hammer', 'engulfing']","[344, 225, 155, 49]"
sp500,CHRD,1w,"['RSI_OVERSOLD', 'RSI_OVERSOLD', 'RSI_OVERSOLD', 'RSI_OVERSOLD', 'engulfing']","[487, 410, 375, 345, 338]"
sp500,CHRW,1w,"['engulfing', 'hammer']","[384, 136]"
sp500,CHTR,1w,"['RSI_OVERSOLD', 'RSI_OVERSOLD', 'engulfing', 'RSI_OVERSOLD', 'RSI_OVERSOLD']","[136, 63, 57, 23, 17]"
sp500,CHWY,1w,"['hammer', 'RSI_OVERSOLD', 'engulfing']","[231, 161, 155]"
sp500,CI,1w,['RSI_OVERSOLD'],[63]
sp500,CIEN,1w,['RSI_OVERSOLD'],[226]
sp500,CINF,1w,"['RSI_OVERSOLD', 'RSI_OVERSOLD', 'hammer']","[343, 337, 219]"
sp500,CL,1w,"['inverted_hammer', 'hammer']","[343, 50]"
sp500,CLF,1w,"['RSI_OVERSOLD', 'RSI_OVERSOLD', 'RSI_OVERSOLD']","[344, 110, 80]"
sp500,CLH,1w,"['RSI_OVERSOLD', 'RSI_OVERSOLD', 'RSI_OVERSOLD', 'engulfing']","[408, 344, 341, 82]"
sp500,CLSK,1w,"['RSI_OVERSOLD', 'RSI_OVERSOLD', 'RSI_OVERSOLD', 'RSI_OVERSOLD', 'RSI_OVERSOLD']","[471, 452, 376, 366, 346]"
sp500,CLX,1w,"['hammer', 'RSI_OVERSOLD', 'engulfing', 'RSI_OVERSOLD', 'RSI_OVERSOLD']","[260, 159, 76, 49, 43]"
sp500,CMC,1w,['RSI_OVERSOLD'],[344]
sp500,CMCSA,1w,"['RSI_OVERSOLD', 'hammer', 'RSI_OVERSOLD', 'RSI_OVERSOLD', 'engulfing']","[233, 214, 89, 50, 45]"
sp500,CME,1w,['RSI_OVERSOLD'],[210]
sp500,CMG,1w,"['hammer', 'RSI_OVERSOLD', 'RSI_OVERSOLD', 'engulfing', 'RSI_OVERSOLD']","[477, 468, 343, 342, 50]"
sp500,CMI,1w,"['RSI_OVERSOLD', 'RSI_OVERSOLD']","[343, 80]"
sp500,CMS,1w,"['hammer', 'RSI_OVERSOLD']","[158, 3]"
sp500,CNC,1w,"['RSI_OVERSOLD', 'engulfing']","[67, 61]"
sp500,CNH,1w,"['RSI_OVERSOLD', 'RSI_OVERSOLD']","[344, 153]"
sp500,CNK,1w,"['RSI_OVERSOLD', 'RSI_OVERSOLD']","[347, 209]"
sp500,CNM,1w,,
sp500,CNMD,1w,"['RSI_OVERSOLD', 'RSI_OVERSOLD', 'RSI_OVERSOLD', 'RSI_OVERSOLD']","[408, 344, 226, 129]"
sp500,CNO,1w,"['RSI_OVERSOLD', 'RSI_OVERSOLD', 'RSI_OVERSOLD']","[409, 343, 226]"
sp500,CNP,1w,"['RSI_OVERSOLD', 'engulfing', 'RSI_OVERSOLD']","[345, 342, 341]"
sp500,CNR,1w,"['RSI_OVERSOLD', 'RSI_OVERSOLD', 'RSI_OVERSOLD']","[377, 353, 84]"
sp500,CNS,1w,"['RSI_OVERSOLD', 'RSI_OVERSOLD', 'hammer']","[343, 209, 179]"
sp500,CNX,1w,['RSI_OVERSOLD'],[386]
sp500,CNXC,1w,"['hammer', 'RSI_OVERSOLD', 'RSI_OVERSOLD']","[176, 136, 132]"
sp500,CNXN,1w,,
sp500,COCO,1w,,
sp500,COF,1w,"['RSI_OVERSOLD', 'RSI_OVERSOLD']","[408, 344]"
sp500,COHR,1w,['hammer'],[214]
sp500,COHU,1w,"['RSI_OVERSOLD', 'inverted_hammer', 'RSI_OVERSOLD']","[343, 88, 85]"
sp500,COIN,1w,"['inverted_hammer', 'engulfing', 'engulfing', 'engulfing']","[241, 229, 223, 79]"
sp500,COKE,1w,"['RSI_OVERSOLD', 'RSI_OVERSOLD', 'inverted_hammer, RSI_OVERSOLD', 'engulfing']","[440, 346, 343, 342]"
sp500,COLB,1w,"['engulfing', 'RSI_OVERSOLD', 'RSI_OVERSOLD', 'RSI_OVERSOLD', 'RSI_OVERSOLD']","[342, 335, 187, 180, 80]"
sp500,COLL,1w,"['RSI_OVERSOLD', 'hammer', 'RSI_OVERSOLD']","[493, 9, 7]"
sp500,COLM,1w,"['RSI_OVERSOLD', 'RSI_OVERSOLD', 'RSI_OVERSOLD']","[344, 76, 63]"
sp500,CON,1w,,
sp500,COO,1w,"['RSI_OVERSOLD', 'hammer', 'RSI_OVERSOLD', 'RSI_OVERSOLD']","[343, 231, 80, 72]"
sp500,COP,1w,"['RSI_OVERSOLD', 'engulfing']","[345, 342]"
sp500,COR,1w,"['RSI_OVERSOLD', 'engulfing']","[23, 21]"
sp500,CORT,1w,"['RSI_OVERSOLD', 'engulfing']","[41, 38]"
sp500,COST,1w,,
sp500,COTY,1w,"['RSI_OVERSOLD', 'RSI_OVERSOLD', 'RSI_OVERSOLD', 'RSI_OVERSOLD', 'RSI_OVERSOLD']","[343, 102, 87, 75, 35]"
sp500,CPAY,1w,"['inverted_hammer', 'RSI_OVERSOLD']","[408, 343]"
sp500,CPB,1w,"['RSI_OVERSOLD', 'engulfing', 'RSI_OVERSOLD', 'RSI_OVERSOLD', 'RSI_OVERSOLD']","[439, 162, 69, 40, 31]"
sp500,CPF,1w,"['RSI_OVERSOLD', 'RSI_OVERSOLD']","[346, 230]"
sp500,CPK,1w,"['RSI_OVERSOLD', 'RSI_OVERSOLD']","[159, 153]"
sp500,CPRI,1w,"['hammer', 'RSI_OVERSOLD', 'RSI_OVERSOLD', 'RSI_OVERSOLD', 'RSI_OVERSOLD']","[231, 131, 114, 103, 80]"
sp500,CPRT,1w,"['RSI_OVERSOLD', 'hammer', 'RSI_OVERSOLD', 'RSI_OVERSOLD', 'inverted_hammer']","[343, 240, 49, 47, 45]"
sp500,CPT,1w,"['RSI_OVERSOLD', 'RSI_OVERSOLD']","[343, 155]"
sp500,CR,1w,,
sp500,CRBG,1w,['RSI_OVERSOLD'],[186]
sp500,CRC,1w,,
sp500,CRGY,1w,"['RSI_OVERSOLD', 'hammer']","[80, 75]"
sp500,CRH,1w,"['hammer', 'RSI_OVERSOLD', 'RSI_OVERSOLD', 'RSI_OVERSOLD', 'RSI_OVERSOLD']","[416, 410, 344, 241, 2]"
sp500,CRI,1w,"['RSI_OVERSOLD', 'RSI_OVERSOLD', 'RSI_OVERSOLD', 'RSI_OVERSOLD', 'RSI_OVERSOLD']","[116, 85, 80, 73, 64]"
sp500,CRK,1w,"['hammer', 'RSI_OVERSOLD', 'inverted_hammer', 'engulfing', 'engulfing']","[470, 469, 344, 139, 18]"
sp500,CRL,1w,"['RSI_OVERSOLD', 'hammer', 'RSI_OVERSOLD', 'hammer', 'RSI_OVERSOLD']","[343, 242, 240, 231, 79]"
sp500,CRM,1w,"['RSI_OVERSOLD', 'engulfing', 'RSI_OVERSOLD', 'piercing_line', 'engulfing']","[243, 242, 231, 79, 33]"
sp500,CROX,1w,"['RSI_OVERSOLD', 'RSI_OVERSOLD', 'RSI_OVERSOLD']","[344, 243, 232]"
sp500,CRS,1w,"['RSI_OVERSOLD', 'RSI_OVERSOLD']","[409, 338]"
sp500,CRSR,1w,"['RSI_OVERSOLD', 'inverted_hammer', 'RSI_OVERSOLD', 'RSI_OVERSOLD']","[246, 155, 117, 47]"
sp500,CRUS,1w,"['RSI_OVERSOLD', 'RSI_OVERSOLD']","[453, 443]"
sp500,CRVL,1w,"['RSI_OVERSOLD', 'engulfing', 'RSI_OVERSOLD', 'RSI_OVERSOLD', 'engulfing']","[64, 61, 56, 36, 33]"
sp500,CRWD,1w,"['hammer', 'piercing_line', 'hammer']","[231, 114, 33]"
sp500,CSCO,1w,"['RSI_OVERSOLD', 'engulfing', 'RSI_OVERSOLD']","[344, 231, 230]"
sp500,CSGP,1w,"['engulfing', 'RSI_OVERSOLD', 'RSI_OVERSOLD', 'engulfing', 'RSI_OVERSOLD']","[48, 40, 36, 34, 33]"
sp500,CSL,1w,"['RSI_OVERSOLD', 'RSI_OVERSOLD', 'hammer']","[416, 343, 84]"
sp500,CSR,1w,['engulfing'],[245]
sp500,CSW,1w,"['hammer', 'RSI_OVERSOLD']","[252, 226]"
sp500,CSX,1w,"['RSI_OVERSOLD', 'RSI_OVERSOLD']","[344, 80]"
sp500,CTAS,1w,['RSI_OVERSOLD'],[343]
sp500,CTRE,1w,"['RSI_OVERSOLD', 'RSI_OVERSOLD', 'RSI_OVERSOLD']","[457, 454, 344]"
sp500,CTS,1w,"['RSI_OVERSOLD', 'RSI_OVERSOLD', 'hammer', 'RSI_OVERSOLD']","[408, 344, 84, 80]"
sp500,CTSH,1w,"['RSI_OVERSOLD', 'hammer', 'RSI_OVERSOLD', 'RSI_OVERSOLD', 'RSI_OVERSOLD']","[341, 222, 211, 22, 16]"
sp500,CTVA,1w,"['inverted_hammer', 'RSI_OVERSOLD']","[155, 2]"
sp500,CUBE,1w,"['RSI_OVERSOLD', 'RSI_OVERSOLD']","[343, 155]"
sp500,CUBI,1w,"['hammer', 'RSI_OVERSOLD', 'RSI_OVERSOLD', 'hammer', 'RSI_OVERSOLD']","[413, 344, 335, 226, 187]"
sp500,CURB,1w,,
sp500,CUZ,1w,"['RSI_OVERSOLD', 'RSI_OVERSOLD', 'RSI_OVERSOLD', 'RSI_OVERSOLD']","[343, 226, 211, 187]"
sp500,CVBF,1w,"['RSI_OVERSOLD', 'engulfing', 'RSI_OVERSOLD']","[344, 343, 187]"
sp500,CVCO,1w,"['engulfing', 'RSI_OVERSOLD', 'RSI_OVERSOLD']","[394, 343, 226]"
sp500,CVI,1w,"['RSI_OVERSOLD', 'engulfing', 'hammer', 'engulfing', 'RSI_OVERSOLD']","[346, 338, 315, 121, 102]"
sp500,CVLT,1w,"['RSI_OVERSOLD', 'RSI_OVERSOLD', 'RSI_OVERSOLD', 'RSI_OVERSOLD', 'engulfing']","[389, 376, 344, 37, 35]"
sp500,CVNA,1w,"['RSI_OVERSOLD', 'hammer', 'RSI_OVERSOLD', 'RSI_OVERSOLD', 'RSI_OVERSOLD']","[234, 229, 206, 204, 201]"
sp500,CVS,1w,"['hammer', 'RSI_OVERSOLD', 'inverted_hammer', 'RSI_OVERSOLD']","[194, 187, 182, 128]"
sp500,CVSA,1w,"['RSI_OVERSOLD', 'RSI_OVERSOLD', 'RSI_OVERSOLD', 'hammer', 'engulfing']","[363, 344, 244, 46, 45]"
sp500,CVX,1w,"['RSI_OVERSOLD', 'RSI_OVERSOLD']","[346, 344]"
sp500,CW,1w,"['RSI_OVERSOLD', 'RSI_OVERSOLD', 'engulfing', 'RSI_OVERSOLD', 'engulfing']","[408, 344, 342, 341, 4]"
sp500,CWEN,1w,"['RSI_OVERSOLD', 'RSI_OVERSOLD']","[401, 159]"
sp500,CWK,1w,"['RSI_OVERSOLD', 'RSI_OVERSOLD', 'RSI_OVERSOLD', 'RSI_OVERSOLD']","[211, 206, 180, 79]"
sp500,CWST,1w,,
sp500,CWT,1w,,
sp500,CXM,1w,"['RSI_OVERSOLD', 'RSI_OVERSOLD', 'hammer', 'RSI_OVERSOLD', 'RSI_OVERSOLD']","[123, 110, 107, 35, 25]"
sp500,CXT,1w,"['RSI_OVERSOLD', 'RSI_OVERSOLD', 'engulfing', 'RSI_OVERSOLD']","[408, 346, 342, 80]"
sp500,CXW,1w,"['RSI_OVERSOLD', 'hammer', 'RSI_OVERSOLD', 'hammer', 'RSI_OVERSOLD']","[408, 407, 343, 311, 310]"
sp500,CYTK,1w,"['RSI_OVERSOLD', 'inverted_hammer']","[464, 187]"
sp500,CZR,1w,"['RSI_OVERSOLD', 'RSI_OVERSOLD', 'inverted_hammer', 'RSI_OVERSOLD', 'engulfing']","[344, 231, 157, 80, 79]"
sp500,D,1w,"['RSI_OVERSOLD', 'RSI_OVERSOLD', 'RSI_OVERSOLD', 'hammer', 'RSI_OVERSOLD']","[447, 210, 204, 189, 158]"
sp500,DAL,1w,"['RSI_OVERSOLD', 'RSI_OVERSOLD']","[344, 80]"
sp500,DAN,1w,"['RSI_OVERSOLD', 'RSI_OVERSOLD', 'RSI_OVERSOLD', 'hammer', 'RSI_OVERSOLD']","[429, 344, 341, 154, 102]"
sp500,DAR,1w,"['RSI_OVERSOLD', 'RSI_OVERSOLD', 'hammer']","[343, 157, 155]"
sp500,DASH,1w,"['RSI_OVERSOLD', 'inverted_hammer', 'RSI_OVERSOLD']","[245, 244, 35]"
sp500,DAVE,1w,"['RSI_OVERSOLD', 'hammer']","[249, 231]"
sp500,DBD,1w,,
sp500,DBX,1w,"['hammer', 'hammer']","[418, 83]"
sp500,DCH,1w,"['RSI_OVERSOLD', 'RSI_OVERSOLD', 'inverted_hammer', 'inverted_hammer', 'hammer']","[373, 345, 343, 155, 109]"
sp500,DCI,1w,['RSI_OVERSOLD'],[344]
sp500,DCOM,1w,"['RSI_OVERSOLD', 'RSI_OVERSOLD', 'RSI_OVERSOLD', 'hammer']","[416, 345, 339, 176]"
sp500,DD,1w,"['RSI_OVERSOLD', 'RSI_OVERSOLD', 'RSI_OVERSOLD', 'engulfing', 'RSI_OVERSOLD']","[416, 350, 346, 342, 80]"
sp500,DDOG,1w,['hammer'],[231]
sp500,DE,1w,['RSI_OVERSOLD'],[343]
sp500,DEA,1w,"['RSI_OVERSOLD', 'RSI_OVERSOLD', 'hammer', 'RSI_OVERSOLD', 'RSI_OVERSOLD']","[408, 211, 199, 159, 79]"
sp500,DECK,1w,"['RSI_OVERSOLD', 'inverted_hammer', 'RSI_OVERSOLD', 'hammer']","[343, 243, 83, 8]"
sp500,DEI,1w,"['RSI_OVERSOLD', 'RSI_OVERSOLD', 'RSI_OVERSOLD', 'RSI_OVERSOLD', 'RSI_OVERSOLD']","[226, 212, 188, 43, 33]"
sp500,DELL,1w,"['RSI_OVERSOLD', 'RSI_OVERSOLD']","[344, 230]"
sp500,DFH,1w,['RSI_OVERSOLD'],[226]
sp500,DFIN,1w,"['inverted_hammer', 'RSI_OVERSOLD', 'RSI_OVERSOLD', 'RSI_OVERSOLD']","[361, 344, 83, 80]"
sp500,DG,1w,"['hammer', 'RSI_OVERSOLD', 'engulfing', 'RSI_OVERSOLD', 'engulfing']","[243, 176, 157, 111, 109]"
sp500,DGII,1w,"['RSI_OVERSOLD', 'engulfing']","[153, 121]"
sp500,DGX,1w,"['RSI_OVERSOLD', 'RSI_OVERSOLD', 'RSI_OVERSOLD', 'RSI_OVERSOLD']","[471, 409, 343, 341]"
sp500,DHI,1w,"['RSI_OVERSOLD', 'engulfing', 'inverted_hammer']","[344, 342, 233]"
sp500,DHR,1w,"['hammer', 'hammer', 'inverted_hammer', 'RSI_OVERSOLD']","[231, 87, 24, 22]"
sp500,DINO,1w,"['RSI_OVERSOLD', 'RSI_OVERSOLD', 'RSI_OVERSOLD']","[346, 102, 95]"
sp500,DIOD,1w,"['RSI_OVERSOLD', 'engulfing', 'hammer', 'hammer', 'engulfing']","[343, 234, 154, 84, 77]"
sp500,DIS,1w,"['RSI_OVERSOLD', 'engulfing', 'RSI_OVERSOLD', 'engulfing', 'RSI_OVERSOLD']","[346, 342, 234, 113, 80]"
sp500,DKS,1w,"['RSI_OVERSOLD', 'RSI_OVERSOLD', 'engulfing']","[344, 7, 3]"
sp500,DLB,1w,"['RSI_OVERSOLD', 'engulfing', 'RSI_OVERSOLD', 'engulfing', 'RSI_OVERSOLD']","[343, 342, 245, 242, 114]"
sp500,DLR,1w,['RSI_OVERSOLD'],[210]
sp500,DLTR,1w,"['hammer', 'RSI_OVERSOLD', 'engulfing', 'RSI_OVERSOLD', 'hammer']","[358, 344, 343, 341, 158]"
sp500,DLX,1w,"['RSI_OVERSOLD', 'hammer', 'RSI_OVERSOLD', 'inverted_hammer', 'RSI_OVERSOLD']","[335, 265, 212, 211, 79]"
sp500,DMC,1w,"['RSI_OVERSOLD', 'RSI_OVERSOLD', 'RSI_OVERSOLD', 'RSI_OVERSOLD', 'engulfing']","[428, 408, 154, 18, 16]"
sp500,DNOW,1w,"['engulfing', 'RSI_OVERSOLD']","[498, 467]"
sp500,DOC,1w,"['RSI_OVERSOLD', 'RSI_OVERSOLD']","[457, 343]"
sp500,DOCN,1w,['hammer'],[162]
sp500,DOCS,1w,"['hammer', 'RSI_OVERSOLD', 'RSI_OVERSOLD']","[231, 39, 22]"
sp500,DOCU,1w,"['RSI_OVERSOLD', 'RSI_OVERSOLD', 'hammer', 'RSI_OVERSOLD', 'engulfing']","[254, 227, 226, 35, 33]"
sp500,DORM,1w,"['RSI_OVERSOLD', 'RSI_OVERSOLD']","[342, 31]"
sp500,DOV,1w,"['RSI_OVERSOLD', 'RSI_OVERSOLD', 'RSI_OVERSOLD']","[343, 233, 80]"
sp500,DOW,1w,"['RSI_OVERSOLD', 'RSI_OVERSOLD', 'RSI_OVERSOLD', 'hammer', 'RSI_OVERSOLD']","[344, 100, 97, 75, 63]"
sp500,DPZ,1w,"['hammer', 'hammer', 'RSI_OVERSOLD', 'hammer', 'RSI_OVERSOLD']","[466, 242, 233, 231, 211]"
sp500,DRH,1w,"['RSI_OVERSOLD', 'RSI_OVERSOLD', 'engulfing', 'RSI_OVERSOLD']","[408, 344, 342, 80]"
sp500,DRI,1w,['RSI_OVERSOLD'],[345]
sp500,DT,1w,['RSI_OVERSOLD'],[36]
sp500,DTE,1w,"['RSI_OVERSOLD', 'RSI_OVERSOLD', 'RSI_OVERSOLD']","[346, 344, 3]"
sp500,DTM,1w,,
sp500,DUK,1w,"['RSI_OVERSOLD', 'RSI_OVERSOLD']","[456, 453]"
sp500,DUOL,1w,"['RSI_OVERSOLD', 'RSI_OVERSOLD']","[48, 39]"
sp500,DV,1w,"['RSI_OVERSOLD', 'hammer', 'RSI_OVERSOLD', 'RSI_OVERSOLD', 'RSI_OVERSOLD']","[127, 106, 85, 80, 49]"
sp500,DVA,1w,"['inverted_hammer', 'RSI_OVERSOLD', 'RSI_OVERSOLD']","[231, 225, 39]"
sp500,DVN,1w,"['RSI_OVERSOLD', 'inverted_hammer', 'RSI_OVERSOLD', 'RSI_OVERSOLD']","[413, 409, 345, 95]"
sp500,DXC,1w,"['hammer', 'engulfing', 'RSI_OVERSOLD', 'engulfing', 'RSI_OVERSOLD']","[372, 371, 346, 342, 126]"
sp500,DXCM,1w,"['RSI_OVERSOLD', 'piercing_line', 'RSI_OVERSOLD', 'RSI_OVERSOLD']","[472, 159, 157, 116]"
sp500,DXPE,1w,"['RSI_OVERSOLD', 'RSI_OVERSOLD']","[345, 335]"
sp500,DY,1w,"['hammer', 'RSI_OVERSOLD', 'inverted_hammer']","[477, 346, 157]"
sp500,EAT,1w,"['RSI_OVERSOLD', 'RSI_OVERSOLD', 'RSI_OVERSOLD']","[345, 339, 49]"
sp500,EBAY,1w,"['RSI_OVERSOLD', 'engulfing', 'RSI_OVERSOLD']","[417, 241, 240]"
sp500,EBC,1w,['RSI_OVERSOLD'],[188]
sp500,ECG,1w,,
sp500,ECHO,1w,"['inverted_hammer', 'RSI_OVERSOLD', 'RSI_OVERSOLD']","[436, 414, 408]"
sp500,ECL,1w,"['RSI_OVERSOLD', 'RSI_OVERSOLD', 'RSI_OVERSOLD']","[343, 243, 241]"
sp500,ECPG,1w,"['RSI_OVERSOLD', 'inverted_hammer', 'RSI_OVERSOLD', 'RSI_OVERSOLD']","[419, 408, 343, 84]"
sp500,ED,1w,,
sp500,EEFT,1w,"['engulfing', 'hammer', 'RSI_OVERSOLD', 'RSI_OVERSOLD', 'engulfing']","[342, 209, 165, 49, 47]"
sp500,EFC,1w,"['RSI_OVERSOLD', 'RSI_OVERSOLD', 'RSI_OVERSOLD', 'RSI_OVERSOLD', 'RSI_OVERSOLD']","[344, 231, 226, 211, 30]"
sp500,EFOR,1w,"['RSI_OVERSOLD', 'RSI_OVERSOLD', 'RSI_OVERSOLD', 'RSI_OVERSOLD', 'RSI_OVERSOLD']","[227, 180, 86, 82, 25]"
sp500,EFX,1w,"['RSI_OVERSOLD', 'RSI_OVERSOLD', 'hammer', 'RSI_OVERSOLD']","[474, 416, 413, 408]"
sp500,EG,1w,['RSI_OVERSOLD'],[344]
sp500,EGBN,1w,"['RSI_OVERSOLD', 'engulfing', 'inverted_hammer', 'RSI_OVERSOLD', 'RSI_OVERSOLD']","[344, 342, 234, 228, 186]"
sp500,EGP,1w,['RSI_OVERSOLD'],[343]
sp500,EHC,1w,"['RSI_OVERSOLD', 'RSI_OVERSOLD', 'engulfing', 'RSI_OVERSOLD']","[343, 256, 225, 37]"
sp500,EIG,1w,"['inverted_hammer', 'RSI_OVERSOLD', 'RSI_OVERSOLD']","[451, 338, 63]"
sp500,EIX,1w,"['engulfing', 'RSI_OVERSOLD', 'hammer', 'RSI_OVERSOLD', 'hammer']","[411, 344, 158, 92, 91]"
sp500,EL,1w,"['RSI_OVERSOLD', 'RSI_OVERSOLD', 'RSI_OVERSOLD', 'RSI_OVERSOLD', 'RSI_OVERSOLD']","[175, 165, 120, 112, 102]"
sp500,ELAN,1w,"['RSI_OVERSOLD', 'RSI_OVERSOLD', 'hammer', 'RSI_OVERSOLD', 'RSI_OVERSOLD']","[219, 217, 214, 204, 80]"
sp500,ELF,1w,"['RSI_OVERSOLD', 'inverted_hammer', 'RSI_OVERSOLD', 'hammer', 'engulfing']","[343, 108, 88, 84, 77]"
sp500,ELS,1w,"['RSI_OVERSOLD', 'RSI_OVERSOLD']","[343, 208]"
sp500,ELV,1w,"['RSI_OVERSOLD', 'RSI_OVERSOLD', 'RSI_OVERSOLD', 'RSI_OVERSOLD', 'engulfing']","[103, 100, 97, 65, 62]"
sp500,EME,1w,"['inverted_hammer', 'RSI_OVERSOLD', 'RSI_OVERSOLD', 'RSI_OVERSOLD']","[417, 408, 344, 341]"
sp500,EMN,1w,"['RSI_OVERSOLD', 'RSI_OVERSOLD', 'inverted_hammer', 'engulfing', 'RSI_OVERSOLD']","[344, 80, 77, 76, 63]"
sp500,EMR,1w,"['RSI_OVERSOLD', 'engulfing', 'RSI_OVERSOLD']","[344, 342, 80]"
sp500,ENOV,1w,"['RSI_OVERSOLD', 'RSI_OVERSOLD', 'hammer', 'hammer', 'RSI_OVERSOLD']","[156, 122, 114, 105, 80]"
sp500,ENPH,1w,"['RSI_OVERSOLD', 'engulfing', 'engulfing', 'RSI_OVERSOLD', 'RSI_OVERSOLD']","[100, 99, 88, 77, 73]"
sp500,ENR,1w,"['RSI_OVERSOLD', 'RSI_OVERSOLD', 'hammer', 'RSI_OVERSOLD', 'RSI_OVERSOLD']","[341, 241, 136, 79, 71]"
sp500,ENS,1w,"['RSI_OVERSOLD', 'RSI_OVERSOLD']","[344, 341]"
sp500,ENSG,1w,,
sp500,ENTG,1w,['RSI_OVERSOLD'],[80]
sp500,ENVA,1w,['RSI_OVERSOLD'],[343]
sp500,EOG,1w,['RSI_OVERSOLD'],[345]
sp500,EPAC,1w,"['RSI_OVERSOLD', 'RSI_OVERSOLD', 'RSI_OVERSOLD', 'RSI_OVERSOLD']","[408, 343, 335, 262]"
sp500,EPAM,1w,"['hammer', 'engulfing', 'RSI_OVERSOLD', 'RSI_OVERSOLD', 'RSI_OVERSOLD']","[175, 174, 127, 80, 23]"
sp500,EPC,1w,"['RSI_OVERSOLD', 'inverted_hammer', 'RSI_OVERSOLD', 'RSI_OVERSOLD', 'RSI_OVERSOLD']","[388, 387, 382, 70, 47]"
sp500,EPR,1w,"['RSI_OVERSOLD', 'RSI_OVERSOLD', 'RSI_OVERSOLD', 'RSI_OVERSOLD']","[457, 454, 450, 346]"
sp500,EPRT,1w,['RSI_OVERSOLD'],[343]
sp500,EQH,1w,"['RSI_OVERSOLD', 'RSI_OVERSOLD', 'hammer, engulfing', 'RSI_OVERSOLD']","[409, 344, 47, 33]"
sp500,EQIX,1w,"['inverted_hammer', 'hammer']","[82, 45]"
sp500,EQT,1w,"['engulfing', 'RSI_OVERSOLD', 'engulfing', 'RSI_OVERSOLD', 'hammer']","[381, 376, 371, 351, 192]"
sp500,ERIE,1w,"['engulfing', 'hammer', 'RSI_OVERSOLD', 'RSI_OVERSOLD']","[277, 33, 31, 25]"
sp500,ES,1w,"['hammer', 'RSI_OVERSOLD', 'RSI_OVERSOLD']","[162, 159, 153]"
sp500,ESAB,1w,,
sp500,ESE,1w,"['RSI_OVERSOLD', 'RSI_OVERSOLD', 'engulfing', 'RSI_OVERSOLD', 'hammer']","[265, 244, 241, 236, 4]"
sp500,ESI,1w,['RSI_OVERSOLD'],[80]
sp500,ESNT,1w,"['hammer', 'RSI_OVERSOLD']","[444, 344]"
sp500,ESS,1w,"['RSI_OVERSOLD', 'RSI_OVERSOLD', 'hammer', 'RSI_OVERSOLD']","[343, 341, 211, 204]"
sp500,ETN,1w,"['RSI_OVERSOLD', 'RSI_OVERSOLD']","[343, 80]"
sp500,ETR,1w,['RSI_OVERSOLD'],[343]
sp500,ETSY,1w,"['RSI_OVERSOLD', 'RSI_OVERSOLD', 'hammer', 'engulfing']","[501, 230, 229, 159]"
sp500,EVR,1w,"['RSI_OVERSOLD', 'RSI_OVERSOLD', 'engulfing', 'RSI_OVERSOLD']","[416, 344, 82, 80]"
sp500,EVRG,1w,"['RSI_OVERSOLD', 'RSI_OVERSOLD']","[343, 158]"
sp500,EVTC,1w,"['RSI_OVERSOLD', 'RSI_OVERSOLD', 'RSI_OVERSOLD', 'hammer']","[466, 344, 226, 118]"
sp500,EW,1w,"['hammer', 'inverted_hammer', 'RSI_OVERSOLD', 'RSI_OVERSOLD', 'engulfing']","[231, 159, 155, 116, 114]"
sp500,EWBC,1w,"['RSI_OVERSOLD', 'engulfing', 'RSI_OVERSOLD', 'hammer', 'RSI_OVERSOLD']","[344, 182, 180, 83, 79]"
sp500,EXC,1w,['RSI_OVERSOLD'],[343]
sp500,EXE,1w,,
sp500,EXEL,1w,,
sp500,EXLS,1w,"['RSI_OVERSOLD', 'RSI_OVERSOLD', 'RSI_OVERSOLD', 'RSI_OVERSOLD']","[408, 343, 36, 31]"
sp500,EXP,1w,"['RSI_OVERSOLD', 'RSI_OVERSOLD', 'RSI_OVERSOLD']","[422, 410, 344]"
sp500,EXPD,1w,"['RSI_OVERSOLD', 'hammer', 'RSI_OVERSOLD', 'inverted_hammer']","[343, 242, 241, 235]"
sp500,EXPE,1w,"['hammer', 'engulfing', 'RSI_OVERSOLD', 'RSI_OVERSOLD', 'RSI_OVERSOLD']","[466, 465, 362, 344, 226]"
sp500,EXPO,1w,"['RSI_OVERSOLD', 'hammer', 'RSI_OVERSOLD']","[155, 84, 82]"
sp500,EXR,1w,"['RSI_OVERSOLD', 'hammer']","[343, 231]"
sp500,EXTR,1w,"['RSI_OVERSOLD', 'RSI_OVERSOLD', 'RSI_OVERSOLD', 'RSI_OVERSOLD']","[344, 141, 127, 80]"
sp500,EYE,1w,"['RSI_OVERSOLD', 'RSI_OVERSOLD', 'hammer', 'RSI_OVERSOLD', 'RSI_OVERSOLD']","[231, 189, 120, 114, 22]"
sp500,EZPW,1w,"['RSI_OVERSOLD', 'RSI_OVERSOLD', 'RSI_OVERSOLD', 'RSI_OVERSOLD']","[500, 414, 368, 346]"
sp500,F,1w,"['RSI_OVERSOLD', 'RSI_OVERSOLD', 'engulfing']","[417, 346, 342]"
sp500,FA,1w,"['RSI_OVERSOLD', 'RSI_OVERSOLD', 'engulfing', 'RSI_OVERSOLD']","[226, 83, 82, 35]"
sp500,FAF,1w,"['RSI_OVERSOLD', 'RSI_OVERSOLD', 'engulfing', 'RSI_OVERSOLD']","[418, 343, 234, 226]"
sp500,FANG,1w,"['RSI_OVERSOLD', 'RSI_OVERSOLD']","[346, 339]"
sp500,FAST,1w,['hammer'],[242]
sp500,FBIN,1w,"['RSI_OVERSOLD', 'inverted_hammer', 'RSI_OVERSOLD', 'RSI_OVERSOLD', 'hammer']","[238, 235, 80, 75, 47]"
sp500,FBK,1w,"['RSI_OVERSOLD', 'RSI_OVERSOLD', 'hammer', 'inverted_hammer', 'engulfing']","[345, 180, 83, 79, 77]"
sp500,FBNC,1w,"['RSI_OVERSOLD', 'RSI_OVERSOLD']","[345, 180]"
sp500,FBP,1w,"['RSI_OVERSOLD', 'engulfing']","[346, 342]"
sp500,FBRT,1w,"['inverted_hammer', 'RSI_OVERSOLD']","[187, 3]"
sp500,FCF,1w,"['RSI_OVERSOLD', 'RSI_OVERSOLD', 'RSI_OVERSOLD', 'RSI_OVERSOLD']","[416, 408, 345, 335]"
sp500,FCFS,1w,"['RSI_OVERSOLD', 'engulfing', 'inverted_hammer']","[343, 252, 121]"
sp500,FCN,1w,"['RSI_OVERSOLD', 'engulfing', 'RSI_OVERSOLD']","[86, 84, 83]"
sp500,FCPT,1w,"['RSI_OVERSOLD', 'RSI_OVERSOLD']","[343, 157]"
sp500,FCX,1w,['RSI_OVERSOLD'],[343]
sp500,FDS,1w,"['RSI_OVERSOLD', 'hammer', 'engulfing', 'engulfing']","[56, 49, 48, 33]"
sp500,FDX,1w,"['RSI_OVERSOLD', 'RSI_OVERSOLD', 'RSI_OVERSOLD', 'RSI_OVERSOLD']","[409, 344, 264, 213]"
sp500,FDXF,1w,,
sp500,FE,1w,"['RSI_OVERSOLD', 'engulfing', 'hammer']","[343, 323, 158]"
sp500,FELE,1w,['RSI_OVERSOLD'],[233]
sp500,FERG,1w,"['hammer', 'RSI_OVERSOLD']","[412, 232]"
sp500,FFBC,1w,"['RSI_OVERSOLD', 'RSI_OVERSOLD', 'RSI_OVERSOLD', 'RSI_OVERSOLD']","[408, 345, 339, 335]"
sp500,FFIN,1w,"['RSI_OVERSOLD', 'inverted_hammer', 'RSI_OVERSOLD', 'inverted_hammer', 'inverted_hammer']","[233, 226, 200, 79, 45]"
sp500,FFIV,1w,"['inverted_hammer', 'RSI_OVERSOLD', 'RSI_OVERSOLD']","[417, 344, 48]"
sp500,FG,1w,['RSI_OVERSOLD'],[33]
sp500,FHB,1w,"['RSI_OVERSOLD', 'RSI_OVERSOLD']","[345, 339]"
sp500,FHI,1w,"['inverted_hammer', 'RSI_OVERSOLD', 'RSI_OVERSOLD', 'engulfing']","[434, 428, 344, 342]"
sp500,FHN,1w,"['RSI_OVERSOLD', 'RSI_OVERSOLD', 'RSI_OVERSOLD', 'RSI_OVERSOLD', 'hammer']","[409, 345, 189, 180, 176]"
sp500,FIBK,1w,"['RSI_OVERSOLD', 'inverted_hammer', 'hammer', 'RSI_OVERSOLD']","[346, 187, 83, 80]"
sp500,FICO,1w,"['RSI_OVERSOLD', 'RSI_OVERSOLD', 'RSI_OVERSOLD', 'RSI_OVERSOLD', 'RSI_OVERSOLD']","[343, 257, 31, 27, 2]"
sp500,FIS,1w,"['RSI_OVERSOLD', 'RSI_OVERSOLD', 'RSI_OVERSOLD', 'RSI_OVERSOLD', 'RSI_OVERSOLD']","[259, 206, 187, 37, 29]"
sp500,FISV,1w,"['RSI_OVERSOLD', 'hammer', 'hammer', 'RSI_OVERSOLD', 'inverted_hammer, RSI_OVERSOLD']","[343, 255, 72, 64, 17]"
sp500,FITB,1w,"['inverted_hammer', 'RSI_OVERSOLD', 'RSI_OVERSOLD', 'engulfing', 'hammer']","[234, 187, 80, 77, 2]"
sp500,FIVE,1w,"['engulfing', 'RSI_OVERSOLD', 'RSI_OVERSOLD', 'RSI_OVERSOLD', 'RSI_OVERSOLD']","[342, 230, 125, 123, 80]"
sp500,FIVN,1w,"['RSI_OVERSOLD', 'hammer', 'RSI_OVERSOLD', 'RSI_OVERSOLD', 'engulfing']","[206, 118, 114, 80, 77]"
sp500,FIX,1w,"['RSI_OVERSOLD', 'RSI_OVERSOLD', 'hammer']","[373, 343, 338]"
sp500,FIZZ,1w,"['RSI_OVERSOLD', 'engulfing', 'engulfing', 'RSI_OVERSOLD']","[397, 381, 86, 49]"
sp500,FLEX,1w,"['RSI_OVERSOLD', 'RSI_OVERSOLD', 'engulfing']","[416, 344, 342]"
sp500,FLG,1w,"['RSI_OVERSOLD', 'RSI_OVERSOLD', 'RSI_OVERSOLD', 'RSI_OVERSOLD']","[416, 233, 187, 141]"
sp500,FLO,1w,"['RSI_OVERSOLD', 'RSI_OVERSOLD', 'hammer', 'RSI_OVERSOLD', 'RSI_OVERSOLD']","[73, 57, 40, 32, 22]"
sp500,FLR,1w,"['RSI_OVERSOLD', 'RSI_OVERSOLD', 'RSI_OVERSOLD', 'RSI_OVERSOLD', 'piercing_line']","[479, 410, 375, 346, 79]"
sp500,FLS,1w,"['RSI_OVERSOLD', 'engulfing', 'RSI_OVERSOLD', 'RSI_OVERSOLD']","[346, 342, 335, 80]"
sp500,FMC,1w,"['RSI_OVERSOLD', 'engulfing', 'RSI_OVERSOLD', 'RSI_OVERSOLD', 'RSI_OVERSOLD']","[167, 150, 88, 50, 30]"
sp500,FN,1w,,
sp500,FNB,1w,"['RSI_OVERSOLD', 'engulfing', 'engulfing', 'engulfing', 'RSI_OVERSOLD']","[345, 342, 182, 82, 80]"
sp500,FND,1w,"['hammer', 'hammer', 'RSI_OVERSOLD', 'inverted_hammer', 'RSI_OVERSOLD']","[242, 240, 231, 157, 80]"
sp500,FNF,1w,"['RSI_OVERSOLD', 'hammer', 'inverted_hammer', 'RSI_OVERSOLD', 'RSI_OVERSOLD']","[343, 335, 235, 30, 2]"
sp500,FORM,1w,"['RSI_OVERSOLD', 'hammer']","[207, 84]"
sp500,FOUR,1w,"['RSI_OVERSOLD', 'RSI_OVERSOLD']","[155, 33]"
sp500,FOX,1w,"['RSI_OVERSOLD', 'hammer', 'hammer']","[344, 231, 208]"
sp500,FOXA,1w,"['RSI_OVERSOLD', 'hammer']","[344, 231]"
sp500,FOXF,1w,"['RSI_OVERSOLD', 'engulfing', 'RSI_OVERSOLD', 'RSI_OVERSOLD', 'RSI_OVERSOLD']","[154, 148, 138, 131, 48]"
sp500,FR,1w,"['RSI_OVERSOLD', 'RSI_OVERSOLD']","[343, 156]"
sp500,FRPT,1w,"['RSI_OVERSOLD', 'hammer', 'RSI_OVERSOLD', 'RSI_OVERSOLD']","[252, 231, 83, 62]"
sp500,FRT,1w,"['RSI_OVERSOLD', 'RSI_OVERSOLD', 'RSI_OVERSOLD', 'RSI_OVERSOLD', 'inverted_hammer']","[453, 344, 338, 226, 82]"
sp500,FSLR,1w,"['RSI_OVERSOLD', 'RSI_OVERSOLD', 'RSI_OVERSOLD', 'hammer']","[416, 344, 85, 84]"
sp500,FSS,1w,"['RSI_OVERSOLD', 'piercing_line', 'RSI_OVERSOLD']","[240, 235, 80]"
sp500,FTDR,1w,"['RSI_OVERSOLD', 'engulfing', 'RSI_OVERSOLD', 'RSI_OVERSOLD', 'RSI_OVERSOLD']","[259, 252, 242, 229, 83]"
sp500,FTI,1w,"['RSI_OVERSOLD', 'RSI_OVERSOLD']","[410, 346]"
sp500,FTNT,1w,,
sp500,FTRE,1w,"['RSI_OVERSOLD', 'engulfing', 'hammer', 'RSI_OVERSOLD']","[84, 77, 75, 68]"
sp500,FTV,1w,"['RSI_OVERSOLD', 'RSI_OVERSOLD']","[344, 240]"
sp500,FUL,1w,"['RSI_OVERSOLD', 'inverted_hammer', 'engulfing', 'RSI_OVERSOLD', 'piercing_line']","[93, 92, 91, 88, 79]"
sp500,FULT,1w,"['RSI_OVERSOLD', 'RSI_OVERSOLD', 'hammer', 'RSI_OVERSOLD']","[344, 182, 83, 80]"
sp500,FUN,1w,"['RSI_OVERSOLD', 'hammer', 'RSI_OVERSOLD', 'RSI_OVERSOLD', 'hammer, RSI_OVERSOLD']","[346, 83, 80, 62, 2]"
sp500,G,1w,"['engulfing', 'RSI_OVERSOLD', 'RSI_OVERSOLD', 'RSI_OVERSOLD', 'engulfing']","[342, 341, 241, 179, 175]"
sp500,GAP,1w,"['RSI_OVERSOLD', 'RSI_OVERSOLD', 'RSI_OVERSOLD', 'RSI_OVERSOLD', 'RSI_OVERSOLD']","[374, 344, 255, 240, 234]"
sp500,GATX,1w,"['hammer', 'RSI_OVERSOLD', 'engulfing']","[344, 343, 342]"
sp500,GBCI,1w,"['RSI_OVERSOLD', 'RSI_OVERSOLD', 'inverted_hammer']","[344, 188, 79]"
sp500,GBX,1w,"['RSI_OVERSOLD', 'engulfing', 'RSI_OVERSOLD', 'RSI_OVERSOLD', 'RSI_OVERSOLD']","[343, 342, 341, 222, 79]"
sp500,GD,1w,"['RSI_OVERSOLD', 'RSI_OVERSOLD', 'engulfing']","[408, 344, 342]"
sp500,GDDY,1w,"['RSI_OVERSOLD', 'hammer', 'RSI_OVERSOLD', 'engulfing']","[343, 269, 62, 32]"
sp500,GE,1w,"['RSI_OVERSOLD', 'engulfing', 'hammer', 'RSI_OVERSOLD', 'RSI_OVERSOLD']","[343, 342, 339, 335, 226]"
sp500,GEF,1w,"['RSI_OVERSOLD', 'RSI_OVERSOLD', 'RSI_OVERSOLD']","[408, 382, 344]"
sp500,GEHC,1w,['RSI_OVERSOLD'],[80]
sp500,GEN,1w,"['RSI_OVERSOLD', 'RSI_OVERSOLD', 'RSI_OVERSOLD']","[440, 188, 179]"
sp500,GEO,1w,"['RSI_OVERSOLD', 'RSI_OVERSOLD']","[453, 288]"
sp500,GEV,1w,,
sp500,GFF,1w,"['inverted_hammer', 'hammer', 'hammer', 'RSI_OVERSOLD', 'engulfing']","[479, 415, 413, 343, 233]"
sp500,GGG,1w,"['hammer', 'inverted_hammer']","[124, 23]"
sp500,GHC,1w,"['RSI_OVERSOLD', 'RSI_OVERSOLD']","[350, 335]"
sp500,GIII,1w,"['RSI_OVERSOLD', 'RSI_OVERSOLD']","[384, 374]"
sp500,GILD,1w,['RSI_OVERSOLD'],[240]
sp500,GIS,1w,"['RSI_OVERSOLD', 'hammer', 'hammer', 'RSI_OVERSOLD', 'RSI_OVERSOLD']","[447, 300, 158, 68, 31]"
sp500,GKOS,1w,"['RSI_OVERSOLD', 'inverted_hammer', 'hammer', 'RSI_OVERSOLD']","[343, 261, 231, 84]"
sp500,GL,1w,"['RSI_OVERSOLD', 'RSI_OVERSOLD', 'inverted_hammer', 'RSI_OVERSOLD', 'RSI_OVERSOLD']","[408, 344, 343, 341, 131]"
sp500,GLPI,1w,['RSI_OVERSOLD'],[343]
sp500,GLW,1w,"['RSI_OVERSOLD', 'engulfing', 'hammer']","[343, 342, 155]"
sp500,GM,1w,['RSI_OVERSOLD'],[344]
sp500,GME,1w,"['hammer', 'hammer', 'engulfing']","[393, 247, 245]"
sp500,GMED,1w,"['RSI_OVERSOLD', 'RSI_OVERSOLD', 'RSI_OVERSOLD', 'RSI_OVERSOLD']","[408, 406, 344, 75]"
sp500,GNL,1w,"['hammer', 'RSI_OVERSOLD', 'hammer', 'RSI_OVERSOLD', 'hammer']","[231, 211, 178, 177, 130]"
sp500,GNRC,1w,"['RSI_OVERSOLD', 'RSI_OVERSOLD', 'RSI_OVERSOLD']","[208, 206, 80]"
sp500,GNTX,1w,"['RSI_OVERSOLD', 'RSI_OVERSOLD', 'engulfing', 'RSI_OVERSOLD', 'RSI_OVERSOLD']","[343, 341, 113, 87, 81]"
sp500,GNW,1w,,
sp500,GO,1w,"['RSI_OVERSOLD', 'engulfing', 'RSI_OVERSOLD', 'RSI_OVERSOLD', 'hammer']","[127, 121, 115, 32, 31]"
sp500,GOLF,1w,"['RSI_OVERSOLD', 'inverted_hammer']","[343, 245]"
sp500,GOOG,1w,"['hammer', 'engulfing']","[384, 342]"
sp500,GOOGL,1w,"['hammer', 'engulfing']","[384, 342]"
sp500,GPC,1w,"['RSI_OVERSOLD', 'RSI_OVERSOLD', 'RSI_OVERSOLD']","[344, 156, 30]"
sp500,GPI,1w,"['RSI_OVERSOLD', 'engulfing']","[344, 342]"
sp500,GPK,1w,"['RSI_OVERSOLD', 'RSI_OVERSOLD', 'piercing_line', 'hammer', 'RSI_OVERSOLD']","[408, 343, 342, 44, 37]"
sp500,GPN,1w,"['RSI_OVERSOLD', 'hammer', 'engulfing', 'RSI_OVERSOLD', 'RSI_OVERSOLD']","[267, 124, 118, 80, 78]"
sp500,GPOR,1w,,
sp500,GRBK,1w,['RSI_OVERSOLD'],[343]
sp500,GRMN,1w,"['RSI_OVERSOLD', 'engulfing', 'RSI_OVERSOLD']","[344, 342, 243]"
sp500,GS,1w,"['RSI_OVERSOLD', 'RSI_OVERSOLD', 'engulfing', 'inverted_hammer']","[408, 344, 342, 226]"
sp500,GSHD,1w,"['RSI_OVERSOLD', 'RSI_OVERSOLD', 'RSI_OVERSOLD', 'RSI_OVERSOLD', 'RSI_OVERSOLD']","[241, 231, 226, 53, 35]"
sp500,GT,1w,"['hammer', 'RSI_OVERSOLD', 'hammer', 'RSI_OVERSOLD', 'hammer']","[231, 114, 109, 53, 52]"
sp500,GTES,1w,"['RSI_OVERSOLD', 'RSI_OVERSOLD', 'RSI_OVERSOLD']","[383, 375, 343]"
sp500,GTM,1w,"['RSI_OVERSOLD', 'RSI_OVERSOLD', 'engulfing', 'RSI_OVERSOLD', 'hammer, engulfing']","[154, 35, 32, 22, 16]"
sp500,GTY,1w,"['RSI_OVERSOLD', 'hammer']","[344, 242]"
sp500,GVA,1w,"['RSI_OVERSOLD', 'RSI_OVERSOLD', 'RSI_OVERSOLD', 'RSI_OVERSOLD', 'RSI_OVERSOLD']","[426, 417, 374, 345, 241]"
sp500,GWRE,1w,"['RSI_OVERSOLD', 'RSI_OVERSOLD', 'RSI_OVERSOLD', 'RSI_OVERSOLD', 'RSI_OVERSOLD']","[246, 232, 226, 209, 39]"
sp500,GWW,1w,"['engulfing', 'RSI_OVERSOLD', 'RSI_OVERSOLD']","[488, 482, 343]"
sp500,GXO,1w,"['hammer', 'RSI_OVERSOLD']","[231, 79]"
sp500,H,1w,"['RSI_OVERSOLD', 'RSI_OVERSOLD', 'engulfing']","[344, 80, 77]"
sp500,HAE,1w,"['inverted_hammer', 'RSI_OVERSOLD', 'RSI_OVERSOLD', 'engulfing']","[350, 343, 286, 60]"
sp500,HAFC,1w,"['RSI_OVERSOLD', 'RSI_OVERSOLD', 'RSI_OVERSOLD', 'RSI_OVERSOLD', 'RSI_OVERSOLD']","[408, 345, 339, 337, 187]"
sp500,HAL,1w,"['RSI_OVERSOLD', 'RSI_OVERSOLD', 'RSI_OVERSOLD', 'RSI_OVERSOLD', 'RSI_OVERSOLD']","[413, 386, 345, 109, 80]"
sp500,HALO,1w,['RSI_OVERSOLD'],[187]
sp500,HAS,1w,"['RSI_OVERSOLD', 'hammer', 'hammer', 'RSI_OVERSOLD', 'hammer']","[204, 199, 187, 155, 14]"
sp500,HASI,1w,"['RSI_OVERSOLD', 'RSI_OVERSOLD', 'RSI_OVERSOLD', 'engulfing']","[451, 343, 247, 245]"
sp500,HAYW,1w,"['RSI_OVERSOLD', 'hammer']","[212, 154]"
sp500,HBAN,1w,"['RSI_OVERSOLD', 'RSI_OVERSOLD', 'inverted_hammer', 'hammer', 'hammer']","[187, 180, 157, 83, 2]"
sp500,HCA,1w,"['RSI_OVERSOLD', 'RSI_OVERSOLD']","[344, 226]"
sp500,HCC,1w,"['RSI_OVERSOLD', 'inverted_hammer']","[344, 343]"
sp500,HCI,1w,"['RSI_OVERSOLD', 'RSI_OVERSOLD', 'engulfing', 'RSI_OVERSOLD']","[475, 248, 245, 208]"
sp500,HCSG,1w,"['hammer', 'RSI_OVERSOLD', 'RSI_OVERSOLD', 'engulfing', 'RSI_OVERSOLD']","[443, 377, 260, 252, 245]"
sp500,HD,1w,['RSI_OVERSOLD'],[343]
sp500,HE,1w,"['RSI_OVERSOLD', 'hammer', 'RSI_OVERSOLD', 'RSI_OVERSOLD', 'RSI_OVERSOLD']","[165, 130, 129, 119, 6]"
sp500,HFWA,1w,"['RSI_OVERSOLD', 'inverted_hammer', 'RSI_OVERSOLD', 'RSI_OVERSOLD']","[344, 343, 335, 187]"
sp500,HGV,1w,"['RSI_OVERSOLD', 'RSI_OVERSOLD', 'RSI_OVERSOLD']","[427, 345, 2]"
sp500,HIG,1w,"['RSI_OVERSOLD', 'engulfing', 'RSI_OVERSOLD', 'RSI_OVERSOLD', 'hammer']","[416, 408, 346, 344, 2]"
sp500,HII,1w,"['RSI_OVERSOLD', 'RSI_OVERSOLD', 'hammer', 'RSI_OVERSOLD', 'RSI_OVERSOLD']","[408, 344, 318, 102, 88]"
sp500,HIMS,1w,['RSI_OVERSOLD'],[36]
sp500,HIW,1w,"['hammer', 'RSI_OVERSOLD', 'hammer', 'RSI_OVERSOLD', 'RSI_OVERSOLD']","[231, 226, 222, 187, 31]"
sp500,HL,1w,"['RSI_OVERSOLD', 'RSI_OVERSOLD', 'hammer']","[426, 388, 252]"
sp500,HLI,1w,"['RSI_OVERSOLD', 'RSI_OVERSOLD', 'engulfing', 'RSI_OVERSOLD']","[416, 408, 234, 31]"
sp500,HLIT,1w,"['RSI_OVERSOLD', 'engulfing', 'engulfing']","[481, 473, 157]"
sp500,HLNE,1w,"['engulfing', 'inverted_hammer']","[32, 27]"
sp500,HLT,1w,"['RSI_OVERSOLD', 'RSI_OVERSOLD']","[344, 341]"
sp500,HMN,1w,"['RSI_OVERSOLD', 'RSI_OVERSOLD', 'RSI_OVERSOLD', 'hammer']","[416, 343, 341, 2]"
sp500,HNI,1w,"['RSI_OVERSOLD', 'RSI_OVERSOLD']","[344, 341]"
sp500,HOG,1w,"['RSI_OVERSOLD', 'RSI_OVERSOLD', 'RSI_OVERSOLD', 'RSI_OVERSOLD', 'RSI_OVERSOLD']","[155, 87, 83, 80, 33]"
sp500,HOMB,1w,"['RSI_OVERSOLD', 'RSI_OVERSOLD', 'RSI_OVERSOLD', 'inverted_hammer']","[417, 410, 344, 273]"
sp500,HON,1w,"['RSI_OVERSOLD', 'engulfing']","[343, 342]"
sp500,HONA,1w,,
sp500,HOOD,1w,['hammer'],[242]
sp500,HOPE,1w,"['RSI_OVERSOLD', 'RSI_OVERSOLD', 'inverted_hammer', 'RSI_OVERSOLD', 'RSI_OVERSOLD']","[409, 345, 226, 186, 80]"
sp500,HP,1w,"['hammer', 'RSI_OVERSOLD', 'RSI_OVERSOLD', 'RSI_OVERSOLD', 'RSI_OVERSOLD']","[493, 408, 345, 80, 75]"
sp500,HPE,1w,"['RSI_OVERSOLD', 'RSI_OVERSOLD']","[344, 80]"
sp500,HPQ,1w,"['RSI_OVERSOLD', 'RSI_OVERSOLD', 'RSI_OVERSOLD']","[343, 80, 35]"
sp500,HQY,1w,['RSI_OVERSOLD'],[253]
sp500,HR,1w,"['RSI_OVERSOLD', 'RSI_OVERSOLD', 'RSI_OVERSOLD', 'hammer', 'RSI_OVERSOLD']","[452, 447, 240, 159, 158]"
sp500,HRB,1w,"['engulfing', 'RSI_OVERSOLD', 'RSI_OVERSOLD', 'RSI_OVERSOLD', 'engulfing']","[367, 345, 178, 36, 30]"
sp500,HRL,1w,"['RSI_OVERSOLD', 'RSI_OVERSOLD', 'hammer', 'RSI_OVERSOLD', 'inverted_hammer']","[157, 56, 55, 50, 6]"
sp500,HRMY,1w,"['RSI_OVERSOLD', 'RSI_OVERSOLD', 'inverted_hammer']","[185, 157, 156]"
sp500,HSIC,1w,"['RSI_OVERSOLD', 'RSI_OVERSOLD', 'RSI_OVERSOLD']","[466, 343, 341]"
sp500,HST,1w,"['RSI_OVERSOLD', 'RSI_OVERSOLD', 'RSI_OVERSOLD']","[408, 345, 83]"
sp500,HSTM,1w,"['RSI_OVERSOLD', 'inverted_hammer', 'inverted_hammer', 'RSI_OVERSOLD', 'RSI_OVERSOLD']","[242, 233, 232, 40, 36]"
sp500,HSY,1w,"['hammer', 'RSI_OVERSOLD', 'RSI_OVERSOLD']","[164, 148, 91]"
sp500,HTH,1w,"['RSI_OVERSOLD', 'RSI_OVERSOLD']","[343, 234]"
sp500,HTLD,1w,"['RSI_OVERSOLD', 'RSI_OVERSOLD', 'RSI_OVERSOLD', 'engulfing']","[446, 236, 132, 128]"
sp500,HTO,1w,,
sp500,HUBB,1w,"['inverted_hammer', 'RSI_OVERSOLD', 'hammer', 'RSI_OVERSOLD', 'RSI_OVERSOLD']","[492, 442, 441, 343, 80]"
sp500,HUBG,1w,,
sp500,HUM,1w,"['RSI_OVERSOLD', 'RSI_OVERSOLD']","[142, 106]"
sp500,HWC,1w,"['inverted_hammer', 'inverted_hammer', 'RSI_OVERSOLD', 'engulfing', 'hammer']","[234, 233, 187, 182, 83]"
sp500,HWKN,1w,"['RSI_OVERSOLD', 'hammer']","[478, 476]"
sp500,HWM,1w,"['RSI_OVERSOLD', 'RSI_OVERSOLD']","[441, 343]"
sp500,HXL,1w,"['RSI_OVERSOLD', 'RSI_OVERSOLD']","[344, 80]"
sp500,HZO,1w,"['RSI_OVERSOLD', 'inverted_hammer', 'RSI_OVERSOLD', 'inverted_hammer']","[343, 226, 80, 79]"
sp500,IART,1w,"['RSI_OVERSOLD', 'RSI_OVERSOLD', 'RSI_OVERSOLD', 'RSI_OVERSOLD', 'RSI_OVERSOLD']","[213, 177, 155, 127, 75]"
sp500,IBKR,1w,['inverted_hammer'],[343]
sp500,IBM,1w,"['RSI_OVERSOLD', 'RSI_OVERSOLD']","[416, 344]"
sp500,IBOC,1w,"['inverted_hammer', 'RSI_OVERSOLD', 'inverted_hammer', 'inverted_hammer']","[417, 346, 274, 79]"
sp500,IBP,1w,"['RSI_OVERSOLD', 'RSI_OVERSOLD', 'engulfing', 'engulfing']","[420, 343, 342, 18]"
sp500,ICE,1w,"['RSI_OVERSOLD', 'RSI_OVERSOLD', 'RSI_OVERSOLD', 'RSI_OVERSOLD']","[231, 226, 52, 50]"
sp500,ICHR,1w,"['RSI_OVERSOLD', 'RSI_OVERSOLD']","[343, 80]"
sp500,ICUI,1w,"['RSI_OVERSOLD', 'engulfing', 'engulfing']","[375, 370, 150]"
sp500,IDA,1w,"['RSI_OVERSOLD', 'hammer']","[343, 162]"
sp500,IDCC,1w,"['RSI_OVERSOLD', 'RSI_OVERSOLD', 'RSI_OVERSOLD']","[375, 343, 215]"
sp500,IDXX,1w,"['RSI_OVERSOLD', 'RSI_OVERSOLD', 'engulfing']","[343, 232, 230]"
sp500,IESC,1w,"['RSI_OVERSOLD', 'RSI_OVERSOLD', 'hammer']","[343, 233, 226]"
sp500,IEX,1w,"['RSI_OVERSOLD', 'RSI_OVERSOLD', 'hammer', 'engulfing', 'RSI_OVERSOLD']","[344, 244, 242, 121, 80]"
sp500,IFF,1w,"['RSI_OVERSOLD', 'hammer', 'RSI_OVERSOLD']","[374, 79, 62]"
sp500,IIPR,1w,"['RSI_OVERSOLD', 'engulfing', 'engulfing', 'RSI_OVERSOLD', 'RSI_OVERSOLD']","[95, 91, 89, 82, 62]"
sp500,ILMN,1w,"['RSI_OVERSOLD', 'hammer', 'RSI_OVERSOLD', 'RSI_OVERSOLD', 'hammer']","[227, 222, 160, 87, 84]"
sp500,INCY,1w,"['RSI_OVERSOLD', 'RSI_OVERSOLD', 'hammer']","[445, 442, 176]"
sp500,INDB,1w,"['RSI_OVERSOLD', 'engulfing', 'RSI_OVERSOLD']","[344, 343, 174]"
sp500,INDV,1w,"['RSI_OVERSOLD', 'engulfing', 'RSI_OVERSOLD', 'engulfing', 'RSI_OVERSOLD']","[203, 147, 118, 107, 105]"
sp500,INGR,1w,"['RSI_OVERSOLD', 'engulfing', 'engulfing', 'RSI_OVERSOLD', 'RSI_OVERSOLD']","[431, 429, 155, 49, 17]"
sp500,INSP,1w,"['hammer', 'RSI_OVERSOLD', 'RSI_OVERSOLD', 'RSI_OVERSOLD', 'hammer']","[231, 157, 153, 62, 54]"
sp500,INSW,1w,['hammer'],[346]
sp500,INTC,1w,"['RSI_OVERSOLD', 'RSI_OVERSOLD', 'engulfing', 'RSI_OVERSOLD']","[213, 115, 111, 110]"
sp500,INTU,1w,"['RSI_OVERSOLD', 'RSI_OVERSOLD', 'RSI_OVERSOLD', 'engulfing', 'RSI_OVERSOLD']","[343, 231, 36, 33, 19]"
sp500,INVA,1w,"['hammer', 'RSI_OVERSOLD', 'RSI_OVERSOLD', 'engulfing']","[433, 343, 189, 187]"
sp500,INVH,1w,"['RSI_OVERSOLD', 'RSI_OVERSOLD']","[343, 44]"
sp500,INVX,1w,"['hammer', 'RSI_OVERSOLD', 'RSI_OVERSOLD']","[477, 344, 254]"
sp500,IOSP,1w,"['RSI_OVERSOLD', 'RSI_OVERSOLD']","[344, 80]"
sp500,IP,1w,"['RSI_OVERSOLD', 'RSI_OVERSOLD', 'hammer', 'hammer', 'engulfing']","[241, 212, 176, 49, 47]"
sp500,IPAR,1w,"['RSI_OVERSOLD', 'RSI_OVERSOLD']","[345, 54]"
sp500,IPGP,1w,"['inverted_hammer', 'engulfing', 'RSI_OVERSOLD', 'RSI_OVERSOLD', 'RSI_OVERSOLD']","[234, 232, 226, 115, 85]"
sp500,IQV,1w,"['RSI_OVERSOLD', 'RSI_OVERSOLD', 'engulfing', 'RSI_OVERSOLD']","[343, 80, 77, 75]"
sp500,IR,1w,"['RSI_OVERSOLD', 'engulfing', 'inverted_hammer', 'RSI_OVERSOLD']","[344, 342, 232, 80]"
sp500,IRDM,1w,"['RSI_OVERSOLD', 'hammer', 'RSI_OVERSOLD', 'RSI_OVERSOLD']","[139, 77, 57, 55]"
sp500,IRM,1w,"['RSI_OVERSOLD', 'hammer', 'RSI_OVERSOLD', 'piercing_line']","[451, 388, 343, 342]"
sp500,IRT,1w,"['RSI_OVERSOLD', 'RSI_OVERSOLD', 'RSI_OVERSOLD', 'hammer', 'RSI_OVERSOLD']","[453, 343, 341, 211, 210]"
sp500,ISRG,1w,"['RSI_OVERSOLD', 'hammer', 'RSI_OVERSOLD', 'RSI_OVERSOLD']","[343, 231, 226, 13]"
sp500,IT,1w,"['RSI_OVERSOLD', 'piercing_line', 'RSI_OVERSOLD', 'RSI_OVERSOLD', 'engulfing']","[80, 79, 65, 36, 33]"
sp500,ITGR,1w,"['RSI_OVERSOLD', 'RSI_OVERSOLD', 'engulfing', 'RSI_OVERSOLD']","[343, 210, 79, 51]"
sp500,ITRI,1w,"['RSI_OVERSOLD', 'RSI_OVERSOLD', 'hammer', 'RSI_OVERSOLD']","[408, 343, 242, 241]"
sp500,ITT,1w,"['RSI_OVERSOLD', 'engulfing', 'RSI_OVERSOLD']","[344, 342, 80]"
sp500,ITW,1w,['RSI_OVERSOLD'],[343]
sp500,IVT,1w,['RSI_OVERSOLD'],[489]
sp500,IVZ,1w,"['RSI_OVERSOLD', 'engulfing', 'RSI_OVERSOLD', 'inverted_hammer', 'RSI_OVERSOLD']","[345, 342, 338, 157, 80]"
sp500,J,1w,"['RSI_OVERSOLD', 'piercing_line']","[343, 79]"
sp500,JAZZ,1w,"['RSI_OVERSOLD', 'engulfing', 'hammer', 'RSI_OVERSOLD', 'engulfing']","[343, 267, 265, 212, 174]"
sp500,JBGS,1w,"['RSI_OVERSOLD', 'hammer', 'RSI_OVERSOLD', 'RSI_OVERSOLD', 'RSI_OVERSOLD']","[343, 231, 211, 188, 183]"
sp500,JBHT,1w,"['RSI_OVERSOLD', 'RSI_OVERSOLD']","[344, 80]"
sp500,JBL,1w,"['RSI_OVERSOLD', 'engulfing']","[344, 342]"
sp500,JBLU,1w,"['RSI_OVERSOLD', 'hammer', 'RSI_OVERSOLD', 'hammer', 'engulfing']","[341, 240, 211, 154, 77]"
sp500,JBSS,1w,"['RSI_OVERSOLD', 'RSI_OVERSOLD', 'engulfing', 'RSI_OVERSOLD']","[408, 88, 87, 76]"
sp500,JBTM,1w,"['RSI_OVERSOLD', 'RSI_OVERSOLD', 'engulfing', 'RSI_OVERSOLD', 'inverted_hammer']","[344, 341, 244, 242, 234]"
sp500,JCI,1w,"['hammer', 'RSI_OVERSOLD', 'hammer', 'RSI_OVERSOLD']","[465, 343, 242, 232]"
sp500,JEF,1w,"['RSI_OVERSOLD', 'RSI_OVERSOLD', 'RSI_OVERSOLD']","[343, 80, 32]"
sp500,JJSF,1w,"['hammer', 'RSI_OVERSOLD', 'RSI_OVERSOLD', 'RSI_OVERSOLD', 'RSI_OVERSOLD']","[343, 232, 88, 55, 53]"
sp500,JKHY,1w,"['RSI_OVERSOLD', 'RSI_OVERSOLD']","[187, 55]"
sp500,JLL,1w,"['inverted_hammer', 'RSI_OVERSOLD', 'inverted_hammer']","[387, 343, 182]"
sp500,JNJ,1w,['piercing_line'],[342]
sp500,JOE,1w,"['RSI_OVERSOLD', 'RSI_OVERSOLD', 'RSI_OVERSOLD', 'hammer']","[418, 410, 408, 225]"
sp500,JPM,1w,"['RSI_OVERSOLD', 'engulfing']","[344, 342]"
sp500,JXN,1w,,
sp500,KAI,1w,"['RSI_OVERSOLD', 'engulfing', 'inverted_hammer']","[343, 342, 4]"
sp500,KALU,1w,"['RSI_OVERSOLD', 'RSI_OVERSOLD']","[343, 80]"
sp500,KBH,1w,"['RSI_OVERSOLD', 'RSI_OVERSOLD', 'RSI_OVERSOLD']","[344, 226, 79]"
sp500,KBR,1w,"['RSI_OVERSOLD', 'RSI_OVERSOLD']","[344, 22]"
sp500,KD,1w,['RSI_OVERSOLD'],[35]
sp500,KDP,1w,"['RSI_OVERSOLD', 'RSI_OVERSOLD']","[344, 57]"
sp500,KEX,1w,"['RSI_OVERSOLD', 'engulfing']","[346, 342]"
sp500,KEY,1w,"['RSI_OVERSOLD', 'engulfing', 'RSI_OVERSOLD', 'hammer', 'RSI_OVERSOLD']","[344, 342, 187, 181, 180]"
sp500,KEYS,1w,['hammer'],[231]
sp500,KFY,1w,"['inverted_hammer', 'RSI_OVERSOLD', 'inverted_hammer']","[409, 344, 343]"
sp500,KGS,1w,,
sp500,KHC,1w,"['RSI_OVERSOLD', 'RSI_OVERSOLD', 'RSI_OVERSOLD', 'hammer', 'RSI_OVERSOLD']","[408, 399, 375, 344, 343]"
sp500,KIM,1w,"['RSI_OVERSOLD', 'engulfing', 'RSI_OVERSOLD', 'RSI_OVERSOLD', 'RSI_OVERSOLD']","[494, 488, 454, 344, 339]"
sp500,KKR,1w,"['RSI_OVERSOLD', 'RSI_OVERSOLD', 'RSI_OVERSOLD']","[343, 33, 31]"
sp500,KLAC,1w,['RSI_OVERSOLD'],[343]
sp500,KLIC,1w,"['inverted_hammer', 'hammer', 'hammer', 'hammer']","[343, 155, 84, 83]"
sp500,KMB,1w,"['RSI_OVERSOLD', 'RSI_OVERSOLD', 'RSI_OVERSOLD', 'RSI_OVERSOLD']","[240, 49, 43, 40]"
sp500,KMI,1w,"['RSI_OVERSOLD', 'RSI_OVERSOLD', 'RSI_OVERSOLD', 'engulfing', 'inverted_hammer']","[465, 447, 344, 342, 187]"
sp500,KMPR,1w,"['RSI_OVERSOLD', 'hammer', 'RSI_OVERSOLD', 'RSI_OVERSOLD', 'engulfing']","[254, 243, 62, 36, 18]"
sp500,KMT,1w,"['RSI_OVERSOLD', 'engulfing', 'RSI_OVERSOLD', 'hammer']","[344, 342, 236, 225]"
sp500,KMX,1w,"['inverted_hammer', 'RSI_OVERSOLD', 'engulfing', 'RSI_OVERSOLD', 'RSI_OVERSOLD']","[234, 211, 207, 55, 50]"
sp500,KN,1w,"['RSI_OVERSOLD', 'RSI_OVERSOLD', 'RSI_OVERSOLD', 'hammer']","[349, 344, 215, 84]"
sp500,KNF,1w,['RSI_OVERSOLD'],[2]
sp500,KNSL,1w,['engulfing'],[22]
sp500,KNTK,1w,"['RSI_OVERSOLD', 'hammer']","[383, 338]"
sp500,KNX,1w,"['RSI_OVERSOLD', 'RSI_OVERSOLD', 'RSI_OVERSOLD']","[429, 408, 80]"
sp500,KO,1w,"['RSI_OVERSOLD', 'RSI_OVERSOLD']","[343, 158]"
sp500,KOP,1w,"['RSI_OVERSOLD', 'RSI_OVERSOLD', 'RSI_OVERSOLD', 'engulfing']","[414, 345, 120, 77]"
sp500,KR,1w,"['RSI_OVERSOLD', 'hammer']","[487, 377]"
sp500,KRC,1w,"['RSI_OVERSOLD', 'hammer', 'RSI_OVERSOLD', 'RSI_OVERSOLD', 'hammer']","[343, 226, 212, 188, 180]"
sp500,KRG,1w,"['RSI_OVERSOLD', 'RSI_OVERSOLD', 'RSI_OVERSOLD', 'RSI_OVERSOLD']","[501, 454, 343, 338]"
sp500,KRMN,1w,,
sp500,KRYS,1w,,
sp500,KSS,1w,"['inverted_hammer', 'RSI_OVERSOLD', 'RSI_OVERSOLD', 'RSI_OVERSOLD', 'engulfing']","[408, 345, 338, 83, 77]"
sp500,KTB,1w,"['RSI_OVERSOLD', 'RSI_OVERSOLD']","[342, 335]"
sp500,KTOS,1w,"['inverted_hammer', 'RSI_OVERSOLD', 'RSI_OVERSOLD', 'RSI_OVERSOLD', 'engulfing']","[447, 343, 248, 231, 230]"
sp500,KVUE,1w,"['RSI_OVERSOLD', 'RSI_OVERSOLD']","[55, 52]"
sp500,KWR,1w,"['RSI_OVERSOLD', 'engulfing', 'RSI_OVERSOLD', 'RSI_OVERSOLD', 'RSI_OVERSOLD']","[343, 233, 231, 92, 80]"
sp500,L,1w,"['RSI_OVERSOLD', 'engulfing', 'inverted_hammer', 'hammer, RSI_OVERSOLD']","[344, 342, 337, 335]"
sp500,LAD,1w,"['RSI_OVERSOLD', 'engulfing', 'hammer', 'hammer', 'RSI_OVERSOLD']","[418, 342, 279, 252, 211]"
sp500,LAMR,1w,['RSI_OVERSOLD'],[344]
sp500,LAUR,1w,"['RSI_OVERSOLD', 'RSI_OVERSOLD']","[466, 343]"
sp500,LAZ,1w,"['RSI_OVERSOLD', 'RSI_OVERSOLD', 'engulfing', 'RSI_OVERSOLD']","[416, 344, 342, 242]"
sp500,LBRT,1w,,
sp500,LCII,1w,"['RSI_OVERSOLD', 'RSI_OVERSOLD', 'engulfing', 'engulfing']","[343, 79, 77, 16]"
sp500,LDOS,1w,"['RSI_OVERSOLD', 'RSI_OVERSOLD', 'engulfing', 'RSI_OVERSOLD']","[408, 180, 177, 23]"
sp500,LEA,1w,"['RSI_OVERSOLD', 'RSI_OVERSOLD', 'RSI_OVERSOLD']","[420, 343, 341]"
sp500,LECO,1w,"['inverted_hammer', 'RSI_OVERSOLD', 'engulfing']","[417, 344, 121]"
sp500,LEN,1w,"['RSI_OVERSOLD', 'engulfing', 'RSI_OVERSOLD']","[343, 342, 79]"
sp500,LEU,1w,['RSI_OVERSOLD'],[424]
sp500,LFST,1w,"['RSI_OVERSOLD', 'RSI_OVERSOLD']","[156, 66]"
sp500,LFUS,1w,"['RSI_OVERSOLD', 'engulfing', 'RSI_OVERSOLD']","[344, 243, 80]"
sp500,LGIH,1w,"['RSI_OVERSOLD', 'RSI_OVERSOLD', 'RSI_OVERSOLD', 'engulfing']","[419, 236, 226, 77]"
sp500,LGND,1w,"['RSI_OVERSOLD', 'RSI_OVERSOLD', 'engulfing']","[408, 404, 240]"
sp500,LH,1w,"['RSI_OVERSOLD', 'RSI_OVERSOLD']","[408, 343]"
sp500,LHX,1w,"['RSI_OVERSOLD', 'hammer']","[343, 92]"
sp500,LIF,1w,,
sp500,LII,1w,"['inverted_hammer', 'RSI_OVERSOLD', 'engulfing', 'hammer', 'RSI_OVERSOLD']","[262, 243, 231, 6, 4]"
sp500,LIN,1w,"['inverted_hammer, RSI_OVERSOLD', 'inverted_hammer', 'RSI_OVERSOLD']","[343, 244, 45]"
sp500,LITE,1w,['hammer'],[202]
sp500,LIVN,1w,"['RSI_OVERSOLD', 'hammer', 'RSI_OVERSOLD', 'hammer', 'RSI_OVERSOLD']","[343, 231, 209, 83, 80]"
sp500,LKFN,1w,"['RSI_OVERSOLD', 'RSI_OVERSOLD', 'RSI_OVERSOLD', 'RSI_OVERSOLD']","[416, 408, 345, 80]"
sp500,LKQ,1w,"['RSI_OVERSOLD', 'RSI_OVERSOLD', 'RSI_OVERSOLD', 'RSI_OVERSOLD', 'RSI_OVERSOLD']","[418, 344, 341, 155, 63]"
sp500,LLY,1w,['hammer'],[189]
sp500,LMAT,1w,"['RSI_OVERSOLD', 'RSI_OVERSOLD']","[408, 344]"
sp500,LMT,1w,"['inverted_hammer, RSI_OVERSOLD', 'hammer', 'RSI_OVERSOLD']","[343, 95, 87]"
sp500,LNC,1w,"['RSI_OVERSOLD', 'engulfing', 'RSI_OVERSOLD', 'RSI_OVERSOLD', 'RSI_OVERSOLD']","[345, 342, 341, 187, 179]"
sp500,LNN,1w,"['inverted_hammer', 'engulfing']","[183, 47]"
sp500,LNT,1w,,
sp500,LNTH,1w,['RSI_OVERSOLD'],[346]
sp500,LOPE,1w,"['RSI_OVERSOLD', 'engulfing']","[362, 44]"
sp500,LOW,1w,"['RSI_OVERSOLD', 'hammer']","[343, 19]"
sp500,LPG,1w,"['RSI_OVERSOLD', 'hammer, RSI_OVERSOLD', 'inverted_hammer', 'RSI_OVERSOLD', 'RSI_OVERSOLD']","[408, 344, 100, 95, 85]"
sp500,LPX,1w,"['RSI_OVERSOLD', 'engulfing', 'RSI_OVERSOLD']","[343, 342, 341]"
sp500,LQDA,1w,['RSI_OVERSOLD'],[2]
sp500,LQDT,1w,"['engulfing', 'RSI_OVERSOLD', 'RSI_OVERSOLD', 'RSI_OVERSOLD', 'RSI_OVERSOLD']","[488, 462, 348, 346, 342]"
sp500,LRCX,1w,,
sp500,LRN,1w,"['RSI_OVERSOLD', 'engulfing', 'RSI_OVERSOLD', 'engulfing', 'RSI_OVERSOLD']","[364, 361, 350, 348, 50]"
sp500,LSCC,1w,"['inverted_hammer', 'engulfing', 'engulfing', 'RSI_OVERSOLD']","[234, 152, 150, 115]"
sp500,LSTR,1w,"['RSI_OVERSOLD', 'RSI_OVERSOLD', 'engulfing']","[80, 77, 76]"
sp500,LTC,1w,"['RSI_OVERSOLD', 'RSI_OVERSOLD', 'engulfing', 'RSI_OVERSOLD', 'inverted_hammer']","[443, 344, 342, 341, 187]"
sp500,LTH,1w,['RSI_OVERSOLD'],[155]
sp500,LULU,1w,"['RSI_OVERSOLD', 'RSI_OVERSOLD', 'engulfing', 'RSI_OVERSOLD', 'RSI_OVERSOLD']","[131, 125, 61, 58, 22]"
sp500,LUMN,1w,"['RSI_OVERSOLD', 'RSI_OVERSOLD', 'RSI_OVERSOLD', 'RSI_OVERSOLD', 'hammer']","[204, 192, 173, 154, 120]"
sp500,LUV,1w,"['engulfing', 'RSI_OVERSOLD', 'RSI_OVERSOLD']","[475, 344, 338]"
sp500,LVS,1w,"['RSI_OVERSOLD', 'RSI_OVERSOLD', 'inverted_hammer, RSI_OVERSOLD', 'RSI_OVERSOLD', 'RSI_OVERSOLD']","[414, 343, 273, 264, 80]"
sp500,LW,1w,"['RSI_OVERSOLD', 'RSI_OVERSOLD', 'RSI_OVERSOLD', 'engulfing', 'hammer']","[132, 116, 85, 39, 2]"
sp500,LXP,1w,"['RSI_OVERSOLD', 'inverted_hammer', 'hammer', 'inverted_hammer', 'RSI_OVERSOLD']","[454, 234, 231, 187, 155]"
sp500,LYB,1w,"['RSI_OVERSOLD', 'RSI_OVERSOLD', 'RSI_OVERSOLD', 'RSI_OVERSOLD']","[416, 408, 344, 97]"
sp500,LYFT,1w,"['RSI_OVERSOLD', 'RSI_OVERSOLD', 'RSI_OVERSOLD', 'RSI_OVERSOLD']","[371, 368, 344, 232]"
sp500,LYV,1w,['RSI_OVERSOLD'],[344]
sp500,LZ,1w,"['RSI_OVERSOLD', 'RSI_OVERSOLD', 'engulfing']","[257, 118, 33]"
sp500,LZB,1w,"['RSI_OVERSOLD', 'RSI_OVERSOLD', 'hammer']","[344, 341, 242]"
sp500,M,1w,"['RSI_OVERSOLD', 'hammer', 'RSI_OVERSOLD', 'RSI_OVERSOLD', 'RSI_OVERSOLD']","[492, 483, 478, 374, 345]"
sp500,MA,1w,['RSI_OVERSOLD'],[343]
sp500,MAA,1w,"['RSI_OVERSOLD', 'engulfing', 'RSI_OVERSOLD']","[343, 158, 155]"
sp500,MAC,1w,"['RSI_OVERSOLD', 'RSI_OVERSOLD', 'RSI_OVERSOLD', 'hammer', 'RSI_OVERSOLD']","[478, 408, 385, 381, 345]"
sp500,MAN,1w,"['piercing_line', 'RSI_OVERSOLD', 'engulfing', 'RSI_OVERSOLD', 'hammer']","[344, 343, 341, 78, 47]"
sp500,MANH,1w,"['RSI_OVERSOLD', 'hammer', 'RSI_OVERSOLD', 'RSI_OVERSOLD', 'RSI_OVERSOLD']","[341, 87, 85, 80, 37]"
sp500,MAR,1w,"['RSI_OVERSOLD', 'RSI_OVERSOLD', 'piercing_line']","[344, 80, 79]"
sp500,MARA,1w,"['hammer', 'engulfing', 'engulfing', 'RSI_OVERSOLD', 'hammer']","[360, 354, 338, 337, 85]"
sp500,MAS,1w,"['RSI_OVERSOLD', 'RSI_OVERSOLD', 'RSI_OVERSOLD']","[418, 343, 80]"
sp500,MAT,1w,"['RSI_OVERSOLD', 'RSI_OVERSOLD', 'RSI_OVERSOLD', 'inverted_hammer', 'engulfing']","[468, 408, 344, 200, 77]"
sp500,MATW,1w,"['RSI_OVERSOLD', 'inverted_hammer', 'RSI_OVERSOLD', 'RSI_OVERSOLD', 'RSI_OVERSOLD']","[344, 330, 211, 5, 3]"
sp500,MATX,1w,"['RSI_OVERSOLD', 'RSI_OVERSOLD', 'RSI_OVERSOLD', 'RSI_OVERSOLD']","[478, 341, 335, 79]"
sp500,MBC,1w,"['hammer', 'inverted_hammer', 'RSI_OVERSOLD']","[84, 82, 75]"
sp500,MBGL,1w,,
sp500,MBIN,1w,,
sp500,MC,1w,"['RSI_OVERSOLD', 'hammer', 'engulfing', 'RSI_OVERSOLD', 'engulfing']","[416, 242, 82, 80, 77]"
sp500,MCD,1w,"['RSI_OVERSOLD', 'engulfing', 'RSI_OVERSOLD', 'hammer', 'RSI_OVERSOLD']","[343, 342, 158, 124, 3]"
sp500,MCHP,1w,"['RSI_OVERSOLD', 'RSI_OVERSOLD', 'RSI_OVERSOLD', 'RSI_OVERSOLD', 'RSI_OVERSOLD']","[343, 100, 95, 88, 80]"
sp500,MCK,1w,,
sp500,MCO,1w,"['RSI_OVERSOLD', 'RSI_OVERSOLD']","[343, 240]"
sp500,MCRI,1w,"['RSI_OVERSOLD', 'RSI_OVERSOLD']","[408, 344]"
sp500,MCY,1w,"['RSI_OVERSOLD', 'RSI_OVERSOLD', 'RSI_OVERSOLD']","[453, 344, 219]"
sp500,MD,1w,"['RSI_OVERSOLD', 'hammer', 'RSI_OVERSOLD', 'RSI_OVERSOLD', 'RSI_OVERSOLD']","[233, 231, 154, 148, 123]"
sp500,MDLZ,1w,"['RSI_OVERSOLD', 'RSI_OVERSOLD', 'hammer, engulfing']","[157, 95, 47]"
sp500,MDT,1w,"['RSI_OVERSOLD', 'RSI_OVERSOLD', 'RSI_OVERSOLD', 'RSI_OVERSOLD', 'RSI_OVERSOLD']","[254, 252, 155, 23, 20]"
sp500,MDU,1w,"['RSI_OVERSOLD', 'hammer']","[343, 254]"
sp500,MEDP,1w,,
sp500,MET,1w,"['RSI_OVERSOLD', 'engulfing', 'RSI_OVERSOLD']","[345, 342, 187]"
sp500,META,1w,"['RSI_OVERSOLD', 'engulfing', 'RSI_OVERSOLD', 'engulfing', 'RSI_OVERSOLD']","[343, 342, 245, 239, 207]"
sp500,MFP,1w,,
sp500,MGEE,1w,,
sp500,MGM,1w,"['RSI_OVERSOLD', 'RSI_OVERSOLD', 'RSI_OVERSOLD']","[346, 226, 3]"
sp500,MGY,1w,"['hammer', 'RSI_OVERSOLD']","[463, 346]"
sp500,MHK,1w,"['inverted_hammer', 'RSI_OVERSOLD', 'RSI_OVERSOLD', 'hammer', 'RSI_OVERSOLD']","[408, 343, 341, 242, 241]"
sp500,MHO,1w,"['RSI_OVERSOLD', 'RSI_OVERSOLD']","[418, 344]"
sp500,MIDD,1w,"['RSI_OVERSOLD', 'RSI_OVERSOLD', 'engulfing']","[344, 226, 121]"
sp500,MIR,1w,['hammer'],[231]
sp500,MKC,1w,"['RSI_OVERSOLD', 'hammer', 'RSI_OVERSOLD', 'engulfing']","[343, 159, 158, 155]"
sp500,MKSI,1w,"['RSI_OVERSOLD', 'engulfing', 'RSI_OVERSOLD', 'RSI_OVERSOLD', 'RSI_OVERSOLD']","[408, 342, 209, 206, 80]"
sp500,MKTX,1w,"['RSI_OVERSOLD', 'RSI_OVERSOLD', 'RSI_OVERSOLD', 'RSI_OVERSOLD']","[256, 236, 87, 54]"
sp500,MLI,1w,"['RSI_OVERSOLD', 'engulfing', 'RSI_OVERSOLD']","[453, 449, 343]"
sp500,MLKN,1w,"['RSI_OVERSOLD', 'RSI_OVERSOLD', 'hammer', 'engulfing', 'RSI_OVERSOLD']","[346, 211, 176, 172, 79]"
sp500,MLM,1w,"['hammer', 'inverted_hammer', 'RSI_OVERSOLD', 'RSI_OVERSOLD', 'RSI_OVERSOLD']","[422, 421, 418, 344, 226]"
sp500,MMI,1w,"['RSI_OVERSOLD', 'hammer']","[343, 211]"
sp500,MMM,1w,"['RSI_OVERSOLD', 'inverted_hammer', 'RSI_OVERSOLD']","[343, 245, 226]"
sp500,MMS,1w,"['RSI_OVERSOLD', 'RSI_OVERSOLD', 'engulfing']","[344, 232, 27]"
sp500,MMSI,1w,"['RSI_OVERSOLD', 'inverted_hammer', 'RSI_OVERSOLD', 'RSI_OVERSOLD']","[375, 374, 363, 24]"
sp500,MNST,1w,,
sp500,MO,1w,"['hammer', 'hammer', 'RSI_OVERSOLD', 'RSI_OVERSOLD', 'RSI_OVERSOLD']","[442, 404, 403, 368, 343]"
sp500,MOG-A,1w,"['RSI_OVERSOLD', 'engulfing', 'RSI_OVERSOLD']","[344, 342, 341]"
sp500,MOH,1w,"['RSI_OVERSOLD', 'RSI_OVERSOLD']","[117, 66]"
sp500,MORN,1w,"['RSI_OVERSOLD', 'engulfing', 'engulfing', 'RSI_OVERSOLD']","[344, 342, 60, 56]"
sp500,MOS,1w,"['RSI_OVERSOLD', 'hammer']","[344, 176]"
sp500,MP,1w,,
sp500,MPC,1w,"['inverted_hammer', 'RSI_OVERSOLD', 'engulfing']","[409, 345, 342]"
sp500,MPT,1w,"['engulfing', 'RSI_OVERSOLD', 'RSI_OVERSOLD', 'RSI_OVERSOLD', 'RSI_OVERSOLD']","[155, 153, 143, 5, 2]"
sp500,MPWR,1w,,
sp500,MRCY,1w,['RSI_OVERSOLD'],[442]
sp500,MRK,1w,"['hammer', 'RSI_OVERSOLD', 'RSI_OVERSOLD', 'RSI_OVERSOLD', 'RSI_OVERSOLD']","[467, 102, 100, 88, 79]"
sp500,MRNA,1w,"['hammer', 'RSI_OVERSOLD', 'inverted_hammer', 'RSI_OVERSOLD', 'RSI_OVERSOLD']","[381, 156, 108, 91, 80]"
sp500,MRP,1w,,
sp500,MRSH,1w,"['RSI_OVERSOLD', 'RSI_OVERSOLD', 'RSI_OVERSOLD']","[343, 341, 50]"
sp500,MRTN,1w,"['RSI_OVERSOLD', 'inverted_hammer', 'inverted_hammer', 'RSI_OVERSOLD']","[408, 77, 53, 51]"
sp500,MRVL,1w,"['RSI_OVERSOLD', 'hammer', 'RSI_OVERSOLD']","[416, 231, 80]"
sp500,MS,1w,"['RSI_OVERSOLD', 'engulfing', 'hammer']","[343, 342, 83]"
sp500,MSA,1w,['RSI_OVERSOLD'],[80]
sp500,MSCI,1w,,
sp500,MSEX,1w,"['RSI_OVERSOLD', 'engulfing', 'RSI_OVERSOLD']","[156, 140, 138]"
sp500,MSFT,1w,['RSI_OVERSOLD'],[36]
sp500,MSGS,1w,['RSI_OVERSOLD'],[344]
sp500,MSI,1w,"['RSI_OVERSOLD', 'RSI_OVERSOLD']","[47, 44]"
sp500,MSM,1w,"['hammer', 'RSI_OVERSOLD', 'engulfing', 'RSI_OVERSOLD', 'RSI_OVERSOLD']","[432, 344, 342, 122, 119]"
sp500,MTB,1w,"['RSI_OVERSOLD', 'RSI_OVERSOLD', 'inverted_hammer', 'RSI_OVERSOLD']","[408, 345, 343, 187]"
sp500,MTCH,1w,"['hammer', 'RSI_OVERSOLD', 'RSI_OVERSOLD', 'RSI_OVERSOLD']","[412, 343, 240, 154]"
sp500,MTD,1w,"['RSI_OVERSOLD', 'RSI_OVERSOLD']","[80, 78]"
sp500,MTDR,1w,"['RSI_OVERSOLD', 'RSI_OVERSOLD', 'engulfing']","[409, 346, 338]"
sp500,MTG,1w,['RSI_OVERSOLD'],[344]
sp500,MTH,1w,"['RSI_OVERSOLD', 'RSI_OVERSOLD', 'RSI_OVERSOLD']","[418, 343, 226]"
sp500,MTN,1w,"['RSI_OVERSOLD', 'engulfing', 'RSI_OVERSOLD', 'hammer', 'RSI_OVERSOLD']","[344, 245, 241, 240, 123]"
sp500,MTRN,1w,"['RSI_OVERSOLD', 'RSI_OVERSOLD', 'RSI_OVERSOLD', 'RSI_OVERSOLD']","[408, 346, 344, 80]"
sp500,MTSI,1w,"['hammer', 'RSI_OVERSOLD', 'RSI_OVERSOLD', 'RSI_OVERSOLD', 'inverted_hammer']","[463, 453, 416, 343, 235]"
sp500,MTUS,1w,"['inverted_hammer', 'hammer', 'RSI_OVERSOLD']","[427, 426, 344]"
sp500,MTX,1w,"['RSI_OVERSOLD', 'RSI_OVERSOLD']","[418, 344]"
sp500,MTZ,1w,"['RSI_OVERSOLD', 'RSI_OVERSOLD']","[344, 159]"
sp500,MU,1w,,
sp500,MUR,1w,['RSI_OVERSOLD'],[344]
sp500,MUSA,1w,,
sp500,MWA,1w,"['RSI_OVERSOLD', 'engulfing']","[343, 245]"
sp500,MXL,1w,"['RSI_OVERSOLD', 'inverted_hammer', 'RSI_OVERSOLD', 'RSI_OVERSOLD']","[433, 234, 181, 155]"
sp500,MYRG,1w,"['RSI_OVERSOLD', 'RSI_OVERSOLD']","[343, 155]"
sp500,MZTI,1w,"['RSI_OVERSOLD', 'RSI_OVERSOLD', 'engulfing', 'RSI_OVERSOLD']","[232, 230, 226, 25]"
sp500,NABL,1w,"['RSI_OVERSOLD', 'RSI_OVERSOLD', 'engulfing', 'RSI_OVERSOLD', 'RSI_OVERSOLD']","[84, 36, 32, 22, 17]"
sp500,NATL,1w,,
sp500,NAVI,1w,"['RSI_OVERSOLD', 'RSI_OVERSOLD', 'RSI_OVERSOLD', 'inverted_hammer', 'RSI_OVERSOLD']","[408, 344, 341, 233, 33]"
sp500,NBHC,1w,"['RSI_OVERSOLD', 'hammer', 'RSI_OVERSOLD']","[344, 83, 80]"
sp500,NBIX,1w,"['RSI_OVERSOLD', 'RSI_OVERSOLD', 'inverted_hammer', 'RSI_OVERSOLD']","[409, 343, 253, 79]"
sp500,NBTB,1w,"['RSI_OVERSOLD', 'RSI_OVERSOLD', 'hammer, RSI_OVERSOLD']","[344, 335, 180]"
sp500,NCLH,1w,"['RSI_OVERSOLD', 'engulfing']","[346, 77]"
sp500,NDAQ,1w,['hammer'],[231]
sp500,NDSN,1w,"['RSI_OVERSOLD', 'RSI_OVERSOLD']","[343, 80]"
sp500,NE,1w,"['RSI_OVERSOLD', 'hammer', 'hammer', 'RSI_OVERSOLD', 'RSI_OVERSOLD']","[110, 103, 84, 83, 80]"
sp500,NEE,1w,['RSI_OVERSOLD'],[159]
sp500,NEM,1w,"['RSI_OVERSOLD', 'RSI_OVERSOLD', 'RSI_OVERSOLD']","[426, 420, 220]"
sp500,NEO,1w,"['hammer', 'hammer', 'RSI_OVERSOLD', 'RSI_OVERSOLD', 'engulfing']","[231, 158, 80, 70, 68]"
sp500,NEOG,1w,"['RSI_OVERSOLD', 'RSI_OVERSOLD', 'hammer', 'RSI_OVERSOLD', 'RSI_OVERSOLD']","[215, 130, 84, 83, 71]"
sp500,NEU,1w,"['RSI_OVERSOLD', 'hammer', 'RSI_OVERSOLD']","[346, 281, 278]"
sp500,NFG,1w,"['RSI_OVERSOLD', 'RSI_OVERSOLD', 'RSI_OVERSOLD', 'engulfing']","[377, 346, 344, 342]"
sp500,NFLX,1w,"['RSI_OVERSOLD', 'RSI_OVERSOLD', 'inverted_hammer', 'RSI_OVERSOLD']","[247, 244, 243, 38]"
sp500,NGVT,1w,"['RSI_OVERSOLD', 'RSI_OVERSOLD', 'inverted_hammer', 'RSI_OVERSOLD', 'engulfing']","[350, 347, 245, 178, 77]"
sp500,NHC,1w,"['RSI_OVERSOLD', 'RSI_OVERSOLD', 'RSI_OVERSOLD', 'engulfing']","[476, 344, 208, 83]"
sp500,NHI,1w,"['RSI_OVERSOLD', 'RSI_OVERSOLD', 'RSI_OVERSOLD', 'inverted_hammer', 'inverted_hammer']","[453, 344, 341, 264, 187]"
sp500,NI,1w,"['RSI_OVERSOLD', 'hammer', 'engulfing']","[343, 158, 6]"
sp500,NIC,1w,"['RSI_OVERSOLD', 'hammer', 'inverted_hammer', 'RSI_OVERSOLD']","[344, 226, 187, 182]"
sp500,NJR,1w,"['RSI_OVERSOLD', 'RSI_OVERSOLD']","[346, 343]"
sp500,NKE,1w,"['RSI_OVERSOLD', 'RSI_OVERSOLD', 'RSI_OVERSOLD', 'engulfing', 'RSI_OVERSOLD']","[118, 79, 28, 26, 4]"
sp500,NLY,1w,"['RSI_OVERSOLD', 'RSI_OVERSOLD', 'RSI_OVERSOLD', 'RSI_OVERSOLD', 'RSI_OVERSOLD']","[233, 226, 211, 155, 2]"
sp500,NMIH,1w,"['RSI_OVERSOLD', 'RSI_OVERSOLD']","[344, 339]"
sp500,NNN,1w,"['RSI_OVERSOLD', 'hammer', 'inverted_hammer', 'engulfing', 'hammer']","[343, 226, 187, 157, 2]"
sp500,NOC,1w,"['RSI_OVERSOLD', 'engulfing']","[343, 21]"
sp500,NOG,1w,"['RSI_OVERSOLD', 'hammer', 'RSI_OVERSOLD', 'RSI_OVERSOLD', 'RSI_OVERSOLD']","[479, 346, 344, 311, 79]"
sp500,NOV,1w,"['hammer', 'RSI_OVERSOLD', 'engulfing', 'RSI_OVERSOLD']","[493, 386, 382, 344]"
sp500,NOVT,1w,['RSI_OVERSOLD'],[82]
sp500,NOW,1w,"['RSI_OVERSOLD', 'engulfing', 'RSI_OVERSOLD', 'RSI_OVERSOLD', 'RSI_OVERSOLD']","[80, 79, 39, 37, 27]"
sp500,NPK,1w,['RSI_OVERSOLD'],[342]
sp500,NPO,1w,['RSI_OVERSOLD'],[416]
sp500,NRG,1w,['RSI_OVERSOLD'],[343]
sp500,NSC,1w,"['RSI_OVERSOLD', 'engulfing']","[344, 342]"
sp500,NSIT,1w,"['RSI_OVERSOLD', 'RSI_OVERSOLD', 'RSI_OVERSOLD']","[344, 50, 30]"
sp500,NSP,1w,"['RSI_OVERSOLD', 'RSI_OVERSOLD', 'RSI_OVERSOLD', 'engulfing', 'RSI_OVERSOLD']","[344, 63, 49, 47, 35]"
sp500,NSSC,1w,"['hammer', 'RSI_OVERSOLD', 'piercing_line']","[346, 88, 79]"
sp500,NTAP,1w,"['RSI_OVERSOLD', 'RSI_OVERSOLD', 'inverted_hammer', 'RSI_OVERSOLD', 'piercing_line']","[376, 344, 343, 80, 79]"
sp500,NTCT,1w,"['RSI_OVERSOLD', 'RSI_OVERSOLD', 'engulfing']","[468, 156, 149]"
sp500,NTNX,1w,"['hammer', 'RSI_OVERSOLD', 'RSI_OVERSOLD', 'RSI_OVERSOLD', 'engulfing']","[231, 229, 46, 33, 32]"
sp500,NTRS,1w,"['piercing_line', 'RSI_OVERSOLD', 'inverted_hammer']","[407, 345, 187]"
sp500,NTST,1w,"['hammer', 'RSI_OVERSOLD']","[254, 156]"
sp500,NUE,1w,"['RSI_OVERSOLD', 'engulfing']","[346, 342]"
sp500,NVDA,1w,"['RSI_OVERSOLD', 'inverted_hammer', 'RSI_OVERSOLD', 'hammer']","[412, 409, 408, 231]"
sp500,NVR,1w,"['RSI_OVERSOLD', 'RSI_OVERSOLD', 'RSI_OVERSOLD']","[418, 343, 226]"
sp500,NVST,1w,"['engulfing', 'RSI_OVERSOLD']","[152, 121]"
sp500,NVT,1w,"['RSI_OVERSOLD', 'RSI_OVERSOLD']","[343, 80]"
sp500,NWBI,1w,"['RSI_OVERSOLD', 'RSI_OVERSOLD', 'RSI_OVERSOLD', 'hammer', 'RSI_OVERSOLD']","[339, 335, 180, 83, 79]"
sp500,NWE,1w,['RSI_OVERSOLD'],[343]
sp500,NWL,1w,"['inverted_hammer', 'RSI_OVERSOLD', 'engulfing', 'RSI_OVERSOLD', 'engulfing']","[343, 179, 154, 79, 77]"
sp500,NWN,1w,"['RSI_OVERSOLD', 'RSI_OVERSOLD', 'engulfing']","[450, 316, 315]"
sp500,NWS,1w,"['RSI_OVERSOLD', 'RSI_OVERSOLD', 'RSI_OVERSOLD']","[343, 232, 36]"
sp500,NWSA,1w,"['RSI_OVERSOLD', 'RSI_OVERSOLD', 'hammer', 'RSI_OVERSOLD']","[343, 232, 47, 36]"
sp500,NX,1w,"['RSI_OVERSOLD', 'RSI_OVERSOLD']","[409, 344]"
sp500,NXPI,1w,"['RSI_OVERSOLD', 'RSI_OVERSOLD', 'RSI_OVERSOLD', 'RSI_OVERSOLD', 'hammer']","[443, 441, 343, 80, 47]"
sp500,NXRT,1w,"['RSI_OVERSOLD', 'RSI_OVERSOLD', 'RSI_OVERSOLD', 'hammer', 'RSI_OVERSOLD']","[211, 159, 30, 8, 4]"
sp500,NXST,1w,['RSI_OVERSOLD'],[344]
sp500,NXT,1w,,
sp500,NYT,1w,"['RSI_OVERSOLD', 'engulfing']","[232, 230]"
sp500,O,1w,"['RSI_OVERSOLD', 'RSI_OVERSOLD', 'RSI_OVERSOLD']","[343, 341, 160]"
sp500,OC,1w,"['RSI_OVERSOLD', 'RSI_OVERSOLD', 'engulfing', 'RSI_OVERSOLD', 'engulfing']","[408, 344, 342, 49, 47]"
sp500,ODFL,1w,['inverted_hammer'],[77]
sp500,OFG,1w,['RSI_OVERSOLD'],[344]
sp500,OGE,1w,"['RSI_OVERSOLD', 'RSI_OVERSOLD', 'RSI_OVERSOLD']","[457, 346, 341]"
sp500,OGN,1w,"['RSI_OVERSOLD', 'engulfing', 'RSI_OVERSOLD', 'RSI_OVERSOLD', 'RSI_OVERSOLD']","[211, 157, 79, 76, 50]"
sp500,OGS,1w,"['RSI_OVERSOLD', 'hammer', 'RSI_OVERSOLD', 'engulfing', 'hammer']","[265, 158, 155, 152, 150]"
sp500,OHI,1w,"['engulfing', 'RSI_OVERSOLD', 'engulfing', 'RSI_OVERSOLD']","[463, 344, 342, 341]"
sp500,OI,1w,"['RSI_OVERSOLD', 'engulfing', 'RSI_OVERSOLD', 'RSI_OVERSOLD', 'RSI_OVERSOLD']","[153, 152, 121, 19, 4]"
sp500,OII,1w,['RSI_OVERSOLD'],[345]
sp500,OKE,1w,['RSI_OVERSOLD'],[344]
sp500,OKTA,1w,"['hammer', 'RSI_OVERSOLD', 'RSI_OVERSOLD']","[231, 227, 213]"
sp500,OLED,1w,"['RSI_OVERSOLD', 'engulfing', 'RSI_OVERSOLD']","[343, 342, 80]"
sp500,OLLI,1w,"['engulfing', 'RSI_OVERSOLD', 'hammer, RSI_OVERSOLD', 'RSI_OVERSOLD', 'RSI_OVERSOLD']","[246, 29, 22, 19, 14]"
sp500,OLN,1w,"['RSI_OVERSOLD', 'inverted_hammer', 'RSI_OVERSOLD', 'RSI_OVERSOLD']","[419, 409, 114, 88]"
sp500,OMC,1w,"['RSI_OVERSOLD', 'RSI_OVERSOLD', 'RSI_OVERSOLD', 'RSI_OVERSOLD']","[477, 468, 345, 80]"
sp500,OMCL,1w,"['RSI_OVERSOLD', 'engulfing', 'RSI_OVERSOLD', 'RSI_OVERSOLD', 'RSI_OVERSOLD']","[343, 232, 159, 140, 75]"
sp500,ON,1w,"['RSI_OVERSOLD', 'engulfing', 'RSI_OVERSOLD', 'hammer', 'RSI_OVERSOLD']","[341, 152, 88, 87, 85]"
sp500,ONB,1w,"['RSI_OVERSOLD', 'inverted_hammer', 'hammer']","[344, 343, 275]"
sp500,ONTO,1w,"['RSI_OVERSOLD', 'RSI_OVERSOLD']","[343, 80]"
sp500,OPCH,1w,"['inverted_hammer', 'RSI_OVERSOLD', 'RSI_OVERSOLD', 'engulfing', 'RSI_OVERSOLD']","[344, 343, 101, 99, 24]"
sp500,OPLN,1w,['RSI_OVERSOLD'],[408]
sp500,ORA,1w,"['engulfing', 'RSI_OVERSOLD', 'RSI_OVERSOLD']","[447, 159, 153]"
sp500,ORCL,1w,['RSI_OVERSOLD'],[36]
sp500,ORI,1w,"['RSI_OVERSOLD', 'RSI_OVERSOLD']","[343, 341]"
sp500,ORLY,1w,"['RSI_OVERSOLD', 'RSI_OVERSOLD', 'piercing_line']","[486, 344, 342]"
sp500,OSIS,1w,"['RSI_OVERSOLD', 'RSI_OVERSOLD', 'RSI_OVERSOLD', 'RSI_OVERSOLD', 'RSI_OVERSOLD']","[461, 454, 350, 344, 245]"
sp500,OSK,1w,"['RSI_OVERSOLD', 'engulfing']","[344, 342]"
sp500,OSW,1w,"['RSI_OVERSOLD', 'RSI_OVERSOLD']","[345, 225]"
sp500,OTIS,1w,,
sp500,OTTR,1w,"['RSI_OVERSOLD', 'hammer']","[343, 105]"
sp500,OUT,1w,"['RSI_OVERSOLD', 'hammer', 'RSI_OVERSOLD']","[344, 226, 158]"
sp500,OVV,1w,"['RSI_OVERSOLD', 'RSI_OVERSOLD', 'RSI_OVERSOLD', 'engulfing', 'engulfing']","[415, 413, 346, 342, 338]"
sp500,OXY,1w,"['RSI_OVERSOLD', 'hammer', 'RSI_OVERSOLD', 'RSI_OVERSOLD', 'RSI_OVERSOLD']","[374, 358, 345, 109, 79]"
sp500,OZK,1w,"['hammer', 'engulfing', 'RSI_OVERSOLD', 'engulfing']","[489, 426, 344, 47]"
sp500,P,1w,"['RSI_OVERSOLD', 'hammer', 'RSI_OVERSOLD', 'piercing_line']","[343, 283, 80, 79]"
sp500,PAG,1w,"['RSI_OVERSOLD', 'RSI_OVERSOLD']","[343, 341]"
sp500,PAHC,1w,"['RSI_OVERSOLD', 'RSI_OVERSOLD', 'RSI_OVERSOLD', 'RSI_OVERSOLD']","[372, 215, 212, 155]"
sp500,PANW,1w,['RSI_OVERSOLD'],[345]
sp500,PARR,1w,"['RSI_OVERSOLD', 'RSI_OVERSOLD', 'RSI_OVERSOLD', 'RSI_OVERSOLD', 'RSI_OVERSOLD']","[408, 346, 335, 95, 84]"
sp500,PATH,1w,"['inverted_hammer', 'hammer', 'RSI_OVERSOLD', 'engulfing', 'hammer']","[233, 231, 124, 121, 33]"
sp500,PATK,1w,"['RSI_OVERSOLD', 'RSI_OVERSOLD']","[416, 343]"
sp500,PAYC,1w,"['RSI_OVERSOLD', 'RSI_OVERSOLD', 'RSI_OVERSOLD', 'RSI_OVERSOLD', 'engulfing']","[154, 124, 49, 37, 33]"
sp500,PAYO,1w,"['RSI_OVERSOLD', 'RSI_OVERSOLD', 'engulfing']","[243, 241, 82]"
sp500,PAYX,1w,"['RSI_OVERSOLD', 'RSI_OVERSOLD']","[344, 36]"
sp500,PB,1w,"['RSI_OVERSOLD', 'inverted_hammer', 'engulfing', 'inverted_hammer']","[344, 343, 342, 234]"
sp500,PBF,1w,"['hammer', 'hammer', 'RSI_OVERSOLD', 'RSI_OVERSOLD', 'RSI_OVERSOLD']","[111, 109, 102, 95, 84]"
sp500,PBH,1w,"['RSI_OVERSOLD', 'engulfing', 'RSI_OVERSOLD', 'RSI_OVERSOLD', 'RSI_OVERSOLD']","[62, 60, 57, 28, 22]"
sp500,PBI,1w,"['RSI_OVERSOLD', 'RSI_OVERSOLD', 'RSI_OVERSOLD', 'RSI_OVERSOLD', 'RSI_OVERSOLD']","[466, 441, 385, 343, 245]"
sp500,PCAR,1w,['RSI_OVERSOLD'],[343]
sp500,PCG,1w,"['RSI_OVERSOLD', 'piercing_line', 'RSI_OVERSOLD', 'RSI_OVERSOLD', 'RSI_OVERSOLD']","[364, 363, 271, 89, 70]"
sp500,PCRX,1w,"['RSI_OVERSOLD', 'RSI_OVERSOLD', 'RSI_OVERSOLD', 'RSI_OVERSOLD', 'RSI_OVERSOLD']","[200, 158, 119, 117, 114]"
sp500,PCTY,1w,"['hammer', 'engulfing', 'inverted_hammer', 'RSI_OVERSOLD', 'RSI_OVERSOLD']","[231, 119, 55, 36, 27]"
sp500,PDFS,1w,"['RSI_OVERSOLD', 'RSI_OVERSOLD', 'RSI_OVERSOLD']","[424, 344, 85]"
sp500,PEB,1w,"['RSI_OVERSOLD', 'RSI_OVERSOLD', 'RSI_OVERSOLD', 'inverted_hammer', 'RSI_OVERSOLD']","[418, 408, 346, 86, 80]"
sp500,PECO,1w,['hammer'],[3]
sp500,PEG,1w,"['RSI_OVERSOLD', 'hammer']","[344, 158]"
sp500,PEGA,1w,"['RSI_OVERSOLD', 'RSI_OVERSOLD', 'RSI_OVERSOLD', 'RSI_OVERSOLD', 'engulfing']","[408, 243, 231, 220, 79]"
sp500,PEN,1w,"['hammer', 'RSI_OVERSOLD']","[231, 226]"
sp500,PENG,1w,['RSI_OVERSOLD'],[209]
sp500,PENN,1w,"['RSI_OVERSOLD', 'RSI_OVERSOLD', 'engulfing', 'RSI_OVERSOLD', 'RSI_OVERSOLD']","[408, 343, 246, 231, 226]"
sp500,PEP,1w,"['RSI_OVERSOLD', 'RSI_OVERSOLD', 'hammer']","[441, 343, 74]"
sp500,PFBC,1w,"['RSI_OVERSOLD', 'RSI_OVERSOLD', 'hammer']","[344, 186, 180]"
sp500,PFE,1w,"['RSI_OVERSOLD', 'engulfing', 'RSI_OVERSOLD', 'RSI_OVERSOLD', 'RSI_OVERSOLD']","[343, 342, 156, 148, 79]"
sp500,PFG,1w,"['hammer', 'RSI_OVERSOLD', 'engulfing', 'RSI_OVERSOLD']","[409, 345, 342, 341]"
sp500,PFGC,1w,"['RSI_OVERSOLD', 'engulfing', 'RSI_OVERSOLD']","[344, 342, 341]"
sp500,PFS,1w,"['RSI_OVERSOLD', 'engulfing', 'RSI_OVERSOLD', 'RSI_OVERSOLD']","[346, 342, 335, 183]"
sp500,PG,1w,"['RSI_OVERSOLD', 'hammer', 'inverted_hammer', 'hammer', 'hammer']","[442, 441, 343, 44, 40]"
sp500,PGNY,1w,"['hammer', 'RSI_OVERSOLD', 'RSI_OVERSOLD', 'RSI_OVERSOLD']","[124, 114, 108, 100]"
sp500,PGR,1w,"['hammer', 'RSI_OVERSOLD', 'piercing_line']","[364, 50, 49]"
sp500,PH,1w,"['RSI_OVERSOLD', 'RSI_OVERSOLD']","[344, 341]"
sp500,PHIN,1w,,
sp500,PHM,1w,"['RSI_OVERSOLD', 'engulfing', 'RSI_OVERSOLD']","[343, 342, 341]"
sp500,PI,1w,"['RSI_OVERSOLD', 'hammer', 'RSI_OVERSOLD', 'hammer', 'RSI_OVERSOLD']","[343, 231, 167, 166, 80]"
sp500,PII,1w,"['RSI_OVERSOLD', 'inverted_hammer', 'RSI_OVERSOLD', 'RSI_OVERSOLD', 'RSI_OVERSOLD']","[343, 211, 155, 95, 83]"
sp500,PINS,1w,"['RSI_OVERSOLD', 'RSI_OVERSOLD']","[249, 37]"
sp500,PIPR,1w,"['hammer', 'RSI_OVERSOLD']","[441, 344]"
sp500,PJT,1w,"['RSI_OVERSOLD', 'RSI_OVERSOLD', 'inverted_hammer', 'hammer', 'RSI_OVERSOLD']","[408, 343, 244, 240, 31]"
sp500,PK,1w,"['RSI_OVERSOLD', 'hammer', 'RSI_OVERSOLD', 'hammer', 'RSI_OVERSOLD']","[374, 360, 345, 84, 83]"
sp500,PKG,1w,"['RSI_OVERSOLD', 'inverted_hammer', 'RSI_OVERSOLD', 'engulfing']","[418, 417, 408, 343]"
sp500,PLAB,1w,"['RSI_OVERSOLD', 'RSI_OVERSOLD']","[478, 80]"
sp500,PLD,1w,"['RSI_OVERSOLD', 'RSI_OVERSOLD']","[343, 155]"
sp500,PLMR,1w,"['engulfing', 'RSI_OVERSOLD', 'inverted_hammer', 'hammer, engulfing']","[251, 248, 61, 54]"
sp500,PLNT,1w,"['RSI_OVERSOLD', 'hammer', 'RSI_OVERSOLD', 'RSI_OVERSOLD', 'RSI_OVERSOLD']","[343, 226, 161, 33, 3]"
sp500,PLTR,1w,,
sp500,PLUS,1w,"['RSI_OVERSOLD', 'RSI_OVERSOLD', 'hammer']","[408, 344, 84]"
sp500,PLXS,1w,['RSI_OVERSOLD'],[344]
sp500,PM,1w,"['RSI_OVERSOLD', 'RSI_OVERSOLD']","[442, 408]"
sp500,PMT,1w,"['hammer', 'engulfing', 'RSI_OVERSOLD', 'hammer', 'RSI_OVERSOLD']","[242, 241, 226, 18, 3]"
sp500,PNC,1w,"['RSI_OVERSOLD', 'engulfing', 'RSI_OVERSOLD']","[345, 342, 80]"
sp500,PNFP,1w,"['RSI_OVERSOLD', 'RSI_OVERSOLD', 'RSI_OVERSOLD', 'RSI_OVERSOLD', 'RSI_OVERSOLD']","[416, 408, 344, 187, 180]"
sp500,PNR,1w,"['RSI_OVERSOLD', 'RSI_OVERSOLD', 'RSI_OVERSOLD', 'RSI_OVERSOLD', 'RSI_OVERSOLD']","[233, 80, 24, 13, 6]"
sp500,PNW,1w,"['RSI_OVERSOLD', 'hammer']","[262, 158]"
sp500,PODD,1w,"['RSI_OVERSOLD', 'RSI_OVERSOLD', 'RSI_OVERSOLD', 'engulfing', 'RSI_OVERSOLD']","[166, 36, 32, 21, 10]"
sp500,POOL,1w,"['inverted_hammer', 'hammer', 'RSI_OVERSOLD', 'RSI_OVERSOLD', 'engulfing']","[245, 242, 226, 47, 46]"
sp500,POR,1w,"['RSI_OVERSOLD', 'RSI_OVERSOLD', 'hammer', 'inverted_hammer']","[453, 343, 158, 155]"
sp500,POST,1w,['RSI_OVERSOLD'],[343]
sp500,POWI,1w,"['hammer', 'RSI_OVERSOLD', 'RSI_OVERSOLD', 'RSI_OVERSOLD']","[418, 416, 80, 53]"
sp500,POWL,1w,"['inverted_hammer', 'RSI_OVERSOLD', 'hammer']","[408, 265, 84]"
sp500,PPC,1w,"['hammer', 'hammer', 'RSI_OVERSOLD', 'RSI_OVERSOLD', 'RSI_OVERSOLD']","[449, 428, 346, 23, 17]"
sp500,PPG,1w,"['RSI_OVERSOLD', 'engulfing', 'RSI_OVERSOLD', 'hammer', 'RSI_OVERSOLD']","[345, 342, 241, 240, 80]"
sp500,PPL,1w,"['RSI_OVERSOLD', 'hammer', 'RSI_OVERSOLD', 'RSI_OVERSOLD', 'hammer']","[461, 458, 450, 343, 158]"
sp500,PPLI,1w,"['RSI_OVERSOLD', 'RSI_OVERSOLD', 'RSI_OVERSOLD']","[344, 226, 209]"
sp500,PR,1w,"['RSI_OVERSOLD', 'RSI_OVERSOLD', 'RSI_OVERSOLD', 'hammer', 'engulfing']","[409, 397, 345, 341, 338]"
sp500,PRDO,1w,"['hammer, RSI_OVERSOLD', 'RSI_OVERSOLD']","[407, 344]"
sp500,PRG,1w,"['RSI_OVERSOLD', 'RSI_OVERSOLD', 'RSI_OVERSOLD', 'hammer', 'RSI_OVERSOLD']","[242, 236, 226, 220, 86]"
sp500,PRGO,1w,"['inverted_hammer', 'hammer', 'RSI_OVERSOLD', 'RSI_OVERSOLD']","[298, 55, 49, 32]"
sp500,PRGS,1w,"['RSI_OVERSOLD', 'hammer', 'RSI_OVERSOLD']","[343, 130, 29]"
sp500,PRI,1w,['RSI_OVERSOLD'],[343]
sp500,PRIM,1w,"['RSI_OVERSOLD', 'RSI_OVERSOLD', 'RSI_OVERSOLD']","[408, 344, 211]"
sp500,PRK,1w,"['RSI_OVERSOLD', 'RSI_OVERSOLD']","[343, 334]"
sp500,PRKS,1w,"['engulfing', 'RSI_OVERSOLD', 'hammer', 'RSI_OVERSOLD', 'RSI_OVERSOLD']","[342, 341, 159, 80, 48]"
sp500,PRLB,1w,"['RSI_OVERSOLD', 'RSI_OVERSOLD']","[344, 206]"
sp500,PRSU,1w,"['RSI_OVERSOLD', 'RSI_OVERSOLD', 'RSI_OVERSOLD']","[416, 346, 339]"
sp500,PRU,1w,"['RSI_OVERSOLD', 'engulfing', 'RSI_OVERSOLD']","[345, 342, 187]"
sp500,PRVA,1w,,
sp500,PSA,1w,['hammer'],[361]
sp500,PSKY,1w,"['RSI_OVERSOLD', 'RSI_OVERSOLD', 'RSI_OVERSOLD', 'inverted_hammer']","[365, 347, 206, 137]"
sp500,PSMT,1w,,
sp500,PSN,1w,"['inverted_hammer', 'RSI_OVERSOLD', 'engulfing', 'inverted_hammer', 'RSI_OVERSOLD']","[88, 86, 84, 80, 30]"
sp500,PSX,1w,"['RSI_OVERSOLD', 'RSI_OVERSOLD']","[408, 349]"
sp500,PTC,1w,"['RSI_OVERSOLD', 'RSI_OVERSOLD', 'RSI_OVERSOLD', 'RSI_OVERSOLD']","[343, 80, 29, 18]"
sp500,PTCT,1w,"['hammer', 'hammer', 'RSI_OVERSOLD', 'hammer', 'RSI_OVERSOLD']","[367, 289, 161, 158, 155]"
sp500,PTEN,1w,"['hammer', 'RSI_OVERSOLD', 'engulfing']","[429, 346, 338]"
sp500,PTGX,1w,"['engulfing', 'RSI_OVERSOLD', 'inverted_hammer', 'RSI_OVERSOLD']","[438, 265, 241, 233]"
sp500,PTON,1w,"['RSI_OVERSOLD', 'hammer', 'hammer', 'hammer']","[257, 255, 249, 231]"
sp500,PVH,1w,"['RSI_OVERSOLD', 'RSI_OVERSOLD', 'RSI_OVERSOLD', 'engulfing']","[385, 345, 88, 80]"
sp500,PWR,1w,"['RSI_OVERSOLD', 'engulfing']","[344, 342]"
sp500,PYPL,1w,"['RSI_OVERSOLD', 'hammer', 'RSI_OVERSOLD', 'piercing_line']","[256, 84, 80, 79]"
sp500,PZZA,1w,"['RSI_OVERSOLD', 'inverted_hammer', 'RSI_OVERSOLD', 'engulfing', 'hammer']","[231, 226, 127, 115, 8]"
sp500,Q,1w,,
sp500,QCOM,1w,['RSI_OVERSOLD'],[80]
sp500,QDEL,1w,"['RSI_OVERSOLD', 'RSI_OVERSOLD', 'engulfing', 'RSI_OVERSOLD', 'RSI_OVERSOLD']","[139, 80, 77, 25, 22]"
sp500,QLYS,1w,"['RSI_OVERSOLD', 'RSI_OVERSOLD', 'RSI_OVERSOLD']","[34, 29, 27]"
sp500,QNST,1w,"['RSI_OVERSOLD', 'RSI_OVERSOLD', 'RSI_OVERSOLD', 'RSI_OVERSOLD', 'hammer']","[344, 259, 244, 180, 83]"
sp500,QRVO,1w,"['engulfing', 'RSI_OVERSOLD', 'RSI_OVERSOLD', 'inverted_hammer', 'engulfing']","[230, 226, 102, 101, 96]"
sp500,QTWO,1w,"['hammer', 'inverted_hammer', 'RSI_OVERSOLD', 'hammer', 'RSI_OVERSOLD']","[283, 243, 232, 231, 226]"
sp500,R,1w,"['RSI_OVERSOLD', 'hammer', 'RSI_OVERSOLD']","[416, 347, 345]"
sp500,RAL,1w,,
sp500,RAMP,1w,"['hammer', 'engulfing', 'RSI_OVERSOLD', 'engulfing', 'RSI_OVERSOLD']","[284, 283, 232, 214, 114]"
sp500,RBA,1w,"['inverted_hammer', 'RSI_OVERSOLD', 'hammer']","[479, 343, 205]"
sp500,RBC,1w,['RSI_OVERSOLD'],[343]
sp500,RCL,1w,"['RSI_OVERSOLD', 'hammer', 'RSI_OVERSOLD', 'RSI_OVERSOLD']","[346, 335, 226, 224]"
sp500,RCUS,1w,"['inverted_hammer', 'RSI_OVERSOLD', 'engulfing']","[88, 82, 79]"
sp500,RDDT,1w,,
sp500,RDN,1w,"['RSI_OVERSOLD', 'RSI_OVERSOLD', 'hammer']","[346, 344, 2]"
sp500,RDNT,1w,"['RSI_OVERSOLD', 'RSI_OVERSOLD', 'RSI_OVERSOLD', 'engulfing']","[408, 343, 83, 82]"
sp500,REG,1w,['RSI_OVERSOLD'],[343]
sp500,REGN,1w,"['RSI_OVERSOLD', 'inverted_hammer', 'RSI_OVERSOLD', 'RSI_OVERSOLD', 'piercing_line']","[102, 91, 75, 72, 19]"
sp500,RELY,1w,['inverted_hammer'],[124]
sp500,RES,1w,"['RSI_OVERSOLD', 'engulfing']","[408, 343]"
sp500,REX,1w,['RSI_OVERSOLD'],[344]
sp500,REXR,1w,"['RSI_OVERSOLD', 'RSI_OVERSOLD', 'RSI_OVERSOLD', 'RSI_OVERSOLD', 'engulfing']","[155, 130, 95, 79, 77]"
sp500,REYN,1w,['RSI_OVERSOLD'],[71]
sp500,REZI,1w,"['RSI_OVERSOLD', 'RSI_OVERSOLD', 'engulfing', 'RSI_OVERSOLD', 'engulfing']","[374, 364, 361, 360, 77]"
sp500,RF,1w,"['engulfing', 'RSI_OVERSOLD', 'engulfing', 'RSI_OVERSOLD', 'hammer']","[342, 156, 82, 80, 2]"
sp500,RGA,1w,['RSI_OVERSOLD'],[346]
sp500,RGEN,1w,"['engulfing', 'RSI_OVERSOLD', 'inverted_hammer']","[246, 122, 31]"
sp500,RGLD,1w,"['RSI_OVERSOLD', 'engulfing']","[344, 220]"
sp500,RH,1w,"['RSI_OVERSOLD', 'RSI_OVERSOLD', 'RSI_OVERSOLD', 'engulfing', 'hammer']","[234, 224, 80, 77, 47]"
sp500,RHI,1w,"['engulfing', 'RSI_OVERSOLD', 'engulfing', 'engulfing', 'engulfing']","[223, 125, 122, 61, 47]"
sp500,RHP,1w,"['RSI_OVERSOLD', 'RSI_OVERSOLD', 'engulfing', 'RSI_OVERSOLD', 'RSI_OVERSOLD']","[408, 345, 342, 335, 81]"
sp500,RITM,1w,"['RSI_OVERSOLD', 'hammer', 'RSI_OVERSOLD', 'RSI_OVERSOLD']","[408, 372, 344, 31]"
sp500,RJF,1w,"['RSI_OVERSOLD', 'inverted_hammer', 'inverted_hammer, RSI_OVERSOLD']","[416, 409, 343]"
sp500,RL,1w,"['RSI_OVERSOLD', 'RSI_OVERSOLD', 'RSI_OVERSOLD']","[491, 374, 343]"
sp500,RLI,1w,['RSI_OVERSOLD'],[343]
sp500,RMBS,1w,['RSI_OVERSOLD'],[343]
sp500,RMD,1w,"['RSI_OVERSOLD', 'engulfing', 'RSI_OVERSOLD', 'RSI_OVERSOLD']","[165, 159, 155, 20]"
sp500,RNG,1w,"['RSI_OVERSOLD', 'engulfing', 'inverted_hammer', 'RSI_OVERSOLD']","[242, 239, 219, 217]"
sp500,RNR,1w,['RSI_OVERSOLD'],[343]
sp500,RNST,1w,"['RSI_OVERSOLD', 'engulfing', 'RSI_OVERSOLD']","[346, 230, 180]"
sp500,ROAD,1w,['RSI_OVERSOLD'],[247]
sp500,ROCK,1w,"['RSI_OVERSOLD', 'RSI_OVERSOLD', 'hammer']","[343, 245, 242]"
sp500,ROG,1w,"['hammer', 'RSI_OVERSOLD', 'RSI_OVERSOLD']","[441, 344, 85]"
sp500,ROIV,1w,"['RSI_OVERSOLD', 'engulfing', 'hammer']","[263, 260, 231]"
sp500,ROK,1w,"['hammer', 'RSI_OVERSOLD', 'hammer', 'RSI_OVERSOLD', 'RSI_OVERSOLD']","[416, 343, 242, 232, 226]"
sp500,ROKU,1w,"['RSI_OVERSOLD', 'RSI_OVERSOLD', 'engulfing', 'hammer']","[256, 249, 232, 231]"
sp500,ROL,1w,"['hammer, RSI_OVERSOLD', 'engulfing', 'RSI_OVERSOLD']","[19, 14, 12]"
sp500,ROP,1w,"['RSI_OVERSOLD', 'inverted_hammer', 'hammer', 'RSI_OVERSOLD', 'engulfing']","[343, 247, 246, 50, 48]"
sp500,ROST,1w,"['RSI_OVERSOLD', 'engulfing', 'RSI_OVERSOLD', 'inverted_hammer, RSI_OVERSOLD', 'RSI_OVERSOLD']","[483, 481, 343, 241, 230]"
sp500,RPM,1w,"['RSI_OVERSOLD', 'RSI_OVERSOLD', 'hammer']","[343, 79, 47]"
sp500,RRC,1w,"['engulfing', 'RSI_OVERSOLD', 'engulfing', 'RSI_OVERSOLD', 'RSI_OVERSOLD']","[499, 480, 478, 453, 383]"
sp500,RRR,1w,"['hammer', 'RSI_OVERSOLD', 'RSI_OVERSOLD', 'RSI_OVERSOLD']","[418, 416, 344, 80]"
sp500,RRX,1w,"['RSI_OVERSOLD', 'engulfing', 'RSI_OVERSOLD', 'engulfing', 'hammer']","[83, 82, 80, 77, 9]"
sp500,RS,1w,"['RSI_OVERSOLD', 'RSI_OVERSOLD', 'RSI_OVERSOLD', 'engulfing']","[416, 408, 344, 342]"
sp500,RSG,1w,"['RSI_OVERSOLD', 'engulfing']","[50, 48]"
sp500,RSI,1w,,
sp500,RTX,1w,"['RSI_OVERSOLD', 'RSI_OVERSOLD', 'engulfing', 'RSI_OVERSOLD', 'RSI_OVERSOLD']","[408, 344, 342, 341, 161]"
sp500,RUN,1w,"['RSI_OVERSOLD', 'engulfing', 'hammer', 'RSI_OVERSOLD']","[246, 242, 84, 81]"
sp500,RUSHA,1w,"['hammer', 'RSI_OVERSOLD', 'hammer']","[451, 343, 49]"
sp500,RVTY,1w,"['RSI_OVERSOLD', 'RSI_OVERSOLD', 'engulfing']","[344, 154, 152]"
sp500,RXO,1w,['RSI_OVERSOLD'],[80]
sp500,RYAN,1w,"['RSI_OVERSOLD', 'RSI_OVERSOLD', 'RSI_OVERSOLD']","[57, 35, 24]"
sp500,RYN,1w,"['RSI_OVERSOLD', 'RSI_OVERSOLD', 'inverted_hammer']","[408, 344, 187]"
sp500,SABR,1w,"['RSI_OVERSOLD', 'RSI_OVERSOLD', 'inverted_hammer, RSI_OVERSOLD', 'RSI_OVERSOLD']","[346, 335, 136, 35]"
sp500,SAFE,1w,"['RSI_OVERSOLD', 'RSI_OVERSOLD', 'RSI_OVERSOLD', 'RSI_OVERSOLD', 'RSI_OVERSOLD']","[185, 175, 166, 162, 92]"
sp500,SAFT,1w,"['RSI_OVERSOLD', 'hammer, RSI_OVERSOLD']","[346, 344]"
sp500,SAH,1w,"['RSI_OVERSOLD', 'inverted_hammer', 'RSI_OVERSOLD', 'hammer', 'hammer']","[410, 408, 344, 49, 2]"
sp500,SAIA,1w,"['RSI_OVERSOLD', 'RSI_OVERSOLD', 'inverted_hammer', 'engulfing', 'RSI_OVERSOLD']","[416, 410, 235, 234, 77]"
sp500,SAIC,1w,"['RSI_OVERSOLD', 'RSI_OVERSOLD']","[408, 343]"
sp500,SAM,1w,"['RSI_OVERSOLD', 'engulfing', 'RSI_OVERSOLD', 'RSI_OVERSOLD', 'engulfing']","[271, 262, 87, 69, 67]"
sp500,SANM,1w,"['hammer', 'hammer', 'RSI_OVERSOLD']","[455, 453, 346]"
sp500,SARO,1w,,
sp500,SBAC,1w,"['RSI_OVERSOLD', 'RSI_OVERSOLD', 'hammer']","[293, 209, 179]"
sp500,SBCF,1w,"['RSI_OVERSOLD', 'RSI_OVERSOLD']","[344, 187]"
sp500,SBH,1w,"['RSI_OVERSOLD', 'RSI_OVERSOLD', 'RSI_OVERSOLD', 'inverted_hammer']","[381, 343, 160, 86]"
sp500,SBRA,1w,"['inverted_hammer', 'RSI_OVERSOLD', 'RSI_OVERSOLD', 'engulfing', 'hammer']","[478, 453, 344, 342, 251]"
sp500,SBSI,1w,"['RSI_OVERSOLD', 'RSI_OVERSOLD']","[344, 180]"
sp500,SBUX,1w,"['RSI_OVERSOLD', 'RSI_OVERSOLD', 'RSI_OVERSOLD', 'RSI_OVERSOLD']","[433, 343, 240, 128]"
sp500,SCHL,1w,"['inverted_hammer', 'engulfing', 'RSI_OVERSOLD', 'RSI_OVERSOLD']","[384, 382, 343, 95]"
sp500,SCHW,1w,"['RSI_OVERSOLD', 'RSI_OVERSOLD']","[343, 187]"
sp500,SCI,1w,['RSI_OVERSOLD'],[158]
sp500,SCL,1w,"['inverted_hammer, RSI_OVERSOLD', 'RSI_OVERSOLD', 'inverted_hammer']","[343, 240, 187]"
sp500,SCSC,1w,"['inverted_hammer', 'RSI_OVERSOLD', 'inverted_hammer']","[386, 344, 81]"
sp500,SDGR,1w,"['inverted_hammer', 'RSI_OVERSOLD']","[103, 35]"
sp500,SEDG,1w,"['engulfing', 'engulfing', 'inverted_hammer', 'RSI_OVERSOLD', 'RSI_OVERSOLD']","[152, 150, 126, 117, 101]"
sp500,SEI,1w,"['RSI_OVERSOLD', 'engulfing', 'hammer']","[344, 342, 143]"
sp500,SEIC,1w,"['hammer', 'RSI_OVERSOLD']","[416, 343]"
sp500,SEZL,1w,,
sp500,SF,1w,"['RSI_OVERSOLD', 'RSI_OVERSOLD', 'RSI_OVERSOLD']","[416, 408, 344]"
sp500,SFBS,1w,"['inverted_hammer', 'RSI_OVERSOLD', 'RSI_OVERSOLD', 'RSI_OVERSOLD', 'engulfing']","[226, 186, 175, 173, 77]"
sp500,SFM,1w,"['RSI_OVERSOLD', 'RSI_OVERSOLD', 'RSI_OVERSOLD', 'RSI_OVERSOLD', 'engulfing']","[377, 350, 55, 50, 48]"
sp500,SFNC,1w,"['RSI_OVERSOLD', 'RSI_OVERSOLD', 'engulfing', 'RSI_OVERSOLD']","[416, 345, 181, 78]"
sp500,SGI,1w,"['RSI_OVERSOLD', 'RSI_OVERSOLD', 'hammer, RSI_OVERSOLD', 'RSI_OVERSOLD']","[344, 341, 240, 237]"
sp500,SHAK,1w,"['RSI_OVERSOLD', 'RSI_OVERSOLD', 'hammer', 'engulfing', 'RSI_OVERSOLD']","[341, 231, 83, 82, 80]"
sp500,SHC,1w,"['RSI_OVERSOLD', 'RSI_OVERSOLD']","[212, 80]"
sp500,SHEN,1w,"['RSI_OVERSOLD', 'RSI_OVERSOLD']","[243, 241]"
sp500,SHO,1w,"['RSI_OVERSOLD', 'RSI_OVERSOLD', 'RSI_OVERSOLD']","[408, 345, 80]"
sp500,SHOO,1w,"['RSI_OVERSOLD', 'RSI_OVERSOLD', 'RSI_OVERSOLD']","[344, 341, 85]"
sp500,SHW,1w,"['RSI_OVERSOLD', 'hammer', 'RSI_OVERSOLD']","[343, 242, 240]"
sp500,SIG,1w,"['RSI_OVERSOLD', 'RSI_OVERSOLD', 'hammer', 'inverted_hammer', 'RSI_OVERSOLD']","[409, 404, 403, 114, 91]"
sp500,SIGI,1w,['RSI_OVERSOLD'],[346]
sp500,SIRI,1w,"['RSI_OVERSOLD', 'piercing_line', 'RSI_OVERSOLD', 'hammer', 'RSI_OVERSOLD']","[343, 342, 192, 181, 131]"
sp500,SITM,1w,,
sp500,SJM,1w,"['RSI_OVERSOLD', 'engulfing', 'inverted_hammer', 'RSI_OVERSOLD']","[477, 475, 467, 161]"
sp500,SKT,1w,"['RSI_OVERSOLD', 'RSI_OVERSOLD']","[492, 385]"
sp500,SKY,1w,"['RSI_OVERSOLD', 'RSI_OVERSOLD']","[343, 70]"
sp500,SKYW,1w,"['RSI_OVERSOLD', 'RSI_OVERSOLD', 'hammer']","[346, 213, 83]"
sp500,SLAB,1w,"['RSI_OVERSOLD', 'RSI_OVERSOLD', 'RSI_OVERSOLD', 'hammer', 'engulfing']","[416, 344, 156, 154, 153]"
sp500,SLB,1w,"['RSI_OVERSOLD', 'RSI_OVERSOLD', 'RSI_OVERSOLD', 'engulfing', 'engulfing']","[487, 416, 345, 341, 76]"
sp500,SLG,1w,"['RSI_OVERSOLD', 'RSI_OVERSOLD', 'RSI_OVERSOLD', 'RSI_OVERSOLD', 'engulfing']","[227, 210, 208, 187, 32]"
sp500,SLGN,1w,"['hammer', 'RSI_OVERSOLD']","[55, 50]"
sp500,SLM,1w,"['RSI_OVERSOLD', 'RSI_OVERSOLD', 'RSI_OVERSOLD']","[409, 186, 33]"
sp500,SLVM,1w,,
sp500,SM,1w,"['RSI_OVERSOLD', 'engulfing', 'RSI_OVERSOLD']","[345, 341, 80]"
sp500,SMCI,1w,['RSI_OVERSOLD'],[419]
sp500,SMG,1w,"['RSI_OVERSOLD', 'RSI_OVERSOLD', 'RSI_OVERSOLD', 'engulfing']","[265, 226, 215, 207]"
sp500,SMP,1w,"['RSI_OVERSOLD', 'RSI_OVERSOLD', 'RSI_OVERSOLD']","[343, 122, 80]"
sp500,SMPL,1w,"['RSI_OVERSOLD', 'RSI_OVERSOLD']","[345, 36]"
sp500,SMTC,1w,"['RSI_OVERSOLD', 'RSI_OVERSOLD', 'RSI_OVERSOLD', 'RSI_OVERSOLD', 'engulfing']","[200, 184, 182, 155, 85]"
sp500,SN,1w,['RSI_OVERSOLD'],[80]
sp500,SNA,1w,['RSI_OVERSOLD'],[344]
sp500,SNDK,1w,,
sp500,SNDR,1w,"['engulfing', 'inverted_hammer', 'RSI_OVERSOLD', 'engulfing', 'RSI_OVERSOLD']","[344, 211, 154, 152, 80]"
sp500,SNEX,1w,['RSI_OVERSOLD'],[343]
sp500,SNPS,1w,"['inverted_hammer', 'inverted_hammer', 'RSI_OVERSOLD']","[343, 243, 80]"
sp500,SNX,1w,"['RSI_OVERSOLD', 'RSI_OVERSOLD', 'engulfing', 'RSI_OVERSOLD', 'piercing_line']","[418, 343, 261, 80, 79]"
sp500,SO,1w,['RSI_OVERSOLD'],[456]
sp500,SOLS,1w,,
sp500,SOLV,1w,,
sp500,SON,1w,"['RSI_OVERSOLD', 'RSI_OVERSOLD']","[346, 344]"
sp500,SONO,1w,"['RSI_OVERSOLD', 'RSI_OVERSOLD', 'RSI_OVERSOLD', 'hammer', 'RSI_OVERSOLD']","[344, 247, 115, 109, 80]"
sp500,SPG,1w,"['RSI_OVERSOLD', 'RSI_OVERSOLD', 'RSI_OVERSOLD']","[492, 344, 339]"
sp500,SPGI,1w,"['RSI_OVERSOLD', 'engulfing', 'RSI_OVERSOLD']","[343, 230, 35]"
sp500,SPHR,1w,"['RSI_OVERSOLD', 'engulfing', 'hammer']","[269, 222, 205]"
sp500,SPNT,1w,"['RSI_OVERSOLD', 'RSI_OVERSOLD', 'RSI_OVERSOLD', 'RSI_OVERSOLD']","[416, 344, 229, 217]"
sp500,SPSC,1w,"['engulfing', 'RSI_OVERSOLD', 'RSI_OVERSOLD', 'RSI_OVERSOLD', 'engulfing']","[79, 63, 50, 35, 32]"
sp500,SPXC,1w,['RSI_OVERSOLD'],[343]
sp500,SR,1w,,
sp500,SRE,1w,"['RSI_OVERSOLD', 'inverted_hammer']","[344, 262]"
sp500,SRPT,1w,"['RSI_OVERSOLD', 'RSI_OVERSOLD', 'engulfing', 'engulfing']","[154, 82, 73, 63]"
sp500,SSB,1w,"['RSI_OVERSOLD', 'RSI_OVERSOLD', 'RSI_OVERSOLD']","[416, 408, 344]"
sp500,SSD,1w,['RSI_OVERSOLD'],[343]
sp500,ST,1w,"['RSI_OVERSOLD', 'engulfing', 'RSI_OVERSOLD', 'RSI_OVERSOLD', 'RSI_OVERSOLD']","[345, 152, 95, 88, 80]"
sp500,STAA,1w,"['RSI_OVERSOLD', 'hammer', 'RSI_OVERSOLD']","[153, 150, 87]"
sp500,STAG,1w,"['RSI_OVERSOLD', 'RSI_OVERSOLD', 'RSI_OVERSOLD', 'RSI_OVERSOLD', 'RSI_OVERSOLD']","[453, 450, 344, 230, 226]"
sp500,STBA,1w,['RSI_OVERSOLD'],[345]
sp500,STC,1w,"['RSI_OVERSOLD', 'inverted_hammer', 'RSI_OVERSOLD', 'RSI_OVERSOLD', 'RSI_OVERSOLD']","[343, 234, 226, 207, 2]"
sp500,STE,1w,,
sp500,STEP,1w,['RSI_OVERSOLD'],[33]
sp500,STLD,1w,"['RSI_OVERSOLD', 'RSI_OVERSOLD', 'RSI_OVERSOLD']","[410, 385, 344]"
sp500,STRA,1w,"['engulfing', 'inverted_hammer', 'engulfing']","[366, 318, 170]"
sp500,STRL,1w,"['hammer', 'RSI_OVERSOLD', 'engulfing']","[446, 343, 342]"
sp500,STT,1w,"['hammer', 'RSI_OVERSOLD', 'RSI_OVERSOLD', 'engulfing']","[426, 417, 343, 342]"
sp500,STWD,1w,"['RSI_OVERSOLD', 'RSI_OVERSOLD', 'RSI_OVERSOLD']","[453, 344, 4]"
sp500,STX,1w,"['RSI_OVERSOLD', 'RSI_OVERSOLD']","[343, 211]"
sp500,STZ,1w,"['RSI_OVERSOLD', 'inverted_hammer', 'RSI_OVERSOLD', 'RSI_OVERSOLD']","[344, 187, 92, 57]"
sp500,SUI,1w,['RSI_OVERSOLD'],[210]
sp500,SUPN,1w,"['RSI_OVERSOLD', 'RSI_OVERSOLD', 'hammer']","[408, 346, 231]"
sp500,SW,1w,"['RSI_OVERSOLD', 'RSI_OVERSOLD', 'engulfing']","[415, 343, 342]"
sp500,SWK,1w,"['RSI_OVERSOLD', 'RSI_OVERSOLD', 'engulfing', 'RSI_OVERSOLD', 'engulfing']","[206, 80, 77, 76, 75]"
sp500,SWKS,1w,"['RSI_OVERSOLD', 'RSI_OVERSOLD', 'RSI_OVERSOLD', 'RSI_OVERSOLD']","[413, 244, 88, 80]"
sp500,SWX,1w,"['engulfing', 'RSI_OVERSOLD', 'RSI_OVERSOLD', 'inverted_hammer', 'inverted_hammer']","[356, 346, 344, 343, 157]"
sp500,SXI,1w,"['RSI_OVERSOLD', 'RSI_OVERSOLD', 'RSI_OVERSOLD', 'RSI_OVERSOLD']","[415, 344, 338, 80]"
sp500,SXT,1w,"['RSI_OVERSOLD', 'RSI_OVERSOLD', 'engulfing', 'hammer']","[346, 165, 164, 54]"
sp500,SYF,1w,"['hammer', 'RSI_OVERSOLD', 'RSI_OVERSOLD', 'RSI_OVERSOLD', 'RSI_OVERSOLD']","[428, 408, 345, 339, 80]"
sp500,SYK,1w,"['RSI_OVERSOLD', 'engulfing', 'hammer', 'RSI_OVERSOLD', 'RSI_OVERSOLD']","[344, 342, 231, 226, 23]"
sp500,SYNA,1w,"['inverted_hammer', 'inverted_hammer', 'RSI_OVERSOLD', 'engulfing', 'RSI_OVERSOLD']","[211, 182, 180, 178, 80]"
sp500,SYY,1w,"['RSI_OVERSOLD', 'RSI_OVERSOLD', 'inverted_hammer']","[346, 341, 187]"
sp500,T,1w,"['RSI_OVERSOLD', 'piercing_line', 'RSI_OVERSOLD', 'hammer', 'RSI_OVERSOLD']","[343, 342, 341, 214, 211]"
sp500,TALO,1w,"['RSI_OVERSOLD', 'hammer']","[346, 149]"
sp500,TAP,1w,"['RSI_OVERSOLD', 'RSI_OVERSOLD', 'inverted_hammer', 'engulfing', 'RSI_OVERSOLD']","[441, 344, 343, 342, 122]"
sp500,TBBK,1w,"['RSI_OVERSOLD', 'RSI_OVERSOLD']","[343, 341]"
sp500,TCBI,1w,['RSI_OVERSOLD'],[417]
sp500,TDC,1w,"['RSI_OVERSOLD', 'engulfing', 'RSI_OVERSOLD', 'RSI_OVERSOLD', 'RSI_OVERSOLD']","[362, 211, 114, 86, 84]"
sp500,TDG,1w,"['RSI_OVERSOLD', 'engulfing', 'RSI_OVERSOLD']","[344, 342, 341]"
sp500,TDS,1w,"['RSI_OVERSOLD', 'engulfing', 'inverted_hammer']","[344, 202, 138]"
sp500,TDW,1w,"['RSI_OVERSOLD', 'engulfing', 'RSI_OVERSOLD']","[344, 95, 85]"
sp500,TDY,1w,"['RSI_OVERSOLD', 'inverted_hammer']","[343, 167]"
sp500,TECH,1w,"['RSI_OVERSOLD', 'hammer', 'engulfing', 'RSI_OVERSOLD', 'piercing_line']","[155, 154, 152, 80, 77]"
sp500,TEL,1w,"['RSI_OVERSOLD', 'RSI_OVERSOLD', 'RSI_OVERSOLD', 'engulfing', 'RSI_OVERSOLD']","[418, 408, 344, 342, 80]"
sp500,TER,1w,"['hammer', 'RSI_OVERSOLD', 'engulfing']","[416, 343, 77]"
sp500,TEX,1w,"['inverted_hammer', 'RSI_OVERSOLD', 'RSI_OVERSOLD', 'hammer']","[409, 345, 80, 2]"
sp500,TFC,1w,"['RSI_OVERSOLD', 'RSI_OVERSOLD', 'RSI_OVERSOLD']","[345, 187, 180]"
sp500,TFIN,1w,"['RSI_OVERSOLD', 'RSI_OVERSOLD', 'RSI_OVERSOLD']","[408, 344, 80]"
sp500,TFX,1w,"['RSI_OVERSOLD', 'RSI_OVERSOLD', 'RSI_OVERSOLD', 'engulfing']","[343, 88, 85, 82]"
sp500,TGT,1w,"['engulfing', 'RSI_OVERSOLD', 'RSI_OVERSOLD', 'RSI_OVERSOLD', 'engulfing']","[498, 230, 226, 83, 77]"
sp500,TGTX,1w,"['RSI_OVERSOLD', 'RSI_OVERSOLD', 'RSI_OVERSOLD', 'RSI_OVERSOLD', 'engulfing']","[420, 270, 254, 246, 239]"
sp500,THC,1w,"['RSI_OVERSOLD', 'RSI_OVERSOLD', 'RSI_OVERSOLD']","[343, 341, 208]"
sp500,THG,1w,"['RSI_OVERSOLD', 'engulfing']","[344, 342]"
sp500,THO,1w,"['RSI_OVERSOLD', 'RSI_OVERSOLD', 'RSI_OVERSOLD', 'engulfing']","[410, 343, 80, 27]"
sp500,THRM,1w,"['RSI_OVERSOLD', 'hammer', 'RSI_OVERSOLD', 'inverted_hammer']","[343, 240, 155, 1]"
sp500,TILE,1w,"['RSI_OVERSOLD', 'RSI_OVERSOLD']","[416, 344]"
sp500,TJX,1w,"['RSI_OVERSOLD', 'hammer', 'inverted_hammer']","[343, 240, 237]"
sp500,TKO,1w,"['RSI_OVERSOLD', 'RSI_OVERSOLD']","[362, 350]"
sp500,TKR,1w,"['RSI_OVERSOLD', 'engulfing', 'RSI_OVERSOLD']","[344, 342, 80]"
sp500,TLN,1w,,
sp500,TMDX,1w,"['engulfing', 'RSI_OVERSOLD', 'engulfing']","[93, 22, 19]"
sp500,TMO,1w,"['RSI_OVERSOLD', 'RSI_OVERSOLD']","[155, 80]"
sp500,TMP,1w,"['RSI_OVERSOLD', 'RSI_OVERSOLD', 'inverted_hammer']","[344, 335, 231]"
sp500,TMUS,1w,"['hammer', 'RSI_OVERSOLD', 'inverted_hammer', 'hammer', 'hammer']","[466, 261, 260, 254, 49]"
sp500,TNC,1w,"['RSI_OVERSOLD', 'RSI_OVERSOLD', 'RSI_OVERSOLD']","[343, 232, 79]"
sp500,TNDM,1w,"['hammer', 'RSI_OVERSOLD', 'RSI_OVERSOLD', 'RSI_OVERSOLD', 'engulfing']","[229, 153, 85, 62, 60]"
sp500,TNL,1w,"['RSI_OVERSOLD', 'inverted_hammer']","[344, 157]"
sp500,TOL,1w,"['engulfing', 'RSI_OVERSOLD', 'inverted_hammer', 'hammer', 'RSI_OVERSOLD']","[416, 344, 245, 242, 79]"
sp500,TOST,1w,['RSI_OVERSOLD'],[241]
sp500,TPC,1w,"['RSI_OVERSOLD', 'hammer', 'inverted_hammer', 'RSI_OVERSOLD', 'RSI_OVERSOLD']","[375, 372, 244, 215, 212]"
sp500,TPL,1w,"['RSI_OVERSOLD', 'RSI_OVERSOLD', 'engulfing', 'hammer']","[408, 344, 176, 64]"
sp500,TPR,1w,"['inverted_hammer', 'RSI_OVERSOLD', 'RSI_OVERSOLD', 'engulfing']","[417, 374, 344, 342]"
sp500,TR,1w,"['RSI_OVERSOLD', 'hammer', 'engulfing']","[448, 178, 175]"
sp500,TREX,1w,"['inverted_hammer', 'inverted_hammer', 'RSI_OVERSOLD']","[237, 234, 49]"
sp500,TRGP,1w,"['hammer', 'hammer', 'RSI_OVERSOLD', 'RSI_OVERSOLD', 'engulfing']","[488, 486, 408, 344, 338]"
sp500,TRIP,1w,"['RSI_OVERSOLD', 'engulfing', 'RSI_OVERSOLD', 'RSI_OVERSOLD', 'hammer']","[335, 178, 114, 35, 5]"
sp500,TRMB,1w,"['RSI_OVERSOLD', 'RSI_OVERSOLD', 'engulfing', 'RSI_OVERSOLD']","[344, 244, 152, 18]"
sp500,TRMK,1w,"['RSI_OVERSOLD', 'hammer', 'inverted_hammer', 'RSI_OVERSOLD', 'engulfing']","[346, 344, 234, 231, 230]"
sp500,TRN,1w,"['RSI_OVERSOLD', 'RSI_OVERSOLD']","[341, 80]"
sp500,TRNO,1w,,
sp500,TROW,1w,"['engulfing', 'RSI_OVERSOLD', 'hammer, engulfing', 'piercing_line', 'RSI_OVERSOLD']","[342, 247, 242, 79, 30]"
sp500,TRST,1w,"['RSI_OVERSOLD', 'RSI_OVERSOLD', 'RSI_OVERSOLD', 'inverted_hammer']","[408, 346, 344, 79]"
sp500,TRU,1w,"['RSI_OVERSOLD', 'inverted_hammer', 'RSI_OVERSOLD', 'RSI_OVERSOLD', 'RSI_OVERSOLD']","[343, 233, 211, 206, 155]"
sp500,TRUP,1w,"['inverted_hammer', 'hammer', 'RSI_OVERSOLD', 'RSI_OVERSOLD']","[343, 231, 179, 35]"
sp500,TRV,1w,"['RSI_OVERSOLD', 'engulfing', 'RSI_OVERSOLD']","[344, 342, 341]"
sp500,TSCO,1w,"['RSI_OVERSOLD', 'inverted_hammer', 'RSI_OVERSOLD', 'RSI_OVERSOLD']","[490, 368, 155, 25]"
sp500,TSLA,1w,"['RSI_OVERSOLD', 'hammer', 'hammer', 'inverted_hammer']","[199, 197, 83, 80]"
sp500,TSN,1w,"['RSI_OVERSOLD', 'RSI_OVERSOLD', 'RSI_OVERSOLD', 'hammer', 'RSI_OVERSOLD']","[408, 345, 211, 199, 179]"
sp500,TT,1w,"['inverted_hammer', 'RSI_OVERSOLD', 'hammer']","[262, 232, 4]"
sp500,TTC,1w,"['RSI_OVERSOLD', 'RSI_OVERSOLD', 'engulfing', 'RSI_OVERSOLD', 'hammer']","[240, 160, 159, 80, 47]"
sp500,TTD,1w,"['RSI_OVERSOLD', 'engulfing', 'RSI_OVERSOLD', 'RSI_OVERSOLD', 'RSI_OVERSOLD']","[87, 55, 37, 30, 10]"
sp500,TTEK,1w,"['RSI_OVERSOLD', 'RSI_OVERSOLD', 'engulfing']","[408, 88, 84]"
sp500,TTMI,1w,"['RSI_OVERSOLD', 'piercing_line', 'RSI_OVERSOLD', 'RSI_OVERSOLD']","[415, 384, 344, 264]"
sp500,TTWO,1w,['engulfing'],[230]
sp500,TWLO,1w,"['hammer', 'RSI_OVERSOLD', 'hammer']","[231, 206, 138]"
sp500,TXN,1w,,
sp500,TXNM,1w,"['RSI_OVERSOLD', 'RSI_OVERSOLD', 'RSI_OVERSOLD', 'RSI_OVERSOLD']","[343, 254, 178, 145]"
sp500,TXRH,1w,['RSI_OVERSOLD'],[343]
sp500,TXT,1w,"['RSI_OVERSOLD', 'RSI_OVERSOLD', 'engulfing', 'RSI_OVERSOLD']","[416, 344, 342, 80]"
sp500,TYL,1w,"['RSI_OVERSOLD', 'RSI_OVERSOLD', 'RSI_OVERSOLD', 'RSI_OVERSOLD']","[414, 226, 49, 18]"
sp500,UA,1w,"['RSI_OVERSOLD', 'inverted_hammer', 'RSI_OVERSOLD', 'inverted_hammer', 'engulfing']","[226, 83, 80, 56, 55]"
sp500,UAA,1w,"['RSI_OVERSOLD', 'RSI_OVERSOLD', 'RSI_OVERSOLD', 'RSI_OVERSOLD', 'inverted_hammer']","[232, 224, 211, 80, 56]"
sp500,UAL,1w,"['RSI_OVERSOLD', 'hammer', 'RSI_OVERSOLD']","[346, 240, 156]"
sp500,UBER,1w,['RSI_OVERSOLD'],[226]
sp500,UBSI,1w,"['RSI_OVERSOLD', 'inverted_hammer', 'RSI_OVERSOLD']","[346, 343, 180]"
sp500,UCB,1w,"['RSI_OVERSOLD', 'RSI_OVERSOLD', 'RSI_OVERSOLD']","[418, 345, 335]"
sp500,UCTT,1w,"['hammer', 'hammer', 'inverted_hammer', 'RSI_OVERSOLD']","[428, 413, 114, 85]"
sp500,UDR,1w,"['hammer', 'hammer', 'engulfing', 'RSI_OVERSOLD', 'RSI_OVERSOLD']","[231, 226, 158, 155, 50]"
sp500,UE,1w,"['RSI_OVERSOLD', 'inverted_hammer']","[344, 187]"
sp500,UFCS,1w,['hammer'],[176]
sp500,UFPI,1w,['RSI_OVERSOLD'],[417]
sp500,UFPT,1w,"['engulfing', 'hammer']","[342, 84]"
sp500,UGI,1w,"['RSI_OVERSOLD', 'RSI_OVERSOLD', 'RSI_OVERSOLD', 'RSI_OVERSOLD', 'RSI_OVERSOLD']","[350, 346, 241, 179, 167]"
sp500,UHS,1w,"['RSI_OVERSOLD', 'RSI_OVERSOLD']","[344, 20]"
sp500,ULS,1w,,
sp500,ULTA,1w,"['hammer', 'RSI_OVERSOLD', 'hammer', 'hammer', 'engulfing']","[366, 343, 176, 127, 124]"
sp500,UMBF,1w,"['RSI_OVERSOLD', 'RSI_OVERSOLD', 'inverted_hammer', 'RSI_OVERSOLD']","[416, 344, 343, 187]"
sp500,UNF,1w,"['RSI_OVERSOLD', 'engulfing', 'RSI_OVERSOLD', 'RSI_OVERSOLD']","[416, 413, 344, 231]"
sp500,UNFI,1w,"['RSI_OVERSOLD', 'RSI_OVERSOLD', 'RSI_OVERSOLD', 'engulfing', 'RSI_OVERSOLD']","[187, 175, 159, 157, 136]"
sp500,UNH,1w,"['hammer', 'RSI_OVERSOLD']","[195, 74]"
sp500,UNIT,1w,"['engulfing', 'RSI_OVERSOLD', 'hammer', 'RSI_OVERSOLD', 'RSI_OVERSOLD']","[477, 399, 226, 188, 122]"
sp500,UNM,1w,"['RSI_OVERSOLD', 'engulfing', 'RSI_OVERSOLD', 'engulfing', 'RSI_OVERSOLD']","[440, 437, 408, 371, 345]"
sp500,UNP,1w,"['hammer, RSI_OVERSOLD']",[344]
sp500,UPBD,1w,"['RSI_OVERSOLD', 'RSI_OVERSOLD', 'hammer', 'RSI_OVERSOLD']","[344, 242, 84, 80]"
sp500,UPS,1w,"['inverted_hammer', 'hammer', 'RSI_OVERSOLD', 'RSI_OVERSOLD', 'RSI_OVERSOLD']","[210, 161, 155, 80, 76]"
sp500,UPWK,1w,"['hammer', 'RSI_OVERSOLD', 'hammer', 'engulfing', 'RSI_OVERSOLD']","[346, 247, 231, 33, 23]"
sp500,URBN,1w,"['RSI_OVERSOLD', 'RSI_OVERSOLD', 'RSI_OVERSOLD', 'RSI_OVERSOLD', 'RSI_OVERSOLD']","[497, 491, 385, 344, 230]"
sp500,URI,1w,"['hammer', 'RSI_OVERSOLD', 'RSI_OVERSOLD', 'engulfing']","[441, 417, 344, 342]"
sp500,USB,1w,"['inverted_hammer', 'RSI_OVERSOLD', 'RSI_OVERSOLD', 'RSI_OVERSOLD', 'RSI_OVERSOLD']","[350, 346, 335, 187, 179]"
sp500,USFD,1w,"['RSI_OVERSOLD', 'RSI_OVERSOLD']","[346, 339]"
sp500,USLM,1w,"['hammer', 'RSI_OVERSOLD']","[344, 342]"
sp500,USPH,1w,"['hammer', 'engulfing', 'inverted_hammer', 'piercing_line', 'RSI_OVERSOLD']","[254, 152, 121, 79, 23]"
sp500,UTHR,1w,"['inverted_hammer', 'RSI_OVERSOLD']","[497, 384]"
sp500,UTI,1w,,
sp500,UTL,1w,"['RSI_OVERSOLD', 'RSI_OVERSOLD']","[343, 59]"
sp500,UUUU,1w,['RSI_OVERSOLD'],[344]
sp500,UVV,1w,"['RSI_OVERSOLD', 'RSI_OVERSOLD', 'RSI_OVERSOLD', 'hammer']","[454, 344, 3, 2]"
sp500,V,1w,['RSI_OVERSOLD'],[343]
sp500,VAC,1w,"['RSI_OVERSOLD', 'engulfing', 'RSI_OVERSOLD', 'RSI_OVERSOLD', 'engulfing']","[343, 224, 158, 80, 77]"
sp500,VAL,1w,"['inverted_hammer, RSI_OVERSOLD', 'RSI_OVERSOLD', 'RSI_OVERSOLD']","[102, 85, 80]"
sp500,VC,1w,"['RSI_OVERSOLD', 'engulfing', 'inverted_hammer', 'RSI_OVERSOLD', 'hammer']","[154, 152, 144, 80, 2]"
sp500,VCEL,1w,"['RSI_OVERSOLD', 'RSI_OVERSOLD', 'RSI_OVERSOLD']","[343, 65, 55]"
sp500,VCTR,1w,"['RSI_OVERSOLD', 'engulfing']","[418, 230]"
sp500,VCYT,1w,,
sp500,VECO,1w,"['RSI_OVERSOLD', 'engulfing', 'RSI_OVERSOLD', 'inverted_hammer']","[467, 465, 462, 95]"
sp500,VEEV,1w,"['RSI_OVERSOLD', 'RSI_OVERSOLD', 'hammer', 'RSI_OVERSOLD', 'RSI_OVERSOLD']","[247, 241, 231, 36, 27]"
sp500,VFC,1w,"['RSI_OVERSOLD', 'engulfing', 'RSI_OVERSOLD', 'RSI_OVERSOLD']","[345, 342, 212, 80]"
sp500,VGNT,1w,,
sp500,VIAV,1w,"['RSI_OVERSOLD', 'RSI_OVERSOLD', 'RSI_OVERSOLD']","[344, 182, 158]"
sp500,VICI,1w,"['RSI_OVERSOLD', 'engulfing', 'RSI_OVERSOLD']","[344, 342, 45]"
sp500,VICR,1w,"['RSI_OVERSOLD', 'engulfing']","[238, 233]"
sp500,VIR,1w,['RSI_OVERSOLD'],[169]
sp500,VIRT,1w,"['inverted_hammer', 'hammer', 'hammer']","[468, 140, 53]"
sp500,VLO,1w,"['RSI_OVERSOLD', 'RSI_OVERSOLD', 'engulfing']","[408, 346, 342]"
sp500,VLTO,1w,['RSI_OVERSOLD'],[80]
sp500,VLY,1w,"['RSI_OVERSOLD', 'RSI_OVERSOLD', 'RSI_OVERSOLD', 'inverted_hammer', 'hammer']","[345, 184, 180, 79, 2]"
sp500,VMC,1w,"['RSI_OVERSOLD', 'RSI_OVERSOLD', 'RSI_OVERSOLD']","[418, 344, 226]"
sp500,VMI,1w,"['RSI_OVERSOLD', 'RSI_OVERSOLD', 'inverted_hammer', 'RSI_OVERSOLD']","[416, 344, 245, 155]"
sp500,VMRK,1w,"['RSI_OVERSOLD', 'RSI_OVERSOLD', 'RSI_OVERSOLD', 'hammer', 'hammer']","[450, 343, 341, 231, 226]"
sp500,VNO,1w,"['RSI_OVERSOLD', 'RSI_OVERSOLD', 'RSI_OVERSOLD', 'RSI_OVERSOLD', 'RSI_OVERSOLD']","[345, 226, 210, 187, 33]"
sp500,VNOM,1w,"['inverted_hammer', 'RSI_OVERSOLD']","[350, 345]"
sp500,VNT,1w,"['engulfing', 'RSI_OVERSOLD', 'hammer', 'RSI_OVERSOLD', 'RSI_OVERSOLD']","[239, 212, 83, 80, 22]"
sp500,VOYA,1w,"['RSI_OVERSOLD', 'engulfing', 'RSI_OVERSOLD', 'engulfing']","[344, 342, 80, 77]"
sp500,VRRM,1w,"['RSI_OVERSOLD', 'hammer', 'hammer, RSI_OVERSOLD', 'RSI_OVERSOLD', 'engulfing']","[344, 83, 36, 33, 18]"
sp500,VRSK,1w,"['RSI_OVERSOLD', 'RSI_OVERSOLD', 'hammer', 'RSI_OVERSOLD']","[56, 36, 35, 27]"
sp500,VRSN,1w,"['RSI_OVERSOLD', 'RSI_OVERSOLD', 'inverted_hammer', 'RSI_OVERSOLD']","[343, 231, 131, 129]"
sp500,VRT,1w,"['RSI_OVERSOLD', 'engulfing', 'RSI_OVERSOLD', 'hammer', 'piercing_line']","[343, 342, 242, 231, 79]"
sp500,VRTS,1w,"['RSI_OVERSOLD', 'RSI_OVERSOLD', 'engulfing']","[343, 80, 77]"
sp500,VRTX,1w,['RSI_OVERSOLD'],[278]
sp500,VSAT,1w,"['RSI_OVERSOLD', 'RSI_OVERSOLD', 'RSI_OVERSOLD']","[347, 345, 158]"
sp500,VSEC,1w,"['RSI_OVERSOLD', 'engulfing']","[344, 340]"
sp500,VSH,1w,"['RSI_OVERSOLD', 'engulfing', 'hammer', 'RSI_OVERSOLD', 'RSI_OVERSOLD']","[344, 342, 109, 100, 80]"
sp500,VSNT,1w,,
sp500,VST,1w,"['RSI_OVERSOLD', 'RSI_OVERSOLD']","[346, 344]"
sp500,VSTS,1w,"['RSI_OVERSOLD', 'RSI_OVERSOLD', 'hammer', 'engulfing', 'engulfing']","[83, 75, 73, 68, 55]"
sp500,VSXY,1w,"['RSI_OVERSOLD', 'RSI_OVERSOLD']","[224, 176]"
sp500,VTOL,1w,"['RSI_OVERSOLD', 'RSI_OVERSOLD']","[408, 343]"
sp500,VTR,1w,"['RSI_OVERSOLD', 'engulfing', 'RSI_OVERSOLD', 'engulfing', 'RSI_OVERSOLD']","[453, 448, 344, 342, 209]"
sp500,VTRS,1w,"['RSI_OVERSOLD', 'RSI_OVERSOLD', 'inverted_hammer']","[387, 240, 122]"
sp500,VVV,1w,"['RSI_OVERSOLD', 'RSI_OVERSOLD', 'hammer', 'RSI_OVERSOLD']","[442, 344, 231, 4]"
sp500,VVX,1w,"['piercing_line', 'RSI_OVERSOLD', 'RSI_OVERSOLD', 'RSI_OVERSOLD']","[407, 343, 240, 226]"
sp500,VYX,1w,"['RSI_OVERSOLD', 'engulfing', 'RSI_OVERSOLD', 'RSI_OVERSOLD', 'engulfing']","[80, 77, 33, 31, 27]"
sp500,VZ,1w,,
sp500,WAB,1w,['RSI_OVERSOLD'],[344]
sp500,WABC,1w,['RSI_OVERSOLD'],[343]
sp500,WAFD,1w,"['RSI_OVERSOLD', 'RSI_OVERSOLD', 'RSI_OVERSOLD', 'RSI_OVERSOLD', 'hammer']","[408, 346, 344, 80, 2]"
sp500,WAL,1w,"['RSI_OVERSOLD', 'engulfing', 'RSI_OVERSOLD', 'RSI_OVERSOLD', 'RSI_OVERSOLD']","[345, 342, 187, 184, 80]"
sp500,WAT,1w,['RSI_OVERSOLD'],[343]
sp500,WAY,1w,,
sp500,WBD,1w,"['RSI_OVERSOLD', 'RSI_OVERSOLD', 'RSI_OVERSOLD', 'RSI_OVERSOLD']","[470, 344, 226, 206]"
sp500,WCC,1w,"['RSI_OVERSOLD', 'engulfing']","[346, 342]"
sp500,WD,1w,"['RSI_OVERSOLD', 'RSI_OVERSOLD', 'engulfing', 'RSI_OVERSOLD', 'RSI_OVERSOLD']","[75, 73, 46, 33, 2]"
sp500,WDAY,1w,"['hammer, RSI_OVERSOLD', 'RSI_OVERSOLD', 'engulfing', 'RSI_OVERSOLD', 'RSI_OVERSOLD']","[231, 37, 32, 31, 27]"
sp500,WDC,1w,"['engulfing', 'RSI_OVERSOLD', 'RSI_OVERSOLD', 'RSI_OVERSOLD', 'RSI_OVERSOLD']","[421, 416, 411, 343, 80]"
sp500,WDFC,1w,['hammer'],[92]
sp500,WEC,1w,,
sp500,WELL,1w,"['RSI_OVERSOLD', 'engulfing', 'RSI_OVERSOLD', 'RSI_OVERSOLD', 'engulfing']","[457, 455, 454, 344, 342]"
sp500,WEN,1w,"['RSI_OVERSOLD', 'RSI_OVERSOLD', 'engulfing', 'RSI_OVERSOLD', 'RSI_OVERSOLD']","[232, 79, 71, 65, 56]"
sp500,WERN,1w,"['RSI_OVERSOLD', 'inverted_hammer']","[155, 77]"
sp500,WEX,1w,"['RSI_OVERSOLD', 'RSI_OVERSOLD', 'RSI_OVERSOLD', 'RSI_OVERSOLD']","[408, 344, 254, 80]"
sp500,WFC,1w,"['RSI_OVERSOLD', 'inverted_hammer', 'RSI_OVERSOLD']","[346, 343, 335]"
sp500,WFRD,1w,['RSI_OVERSOLD'],[80]
sp500,WGO,1w,"['RSI_OVERSOLD', 'RSI_OVERSOLD', 'engulfing', 'RSI_OVERSOLD', 'RSI_OVERSOLD']","[410, 343, 342, 84, 68]"
sp500,WH,1w,['RSI_OVERSOLD'],[344]
sp500,WHD,1w,"['hammer', 'RSI_OVERSOLD', 'RSI_OVERSOLD']","[346, 345, 80]"
sp500,WHR,1w,"['RSI_OVERSOLD', 'inverted_hammer', 'engulfing', 'RSI_OVERSOLD']","[344, 235, 234, 22]"
sp500,WINA,1w,"['RSI_OVERSOLD', 'inverted_hammer']","[343, 144]"
sp500,WING,1w,"['RSI_OVERSOLD', 'RSI_OVERSOLD', 'inverted_hammer', 'hammer', 'hammer']","[343, 238, 234, 226, 22]"
sp500,WKC,1w,"['RSI_OVERSOLD', 'RSI_OVERSOLD', 'RSI_OVERSOLD', 'engulfing', 'hammer']","[466, 451, 346, 343, 232]"
sp500,WLK,1w,"['RSI_OVERSOLD', 'RSI_OVERSOLD', 'RSI_OVERSOLD', 'RSI_OVERSOLD']","[344, 95, 81, 76]"
sp500,WLY,1w,"['RSI_OVERSOLD', 'RSI_OVERSOLD', 'inverted_hammer', 'hammer', 'RSI_OVERSOLD']","[343, 211, 88, 47, 44]"
sp500,WM,1w,"['RSI_OVERSOLD', 'RSI_OVERSOLD']","[341, 50]"
sp500,WMB,1w,"['hammer', 'RSI_OVERSOLD', 'engulfing']","[375, 345, 342]"
sp500,WMG,1w,['hammer'],[231]
sp500,WMS,1w,['inverted_hammer'],[4]
sp500,WMT,1w,,
sp500,WOR,1w,"['RSI_OVERSOLD', 'RSI_OVERSOLD']","[344, 341]"
sp500,WPC,1w,"['RSI_OVERSOLD', 'RSI_OVERSOLD', 'engulfing']","[343, 160, 157]"
sp500,WRB,1w,"['RSI_OVERSOLD', 'RSI_OVERSOLD']","[343, 341]"
sp500,WRBY,1w,"['RSI_OVERSOLD', 'RSI_OVERSOLD', 'RSI_OVERSOLD', 'engulfing', 'engulfing']","[243, 241, 231, 77, 47]"
sp500,WRLD,1w,"['RSI_OVERSOLD', 'hammer', 'RSI_OVERSOLD']","[356, 350, 349]"
sp500,WS,1w,,
sp500,WSBC,1w,"['RSI_OVERSOLD', 'RSI_OVERSOLD']","[416, 335]"
sp500,WSC,1w,"['RSI_OVERSOLD', 'RSI_OVERSOLD', 'RSI_OVERSOLD', 'hammer', 'RSI_OVERSOLD']","[408, 344, 154, 129, 80]"
sp500,WSFS,1w,"['RSI_OVERSOLD', 'RSI_OVERSOLD', 'engulfing', 'RSI_OVERSOLD']","[416, 346, 230, 181]"
sp500,WSM,1w,"['RSI_OVERSOLD', 'engulfing']","[344, 342]"
sp500,WSO,1w,['RSI_OVERSOLD'],[408]
sp500,WST,1w,"['RSI_OVERSOLD', 'RSI_OVERSOLD', 'RSI_OVERSOLD', 'engulfing', 'RSI_OVERSOLD']","[206, 116, 87, 85, 82]"
sp500,WT,1w,"['RSI_OVERSOLD', 'RSI_OVERSOLD', 'RSI_OVERSOLD', 'inverted_hammer']","[408, 373, 343, 211]"
sp500,WTFC,1w,"['inverted_hammer', 'RSI_OVERSOLD', 'engulfing', 'RSI_OVERSOLD', 'RSI_OVERSOLD']","[350, 346, 342, 339, 180]"
sp500,WTRG,1w,['RSI_OVERSOLD'],[158]
sp500,WTS,1w,"['RSI_OVERSOLD', 'RSI_OVERSOLD']","[343, 244]"
sp500,WTW,1w,['RSI_OVERSOLD'],[343]
sp500,WU,1w,"['RSI_OVERSOLD', 'RSI_OVERSOLD', 'RSI_OVERSOLD', 'hammer']","[343, 259, 188, 187]"
sp500,WWD,1w,['RSI_OVERSOLD'],[344]
sp500,WWW,1w,"['RSI_OVERSOLD', 'RSI_OVERSOLD', 'RSI_OVERSOLD', 'RSI_OVERSOLD', 'RSI_OVERSOLD']","[241, 232, 204, 166, 80]"
sp500,WY,1w,"['RSI_OVERSOLD', 'RSI_OVERSOLD', 'piercing_line', 'hammer', 'RSI_OVERSOLD']","[410, 343, 342, 47, 2]"
sp500,WYNN,1w,"['hammer', 'RSI_OVERSOLD', 'RSI_OVERSOLD', 'hammer', 'RSI_OVERSOLD']","[231, 226, 115, 111, 2]"
sp500,XEL,1w,['RSI_OVERSOLD'],[137]
sp500,XHR,1w,"['RSI_OVERSOLD', 'RSI_OVERSOLD', 'RSI_OVERSOLD', 'RSI_OVERSOLD']","[408, 346, 335, 81]"
sp500,XNCR,1w,"['RSI_OVERSOLD', 'RSI_OVERSOLD', 'hammer', 'RSI_OVERSOLD', 'RSI_OVERSOLD']","[161, 153, 85, 84, 75]"
sp500,XOM,1w,"['RSI_OVERSOLD', 'engulfing']","[350, 342]"
sp500,XPEL,1w,"['RSI_OVERSOLD', 'RSI_OVERSOLD', 'RSI_OVERSOLD', 'engulfing']","[156, 128, 80, 77]"
sp500,XPO,1w,"['RSI_OVERSOLD', 'RSI_OVERSOLD', 'RSI_OVERSOLD', 'RSI_OVERSOLD']","[413, 410, 400, 343]"
sp500,XRAY,1w,"['engulfing', 'RSI_OVERSOLD', 'RSI_OVERSOLD', 'hammer', 'hammer']","[152, 114, 101, 84, 47]"
sp500,XYL,1w,"['RSI_OVERSOLD', 'inverted_hammer']","[245, 23]"
sp500,XYZ,1w,"['hammer', 'inverted_hammer', 'hammer', 'engulfing', 'engulfing']","[158, 157, 83, 82, 79]"
sp500,YELP,1w,"['RSI_OVERSOLD', 'RSI_OVERSOLD', 'RSI_OVERSOLD']","[344, 36, 3]"
sp500,YETI,1w,"['engulfing', 'hammer', 'inverted_hammer', 'RSI_OVERSOLD', 'RSI_OVERSOLD']","[342, 242, 233, 230, 211]"
sp500,YOU,1w,,
sp500,YUM,1w,['RSI_OVERSOLD'],[344]
sp500,ZBH,1w,"['RSI_OVERSOLD', 'RSI_OVERSOLD', 'RSI_OVERSOLD', 'engulfing']","[344, 254, 157, 68]"
sp500,ZBRA,1w,"['inverted_hammer', 'RSI_OVERSOLD', 'engulfing', 'RSI_OVERSOLD', 'hammer']","[226, 83, 82, 80, 47]"
sp500,ZD,1w,"['hammer', 'RSI_OVERSOLD', 'engulfing', 'RSI_OVERSOLD', 'RSI_OVERSOLD']","[229, 131, 128, 118, 80]"
sp500,ZION,1w,"['inverted_hammer', 'RSI_OVERSOLD', 'inverted_hammer', 'RSI_OVERSOLD', 'hammer']","[350, 345, 343, 187, 83]"
sp500,ZTS,1w,"['inverted_hammer', 'RSI_OVERSOLD', 'RSI_OVERSOLD', 'RSI_OVERSOLD']","[211, 49, 23, 10]"
sp500,ZWS,1w,"['RSI_OVERSOLD', 'RSI_OVERSOLD']","[343, 341]"
sp500,A,1M,,
sp500,AA,1M,['RSI_OVERSOLD'],[80]
sp500,AAL,1M,['RSI_OVERSOLD'],[80]
sp500,AAMI,1M,,
sp500,AAON,1M,,
sp500,AAP,1M,"['hammer', 'engulfing', 'RSI_OVERSOLD', 'RSI_OVERSOLD']","[41, 40, 38, 25]"
sp500,AAPL,1M,,
sp500,AAT,1M,"['RSI_OVERSOLD', 'engulfing', 'engulfing']","[80, 77, 42]"
sp500,ABBV,1M,,
sp500,ABCB,1M,,
sp500,ABG,1M,['rebound'],[1]
sp500,ABM,1M,,
sp500,ABNB,1M,,
sp500,ABR,1M,"['hammer, engulfing', 'RSI_OVERSOLD']","[9, 2]"
sp500,ABT,1M,,
sp500,ACA,1M,,
sp500,ACAD,1M,['inverted_hammer'],[100]
sp500,ACGL,1M,,
sp500,ACHC,1M,"['RSI_OVERSOLD', 'inverted_hammer', 'hammer, engulfing', 'RSI_OVERSOLD']","[19, 18, 15, 12]"
sp500,ACI,1M,['RSI_OVERSOLD'],[4]
sp500,ACIW,1M,,
sp500,ACLS,1M,,
sp500,ACM,1M,['rebound'],[11]
sp500,ACMR,1M,,
sp500,ACN,1M,['RSI_OVERSOLD'],[5]
sp500,ACT,1M,,
sp500,ADAM,1M,"['RSI_OVERSOLD', 'engulfing']","[80, 77]"
sp500,ADBE,1M,['RSI_OVERSOLD'],[5]
sp500,ADC,1M,,
sp500,ADEA,1M,,
sp500,ADI,1M,,
sp500,ADIG,1M,,
sp500,ADM,1M,,
sp500,ADMA,1M,,
sp500,ADNT,1M,"['RSI_OVERSOLD', 'RSI_OVERSOLD', 'RSI_OVERSOLD', 'hammer']","[95, 92, 20, 19]"
sp500,ADP,1M,,
sp500,ADSK,1M,,
sp500,ADT,1M,,
sp500,ADUS,1M,,
sp500,AEE,1M,,
sp500,AEIS,1M,,
sp500,AEO,1M,['RSI_OVERSOLD'],[80]
sp500,AEP,1M,,
sp500,AES,1M,['hammer'],[37]
sp500,AESI,1M,,
sp500,AFG,1M,['RSI_OVERSOLD'],[78]
sp500,AFL,1M,,
sp500,AGCO,1M,['hammer'],[27]
sp500,AGNT,1M,,
sp500,AGO,1M,,
sp500,AGX,1M,,
sp500,AGYS,1M,,
sp500,AHCO,1M,,
sp500,AHR,1M,,
sp500,AIG,1M,['RSI_OVERSOLD'],[80]
sp500,AIN,1M,,
sp500,AIR,1M,['RSI_OVERSOLD'],[80]
sp500,AIT,1M,,
sp500,AIZ,1M,,
sp500,AJG,1M,,
sp500,AKAM,1M,['hammer'],[19]
sp500,AKR,1M,['RSI_OVERSOLD'],[80]
sp500,ALB,1M,,
sp500,ALG,1M,['rebound'],[28]
sp500,ALGM,1M,,
sp500,ALGN,1M,,
sp500,ALGT,1M,"['RSI_OVERSOLD', 'rebound']","[50, 30]"
sp500,ALHC,1M,"['rebound', 'inverted_hammer']","[44, 41]"
sp500,ALK,1M,['RSI_OVERSOLD'],[80]
sp500,ALKS,1M,"['RSI_OVERSOLD', 'RSI_OVERSOLD', 'RSI_OVERSOLD', 'inverted_hammer']","[90, 82, 80, 79]"
sp500,ALL,1M,['rebound'],[96]
sp500,ALLE,1M,,
sp500,ALLY,1M,,
sp500,ALRM,1M,,
sp500,ALSN,1M,,
sp500,ALV,1M,,
sp500,AM,1M,"['RSI_OVERSOLD', 'RSI_OVERSOLD, rebound', 'RSI_OVERSOLD']","[95, 87, 80]"
sp500,AMAT,1M,,
sp500,AMCR,1M,,
sp500,AMD,1M,,
sp500,AME,1M,,
sp500,AMG,1M,,
sp500,AMGN,1M,,
sp500,AMH,1M,,
sp500,AMKR,1M,['hammer'],[97]
sp500,AMN,1M,['engulfing'],[15]
sp500,AMP,1M,,
sp500,AMPH,1M,['hammer'],[20]
sp500,AMR,1M,['engulfing'],[16]
sp500,AMRX,1M,,
sp500,AMSF,1M,,
sp500,AMT,1M,,
sp500,AMTM,1M,,
sp500,AMZN,1M,,
sp500,AN,1M,,
sp500,ANDE,1M,"['inverted_hammer', 'hammer']","[86, 18]"
sp500,ANET,1M,,
sp500,ANF,1M,,
sp500,ANIP,1M,,
sp500,AON,1M,,
sp500,AORT,1M,,
sp500,AOS,1M,,
sp500,AOSL,1M,['rebound'],[97]
sp500,APA,1M,"['RSI_OVERSOLD', 'inverted_hammer']","[80, 25]"
sp500,APAM,1M,,
sp500,APD,1M,,
sp500,APG,1M,,
sp500,APH,1M,,
sp500,APLE,1M,"['RSI_OVERSOLD', 'RSI_OVERSOLD']","[80, 77]"
sp500,APO,1M,,
sp500,APOG,1M,,
sp500,APP,1M,,
sp500,APPF,1M,,
sp500,APTV,1M,['inverted_hammer'],[2]
sp500,AR,1M,['inverted_hammer'],[86]
sp500,ARCB,1M,,
sp500,ARE,1M,"['engulfing', 'RSI_OVERSOLD', 'engulfing', 'RSI_OVERSOLD']","[17, 11, 10, 7]"
sp500,ARES,1M,,
sp500,ARLO,1M,,
sp500,ARMK,1M,,
sp500,AROC,1M,,
sp500,ARR,1M,"['RSI_OVERSOLD', 'engulfing', 'RSI_OVERSOLD', 'RSI_OVERSOLD']","[80, 77, 50, 37]"
sp500,ARW,1M,,
sp500,ARWR,1M,,
sp500,ASB,1M,,
sp500,ASH,1M,"['inverted_hammer', 'hammer', 'RSI_OVERSOLD', 'RSI_OVERSOLD']","[21, 20, 19, 14]"
sp500,ASO,1M,,
sp500,ASTE,1M,['rebound'],[36]
sp500,ASTH,1M,,
sp500,ATEN,1M,,
sp500,ATI,1M,['engulfing'],[78]
sp500,ATMU,1M,,
sp500,ATO,1M,,
sp500,ATR,1M,,
sp500,AUB,1M,,
sp500,AVA,1M,,
sp500,AVAV,1M,,
sp500,AVGO,1M,,
sp500,AVNT,1M,,
sp500,AVT,1M,['rebound'],[114]
sp500,AVTR,1M,"['rebound', 'RSI_OVERSOLD']","[28, 10]"
sp500,AVY,1M,,
sp500,AWI,1M,,
sp500,AWK,1M,,
sp500,AWR,1M,['hammer'],[31]
sp500,AX,1M,,
sp500,AXON,1M,,
sp500,AXP,1M,,
sp500,AXTA,1M,['inverted_hammer'],[16]
sp500,AYI,1M,,
sp500,AZO,1M,,
sp500,AZTA,1M,['rebound'],[107]
sp500,AZZ,1M,,
sp500,BA,1M,,
sp500,BAC,1M,['rebound'],[1]
sp500,BAH,1M,,
sp500,BALL,1M,,
sp500,BANC,1M,,
sp500,BANF,1M,,
sp500,BANR,1M,,
sp500,BAX,1M,"['hammer', 'RSI_OVERSOLD', 'RSI_OVERSOLD', 'RSI_OVERSOLD']","[48, 46, 16, 13]"
sp500,BBT,1M,"['RSI_OVERSOLD', 'RSI_OVERSOLD']","[80, 78]"
sp500,BBWI,1M,['RSI_OVERSOLD'],[99]
sp500,BBY,1M,,
sp500,BC,1M,,
sp500,BCC,1M,,
sp500,BCO,1M,,
sp500,BCPC,1M,,
sp500,BDC,1M,,
sp500,BDX,1M,['rebound'],[18]
sp500,BE,1M,,
sp500,BEN,1M,['RSI_OVERSOLD'],[80]
sp500,BF-B,1M,"['engulfing', 'RSI_OVERSOLD', 'RSI_OVERSOLD']","[28, 22, 17]"
sp500,BFAM,1M,,
sp500,BFH,1M,['RSI_OVERSOLD'],[80]
sp500,BFS,1M,['RSI_OVERSOLD'],[74]
sp500,BG,1M,"['rebound', 'hammer']","[24, 21]"
sp500,BGC,1M,,
sp500,BHE,1M,,
sp500,BHF,1M,,
sp500,BIIB,1M,"['RSI_OVERSOLD', 'inverted_hammer']","[23, 20]"
sp500,BILL,1M,,
sp500,BIO,1M,,
sp500,BJ,1M,,
sp500,BJRI,1M,['RSI_OVERSOLD'],[80]
sp500,BKE,1M,,
sp500,BKH,1M,,
sp500,BKNG,1M,,
sp500,BKR,1M,,
sp500,BKU,1M,,
sp500,BL,1M,,
sp500,BLDR,1M,,
sp500,BLFS,1M,,
sp500,BLK,1M,,
sp500,BLKB,1M,['RSI_OVERSOLD'],[6]
sp500,BMI,1M,['rebound'],[15]
sp500,BMRN,1M,,
sp500,BMY,1M,,
sp500,BNL,1M,,
sp500,BNY,1M,,
sp500,BOH,1M,['RSI_OVERSOLD'],[42]
sp500,BOOT,1M,,
sp500,BOX,1M,,
sp500,BR,1M,['RSI_OVERSOLD'],[5]
sp500,BRC,1M,,
sp500,BRK-B,1M,,
sp500,BRKR,1M,"['hammer', 'engulfing']","[19, 17]"
sp500,BRO,1M,,
sp500,BROS,1M,,
sp500,BRX,1M,"['RSI_OVERSOLD', 'rebound']","[80, 1]"
sp500,BSX,1M,"['rebound', 'RSI_OVERSOLD']","[13, 7]"
sp500,BSY,1M,['hammer'],[9]
sp500,BTSG,1M,,
sp500,BTU,1M,['inverted_hammer'],[74]
sp500,BURL,1M,,
sp500,BWA,1M,,
sp500,BWXT,1M,,
sp500,BX,1M,,
sp500,BXMT,1M,"['RSI_OVERSOLD', 'RSI_OVERSOLD']","[80, 2]"
sp500,BXP,1M,['RSI_OVERSOLD'],[42]
sp500,BYD,1M,,
sp500,C,1M,,
sp500,CACC,1M,,
sp500,CACI,1M,,
sp500,CAG,1M,"['RSI_OVERSOLD', 'RSI_OVERSOLD', 'RSI_OVERSOLD', 'RSI_OVERSOLD']","[95, 16, 13, 6]"
sp500,CAH,1M,,
sp500,CAKE,1M,['RSI_OVERSOLD'],[80]
sp500,CALM,1M,,
sp500,CALX,1M,,
sp500,CALY,1M,,
sp500,CAR,1M,,
sp500,CARG,1M,['hammer'],[48]
sp500,CARR,1M,,
sp500,CART,1M,,
sp500,CASH,1M,,
sp500,CASY,1M,,
sp500,CAT,1M,,
sp500,CATY,1M,,
sp500,CAVA,1M,,
sp500,CB,1M,,
sp500,CBOE,1M,,
sp500,CBRE,1M,,
sp500,CBRL,1M,['RSI_OVERSOLD'],[80]
sp500,CBSH,1M,,
sp500,CBT,1M,,
sp500,CBU,1M,,
sp500,CC,1M,['hammer'],[95]
sp500,CCI,1M,,
sp500,CCK,1M,['rebound'],[28]
sp500,CCL,1M,"['RSI_OVERSOLD', 'RSI_OVERSOLD']","[80, 73]"
sp500,CCOI,1M,"['RSI_OVERSOLD', 'RSI_OVERSOLD', 'RSI_OVERSOLD']","[12, 9, 5]"
sp500,CCS,1M,,
sp500,CDE,1M,,
sp500,CDNS,1M,,
sp500,CDP,1M,,
sp500,CDW,1M,,
sp500,CE,1M,['hammer'],[15]
sp500,CEG,1M,,
sp500,CELH,1M,,
sp500,CENT,1M,,
sp500,CENTA,1M,,
sp500,CENX,1M,,
sp500,CERT,1M,,
sp500,CF,1M,,
sp500,CFFN,1M,"['inverted_hammer', 'RSI_OVERSOLD']","[75, 38]"
sp500,CFG,1M,,
sp500,CFR,1M,,
sp500,CG,1M,,
sp500,CGNX,1M,,
sp500,CHCO,1M,,
sp500,CHD,1M,,
sp500,CHDN,1M,,
sp500,CHE,1M,,
sp500,CHEF,1M,,
sp500,CHH,1M,['engulfing'],[11]
sp500,CHRD,1M,"['RSI_OVERSOLD', 'inverted_hammer']","[80, 75]"
sp500,CHRW,1M,,
sp500,CHTR,1M,"['inverted_hammer', 'RSI_OVERSOLD']","[51, 2]"
sp500,CHWY,1M,,
sp500,CI,1M,,
sp500,CIEN,1M,,
sp500,CINF,1M,['engulfing'],[77]
sp500,CL,1M,,
sp500,CLF,1M,,
sp500,CLH,1M,,
sp500,CLSK,1M,,
sp500,CLX,1M,['hammer'],[12]
sp500,CMC,1M,,
sp500,CMCSA,1M,['inverted_hammer'],[51]
sp500,CME,1M,,
sp500,CMG,1M,,
sp500,CMI,1M,,
sp500,CMS,1M,,
sp500,CNC,1M,['RSI_OVERSOLD'],[16]
sp500,CNH,1M,,
sp500,CNK,1M,"['RSI_OVERSOLD', 'RSI_OVERSOLD', 'RSI_OVERSOLD']","[80, 77, 73]"
sp500,CNM,1M,,
sp500,CNMD,1M,['rebound'],[33]
sp500,CNO,1M,,
sp500,CNP,1M,['RSI_OVERSOLD'],[80]
sp500,CNR,1M,"['rebound', 'engulfing']","[87, 79]"
sp500,CNS,1M,,
sp500,CNX,1M,['rebound'],[1]
sp500,CNXC,1M,"['hammer', 'hammer']","[39, 24]"
sp500,CNXN,1M,,
sp500,COCO,1M,,
sp500,COF,1M,,
sp500,COHR,1M,,
sp500,COHU,1M,['RSI_OVERSOLD'],[20]
sp500,COIN,1M,,
sp500,COKE,1M,,
sp500,COLB,1M,,
sp500,COLL,1M,,
sp500,COLM,1M,"['RSI_OVERSOLD', 'engulfing']","[13, 12]"
sp500,CON,1M,,
sp500,COO,1M,,
sp500,COP,1M,['inverted_hammer'],[18]
sp500,COR,1M,,
sp500,CORT,1M,,
sp500,COST,1M,,
sp500,COTY,1M,"['RSI_OVERSOLD', 'RSI_OVERSOLD', 'RSI_OVERSOLD', 'RSI_OVERSOLD', 'RSI_OVERSOLD']","[97, 78, 74, 18, 15]"
sp500,CPAY,1M,,
sp500,CPB,1M,"['RSI_OVERSOLD', 'RSI_OVERSOLD', 'hammer', 'RSI_OVERSOLD', 'RSI_OVERSOLD']","[17, 11, 10, 9, 2]"
sp500,CPF,1M,['RSI_OVERSOLD'],[80]
sp500,CPK,1M,,
sp500,CPRI,1M,['RSI_OVERSOLD'],[80]
sp500,CPRT,1M,,
sp500,CPT,1M,,
sp500,CR,1M,,
sp500,CRBG,1M,,
sp500,CRC,1M,,
sp500,CRGY,1M,,
sp500,CRH,1M,,
sp500,CRI,1M,"['rebound', 'RSI_OVERSOLD']","[79, 19]"
sp500,CRK,1M,,
sp500,CRL,1M,,
sp500,CRM,1M,,
sp500,CROX,1M,,
sp500,CRS,1M,,
sp500,CRSR,1M,,
sp500,CRUS,1M,,
sp500,CRVL,1M,,
sp500,CRWD,1M,['hammer'],[46]
sp500,CSCO,1M,,
sp500,CSGP,1M,['RSI_OVERSOLD'],[7]
sp500,CSL,1M,,
sp500,CSR,1M,,
sp500,CSW,1M,,
sp500,CSX,1M,,
sp500,CTAS,1M,,
sp500,CTRE,1M,,
sp500,CTS,1M,,
sp500,CTSH,1M,,
sp500,CTVA,1M,"['hammer, RSI_OVERSOLD']",[1]
sp500,CUBE,1M,,
sp500,CUBI,1M,,
sp500,CURB,1M,,
sp500,CUZ,1M,,
sp500,CVBF,1M,['RSI_OVERSOLD'],[42]
sp500,CVCO,1M,,
sp500,CVI,1M,,
sp500,CVLT,1M,['hammer'],[80]
sp500,CVNA,1M,"['RSI_OVERSOLD', 'RSI_OVERSOLD']","[54, 50]"
sp500,CVS,1M,,
sp500,CVSA,1M,,
sp500,CVX,1M,['RSI_OVERSOLD'],[80]
sp500,CW,1M,,
sp500,CWEN,1M,,
sp500,CWK,1M,,
sp500,CWST,1M,,
sp500,CWT,1M,,
sp500,CXM,1M,['RSI_OVERSOLD'],[7]
sp500,CXT,1M,,
sp500,CXW,1M,,
sp500,CYTK,1M,,
sp500,CZR,1M,,
sp500,D,1M,['RSI_OVERSOLD'],[37]
sp500,DAL,1M,['RSI_OVERSOLD'],[78]
sp500,DAN,1M,['rebound'],[36]
sp500,DAR,1M,,
sp500,DASH,1M,,
sp500,DAVE,1M,,
sp500,DBD,1M,,
sp500,DBX,1M,,
sp500,DCH,1M,['hammer'],[19]
sp500,DCI,1M,,
sp500,DCOM,1M,,
sp500,DD,1M,,
sp500,DDOG,1M,['hammer'],[44]
sp500,DE,1M,,
sp500,DEA,1M,,
sp500,DECK,1M,,
sp500,DEI,1M,"['RSI_OVERSOLD', 'inverted_hammer, RSI_OVERSOLD', 'RSI_OVERSOLD']","[74, 50, 45]"
sp500,DELL,1M,,
sp500,DFH,1M,,
sp500,DFIN,1M,['RSI_OVERSOLD'],[80]
sp500,DG,1M,"['rebound', 'RSI_OVERSOLD', 'RSI_OVERSOLD']","[41, 38, 27]"
sp500,DGII,1M,,
sp500,DGX,1M,,
sp500,DHI,1M,,
sp500,DHR,1M,['hammer'],[19]
sp500,DINO,1M,,
sp500,DIOD,1M,,
sp500,DIS,1M,,
sp500,DKS,1M,,
sp500,DLB,1M,,
sp500,DLR,1M,['rebound'],[97]
sp500,DLTR,1M,,
sp500,DLX,1M,['RSI_OVERSOLD'],[80]
sp500,DMC,1M,"['hammer', 'RSI_OVERSOLD']","[97, 90]"
sp500,DNOW,1M,"['RSI_OVERSOLD', 'inverted_hammer']","[80, 73]"
sp500,DOC,1M,,
sp500,DOCN,1M,,
sp500,DOCS,1M,,
sp500,DOCU,1M,"['hammer', 'engulfing']","[56, 47]"
sp500,DORM,1M,,
sp500,DOV,1M,,
sp500,DOW,1M,"['RSI_OVERSOLD', 'inverted_hammer']","[19, 17]"
sp500,DPZ,1M,,
sp500,DRH,1M,,
sp500,DRI,1M,,
sp500,DT,1M,,
sp500,DTE,1M,,
sp500,DTM,1M,,
sp500,DUK,1M,,
sp500,DUOL,1M,,
sp500,DV,1M,"['hammer', 'hammer']","[12, 9]"
sp500,DVA,1M,,
sp500,DVN,1M,,
sp500,DXC,1M,"['RSI_OVERSOLD', 'RSI_OVERSOLD']","[80, 5]"
sp500,DXCM,1M,,
sp500,DXPE,1M,,
sp500,DY,1M,['hammer'],[80]
sp500,EAT,1M,['RSI_OVERSOLD'],[80]
sp500,EBAY,1M,,
sp500,EBC,1M,,
sp500,ECG,1M,,
sp500,ECHO,1M,,
sp500,ECL,1M,,
sp500,ECPG,1M,,
sp500,ED,1M,,
sp500,EEFT,1M,"['hammer', 'engulfing']","[12, 11]"
sp500,EFC,1M,"['RSI_OVERSOLD', 'rebound']","[80, 1]"
sp500,EFOR,1M,"['RSI_OVERSOLD', 'RSI_OVERSOLD']","[19, 7]"
sp500,EFX,1M,,
sp500,EG,1M,['inverted_hammer'],[79]
sp500,EGBN,1M,['RSI_OVERSOLD'],[43]
sp500,EGP,1M,,
sp500,EHC,1M,,
sp500,EIG,1M,['rebound'],[15]
sp500,EIX,1M,,
sp500,EL,1M,"['rebound', 'engulfing', 'RSI_OVERSOLD']","[36, 26, 25]"
sp500,ELAN,1M,['RSI_OVERSOLD'],[51]
sp500,ELF,1M,,
sp500,ELS,1M,,
sp500,ELV,1M,,
sp500,EME,1M,,
sp500,EMN,1M,['inverted_hammer'],[16]
sp500,EMR,1M,,
sp500,ENOV,1M,['hammer'],[25]
sp500,ENPH,1M,"['inverted_hammer', 'engulfing']","[21, 11]"
sp500,ENR,1M,,
sp500,ENS,1M,,
sp500,ENSG,1M,,
sp500,ENTG,1M,,
sp500,ENVA,1M,,
sp500,EOG,1M,['RSI_OVERSOLD'],[80]
sp500,EPAC,1M,,
sp500,EPAM,1M,,
sp500,EPC,1M,"['RSI_OVERSOLD', 'RSI_OVERSOLD', 'RSI_OVERSOLD']","[90, 17, 14]"
sp500,EPR,1M,"['RSI_OVERSOLD', 'RSI_OVERSOLD']","[80, 73]"
sp500,EPRT,1M,,
sp500,EQH,1M,,
sp500,EQIX,1M,,
sp500,EQT,1M,"['RSI_OVERSOLD', 'hammer']","[97, 81]"
sp500,ERIE,1M,"['rebound', 'engulfing']","[24, 5]"
sp500,ES,1M,,
sp500,ESAB,1M,,
sp500,ESE,1M,,
sp500,ESI,1M,,
sp500,ESNT,1M,,
sp500,ESS,1M,['hammer'],[48]
sp500,ETN,1M,,
sp500,ETR,1M,,
sp500,ETSY,1M,,
sp500,EVR,1M,,
sp500,EVRG,1M,,
sp500,EVTC,1M,,
sp500,EW,1M,,
sp500,EWBC,1M,['rebound'],[79]
sp500,EXC,1M,,
sp500,EXE,1M,,
sp500,EXEL,1M,,
sp500,EXLS,1M,,
sp500,EXP,1M,,
sp500,EXPD,1M,,
sp500,EXPE,1M,['RSI_OVERSOLD'],[80]
sp500,EXPO,1M,,
sp500,EXR,1M,,
sp500,EXTR,1M,['rebound'],[36]
sp500,EYE,1M,['hammer'],[37]
sp500,EZPW,1M,,
sp500,F,1M,['RSI_OVERSOLD'],[80]
sp500,FA,1M,,
sp500,FAF,1M,,
sp500,FANG,1M,['RSI_OVERSOLD'],[80]
sp500,FAST,1M,,
sp500,FBIN,1M,,
sp500,FBK,1M,,
sp500,FBNC,1M,['engulfing'],[74]
sp500,FBP,1M,,
sp500,FBRT,1M,,
sp500,FCF,1M,,
sp500,FCFS,1M,,
sp500,FCN,1M,['engulfing'],[19]
sp500,FCPT,1M,,
sp500,FCX,1M,,
sp500,FDS,1M,"['RSI_OVERSOLD', 'RSI_OVERSOLD']","[14, 10]"
sp500,FDX,1M,['inverted_hammer'],[86]
sp500,FDXF,1M,,
sp500,FE,1M,,
sp500,FELE,1M,,
sp500,FERG,1M,,
sp500,FFBC,1M,,
sp500,FFIN,1M,,
sp500,FFIV,1M,,
sp500,FG,1M,,
sp500,FHB,1M,,
sp500,FHI,1M,,
sp500,FHN,1M,"['RSI_OVERSOLD', 'RSI_OVERSOLD']","[80, 42]"
sp500,FIBK,1M,,
sp500,FICO,1M,,
sp500,FIS,1M,"['RSI_OVERSOLD', 'RSI_OVERSOLD']","[5, 2]"
sp500,FISV,1M,"['RSI_OVERSOLD', 'engulfing', 'hammer', 'RSI_OVERSOLD', 'RSI_OVERSOLD']","[13, 11, 9, 8, 5]"
sp500,FITB,1M,,
sp500,FIVE,1M,,
sp500,FIVN,1M,['hammer'],[13]
sp500,FIX,1M,,
sp500,FIZZ,1M,['engulfing'],[86]
sp500,FLEX,1M,"['RSI_OVERSOLD', 'RSI_OVERSOLD']","[97, 95]"
sp500,FLG,1M,,
sp500,FLO,1M,['RSI_OVERSOLD'],[17]
sp500,FLR,1M,['RSI_OVERSOLD'],[81]
sp500,FLS,1M,,
sp500,FMC,1M,"['RSI_OVERSOLD', 'rebound', 'RSI_OVERSOLD', 'hammer', 'engulfing']","[37, 36, 13, 12, 8]"
sp500,FN,1M,,
sp500,FNB,1M,,
sp500,FND,1M,['engulfing'],[6]
sp500,FNF,1M,,
sp500,FORM,1M,,
sp500,FOUR,1M,,
sp500,FOX,1M,,
sp500,FOXA,1M,,
sp500,FOXF,1M,,
sp500,FR,1M,,
sp500,FRPT,1M,,
sp500,FRT,1M,"['RSI_OVERSOLD', 'RSI_OVERSOLD']","[80, 78]"
sp500,FSLR,1M,,
sp500,FSS,1M,,
sp500,FTDR,1M,,
sp500,FTI,1M,"['RSI_OVERSOLD', 'RSI_OVERSOLD']","[80, 73]"
sp500,FTNT,1M,,
sp500,FTRE,1M,['RSI_OVERSOLD'],[19]
sp500,FTV,1M,,
sp500,FUL,1M,,
sp500,FULT,1M,,
sp500,FUN,1M,"['rebound', 'RSI_OVERSOLD', 'RSI_OVERSOLD']","[99, 80, 12]"
sp500,G,1M,['hammer'],[6]
sp500,GAP,1M,['RSI_OVERSOLD'],[80]
sp500,GATX,1M,,
sp500,GBCI,1M,,
sp500,GBX,1M,,
sp500,GD,1M,['inverted_hammer'],[79]
sp500,GDDY,1M,,
sp500,GE,1M,,
sp500,GEF,1M,,
sp500,GEHC,1M,,
sp500,GEN,1M,,
sp500,GEO,1M,,
sp500,GEV,1M,,
sp500,GFF,1M,,
sp500,GGG,1M,,
sp500,GHC,1M,['RSI_OVERSOLD'],[80]
sp500,GIII,1M,,
sp500,GILD,1M,,
sp500,GIS,1M,"['RSI_OVERSOLD', 'rebound', 'RSI_OVERSOLD']","[95, 38, 8]"
sp500,GKOS,1M,,
sp500,GL,1M,,
sp500,GLPI,1M,,
sp500,GLW,1M,,
sp500,GM,1M,,
sp500,GME,1M,"['RSI_OVERSOLD', 'engulfing']","[91, 86]"
sp500,GMED,1M,,
sp500,GNL,1M,,
sp500,GNRC,1M,['hammer'],[47]
sp500,GNTX,1M,['engulfing'],[17]
sp500,GNW,1M,,
sp500,GO,1M,['RSI_OVERSOLD'],[25]
sp500,GOLF,1M,,
sp500,GOOG,1M,,
sp500,GOOGL,1M,,
sp500,GPC,1M,,
sp500,GPI,1M,,
sp500,GPK,1M,"['RSI_OVERSOLD', 'RSI_OVERSOLD']","[10, 2]"
sp500,GPN,1M,,
sp500,GPOR,1M,,
sp500,GRBK,1M,,
sp500,GRMN,1M,,
sp500,GS,1M,,
sp500,GSHD,1M,,
sp500,GT,1M,['RSI_OVERSOLD'],[80]
sp500,GTES,1M,,
sp500,GTM,1M,['RSI_OVERSOLD'],[6]
sp500,GTY,1M,,
sp500,GVA,1M,['rebound'],[56]
sp500,GWRE,1M,,
sp500,GWW,1M,,
sp500,GXO,1M,,
sp500,H,1M,,
sp500,HAE,1M,,
sp500,HAFC,1M,,
sp500,HAL,1M,"['RSI_OVERSOLD', 'inverted_hammer']","[80, 25]"
sp500,HALO,1M,,
sp500,HAS,1M,"['hammer', 'hammer']","[48, 44]"
sp500,HASI,1M,,
sp500,HAYW,1M,,
sp500,HBAN,1M,,
sp500,HCA,1M,,
sp500,HCC,1M,,
sp500,HCI,1M,['hammer'],[49]
sp500,HCSG,1M,['hammer'],[59]
sp500,HD,1M,['rebound'],[1]
sp500,HE,1M,"['RSI_OVERSOLD', 'engulfing']","[39, 35]"
sp500,HFWA,1M,,
sp500,HGV,1M,,
sp500,HIG,1M,,
sp500,HII,1M,,
sp500,HIMS,1M,['engulfing'],[53]
sp500,HIW,1M,,
sp500,HL,1M,['engulfing'],[94]
sp500,HLI,1M,,
sp500,HLIT,1M,,
sp500,HLNE,1M,,
sp500,HLT,1M,,
sp500,HMN,1M,,
sp500,HNI,1M,,
sp500,HOG,1M,['RSI_OVERSOLD'],[80]
sp500,HOMB,1M,,
sp500,HON,1M,,
sp500,HONA,1M,,
sp500,HOOD,1M,['rebound'],[59]
sp500,HOPE,1M,,
sp500,HP,1M,"['RSI_OVERSOLD', 'rebound', 'hammer']","[80, 59, 20]"
sp500,HPE,1M,['engulfing'],[77]
sp500,HPQ,1M,['engulfing'],[8]
sp500,HQY,1M,,
sp500,HR,1M,,
sp500,HRB,1M,,
sp500,HRL,1M,"['RSI_OVERSOLD', 'RSI_OVERSOLD']","[36, 13]"
sp500,HRMY,1M,,
sp500,HSIC,1M,['rebound'],[36]
sp500,HST,1M,,
sp500,HSTM,1M,,
sp500,HSY,1M,,
sp500,HTH,1M,['hammer'],[97]
sp500,HTLD,1M,,
sp500,HTO,1M,,
sp500,HUBB,1M,['rebound'],[102]
sp500,HUBG,1M,,
sp500,HUM,1M,['rebound'],[25]
sp500,HWC,1M,,
sp500,HWKN,1M,,
sp500,HWM,1M,,
sp500,HXL,1M,"['RSI_OVERSOLD', 'engulfing']","[79, 78]"
sp500,HZO,1M,,
sp500,IART,1M,"['RSI_OVERSOLD', 'engulfing']","[18, 16]"
sp500,IBKR,1M,,
sp500,IBM,1M,,
sp500,IBOC,1M,,
sp500,IBP,1M,,
sp500,ICE,1M,,
sp500,ICHR,1M,,
sp500,ICUI,1M,"['inverted_hammer', 'RSI_OVERSOLD', 'engulfing']","[50, 36, 35]"
sp500,IDA,1M,,
sp500,IDCC,1M,,
sp500,IDXX,1M,['rebound'],[30]
sp500,IESC,1M,,
sp500,IEX,1M,['rebound'],[36]
sp500,IFF,1M,"['rebound', 'hammer']","[41, 37]"
sp500,IIPR,1M,"['inverted_hammer', 'inverted_hammer']","[42, 11]"
sp500,ILMN,1M,['RSI_OVERSOLD'],[36]
sp500,INCY,1M,['hammer'],[61]
sp500,INDB,1M,,
sp500,INDV,1M,['RSI_OVERSOLD'],[91]
sp500,INGR,1M,,
sp500,INSP,1M,['inverted_hammer'],[16]
sp500,INSW,1M,,
sp500,INTC,1M,['RSI_OVERSOLD'],[50]
sp500,INTU,1M,['RSI_OVERSOLD'],[5]
sp500,INVA,1M,,
sp500,INVH,1M,,
sp500,INVX,1M,['inverted_hammer'],[25]
sp500,IOSP,1M,,
sp500,IP,1M,,
sp500,IPAR,1M,,
sp500,IPGP,1M,['hammer'],[19]
sp500,IQV,1M,['rebound'],[36]
sp500,IR,1M,,
sp500,IRDM,1M,,
sp500,IRM,1M,,
sp500,IRT,1M,,
sp500,ISRG,1M,,
sp500,IT,1M,"['rebound', 'engulfing', 'RSI_OVERSOLD']","[15, 11, 9]"
sp500,ITGR,1M,,
sp500,ITRI,1M,,
sp500,ITT,1M,,
sp500,ITW,1M,,
sp500,IVT,1M,['RSI_OVERSOLD'],[63]
sp500,IVZ,1M,"['RSI_OVERSOLD', 'RSI_OVERSOLD']","[95, 80]"
sp500,J,1M,,
sp500,JAZZ,1M,,
sp500,JBGS,1M,['RSI_OVERSOLD'],[43]
sp500,JBHT,1M,,
sp500,JBL,1M,,
sp500,JBLU,1M,['RSI_OVERSOLD'],[50]
sp500,JBSS,1M,,
sp500,JBTM,1M,['rebound'],[96]
sp500,JCI,1M,,
sp500,JEF,1M,,
sp500,JJSF,1M,"['hammer', 'inverted_hammer', 'RSI_OVERSOLD', 'engulfing', 'RSI_OVERSOLD']","[21, 16, 14, 10, 8]"
sp500,JKHY,1M,,
sp500,JLL,1M,,
sp500,JNJ,1M,,
sp500,JOE,1M,,
sp500,JPM,1M,,
sp500,JXN,1M,,
sp500,KAI,1M,['rebound'],[30]
sp500,KALU,1M,,
sp500,KBH,1M,,
sp500,KBR,1M,,
sp500,KD,1M,,
sp500,KDP,1M,,
sp500,KEX,1M,,
sp500,KEY,1M,,
sp500,KEYS,1M,,
sp500,KFY,1M,,
sp500,KGS,1M,,
sp500,KHC,1M,"['inverted_hammer', 'RSI_OVERSOLD', 'RSI_OVERSOLD', 'hammer', 'hammer']","[99, 96, 93, 92, 10]"
sp500,KIM,1M,"['rebound', 'RSI_OVERSOLD']","[105, 80]"
sp500,KKR,1M,,
sp500,KLAC,1M,,
sp500,KLIC,1M,,
sp500,KMB,1M,,
sp500,KMI,1M,,
sp500,KMPR,1M,"['RSI_OVERSOLD', 'RSI_OVERSOLD']","[9, 6]"
sp500,KMT,1M,,
sp500,KMX,1M,['hammer'],[12]
sp500,KN,1M,,
sp500,KNF,1M,,
sp500,KNSL,1M,,
sp500,KNTK,1M,['engulfing'],[76]
sp500,KNX,1M,,
sp500,KO,1M,,
sp500,KOP,1M,['RSI_OVERSOLD'],[95]
sp500,KR,1M,,
sp500,KRC,1M,"['RSI_OVERSOLD', 'RSI_OVERSOLD']","[73, 43]"
sp500,KRG,1M,,
sp500,KRMN,1M,,
sp500,KRYS,1M,,
sp500,KSS,1M,"['RSI_OVERSOLD', 'engulfing', 'inverted_hammer']","[80, 75, 51]"
sp500,KTB,1M,['rebound'],[79]
sp500,KTOS,1M,,
sp500,KVUE,1M,,
sp500,KWR,1M,,
sp500,L,1M,['engulfing'],[77]
sp500,LAD,1M,,
sp500,LAMR,1M,,
sp500,LAUR,1M,,
sp500,LAZ,1M,,
sp500,LBRT,1M,['RSI_OVERSOLD'],[80]
sp500,LCII,1M,,
sp500,LDOS,1M,,
sp500,LEA,1M,['hammer'],[19]
sp500,LECO,1M,,
sp500,LEN,1M,,
sp500,LEU,1M,,
sp500,LFST,1M,['rebound'],[15]
sp500,LFUS,1M,,
sp500,LGIH,1M,,
sp500,LGND,1M,,
sp500,LH,1M,,
sp500,LHX,1M,,
sp500,LIF,1M,,
sp500,LII,1M,,
sp500,LIN,1M,,
sp500,LITE,1M,,
sp500,LIVN,1M,"['hammer', 'hammer']","[74, 19]"
sp500,LKFN,1M,['rebound'],[42]
sp500,LKQ,1M,,
sp500,LLY,1M,,
sp500,LMAT,1M,,
sp500,LMT,1M,,
sp500,LNC,1M,['inverted_hammer'],[50]
sp500,LNN,1M,,
sp500,LNT,1M,,
sp500,LNTH,1M,,
sp500,LOPE,1M,,
sp500,LOW,1M,,
sp500,LPG,1M,,
sp500,LPX,1M,,
sp500,LQDA,1M,,
sp500,LQDT,1M,,
sp500,LRCX,1M,,
sp500,LRN,1M,,
sp500,LSCC,1M,,
sp500,LSTR,1M,,
sp500,LTC,1M,,
sp500,LTH,1M,,
sp500,LULU,1M,,
sp500,LUMN,1M,"['RSI_OVERSOLD', 'RSI_OVERSOLD', 'hammer']","[90, 45, 36]"
sp500,LUV,1M,,
sp500,LVS,1M,['hammer'],[19]
sp500,LW,1M,,
sp500,LXP,1M,,
sp500,LYB,1M,"['RSI_OVERSOLD', 'hammer', 'RSI_OVERSOLD', 'engulfing']","[19, 15, 14, 12]"
sp500,LYFT,1M,"['RSI_OVERSOLD', 'RSI_OVERSOLD', 'RSI_OVERSOLD', 'engulfing']","[53, 50, 48, 43]"
sp500,LYV,1M,,
sp500,LZ,1M,['RSI_OVERSOLD'],[28]
sp500,LZB,1M,,
sp500,M,1M,"['RSI_OVERSOLD', 'RSI_OVERSOLD']","[80, 74]"
sp500,MA,1M,,
sp500,MAA,1M,,
sp500,MAC,1M,,
sp500,MAN,1M,"['RSI_OVERSOLD', 'engulfing', 'RSI_OVERSOLD']","[18, 16, 14]"
sp500,MANH,1M,,
sp500,MAR,1M,,
sp500,MARA,1M,"['RSI_OVERSOLD', 'engulfing']","[90, 78]"
sp500,MAS,1M,,
sp500,MAT,1M,,
sp500,MATW,1M,['engulfing'],[76]
sp500,MATX,1M,['inverted_hammer'],[14]
sp500,MBC,1M,,
sp500,MBGL,1M,,
sp500,MBIN,1M,,
sp500,MC,1M,,
sp500,MCD,1M,,
sp500,MCHP,1M,"['engulfing', 'hammer']","[21, 19]"
sp500,MCK,1M,,
sp500,MCO,1M,,
sp500,MCRI,1M,,
sp500,MCY,1M,['RSI_OVERSOLD'],[51]
sp500,MD,1M,"['RSI_OVERSOLD', 'RSI_OVERSOLD']","[92, 81]"
sp500,MDLZ,1M,,
sp500,MDT,1M,['rebound'],[59]
sp500,MDU,1M,,
sp500,MEDP,1M,,
sp500,MET,1M,,
sp500,META,1M,"['engulfing', 'RSI_OVERSOLD']","[51, 49]"
sp500,MFP,1M,,
sp500,MGEE,1M,,
sp500,MGM,1M,['RSI_OVERSOLD'],[80]
sp500,MGY,1M,,
sp500,MHK,1M,['RSI_OVERSOLD'],[80]
sp500,MHO,1M,,
sp500,MIDD,1M,['RSI_OVERSOLD'],[80]
sp500,MIR,1M,['RSI_OVERSOLD'],[53]
sp500,MKC,1M,['rebound'],[1]
sp500,MKSI,1M,['engulfing'],[47]
sp500,MKTX,1M,,
sp500,MLI,1M,,
sp500,MLKN,1M,"['hammer', 'RSI_OVERSOLD']","[76, 50]"
sp500,MLM,1M,,
sp500,MMI,1M,,
sp500,MMM,1M,,
sp500,MMS,1M,,
sp500,MMSI,1M,,
sp500,MNST,1M,,
sp500,MO,1M,,
sp500,MOG-A,1M,,
sp500,MOH,1M,"['RSI_OVERSOLD', 'hammer']","[16, 12]"
sp500,MORN,1M,"['RSI_OVERSOLD', 'RSI_OVERSOLD']","[8, 5]"
sp500,MOS,1M,['hammer'],[26]
sp500,MP,1M,,
sp500,MPC,1M,,
sp500,MPT,1M,"['hammer', 'RSI_OVERSOLD']","[42, 34]"
sp500,MPWR,1M,,
sp500,MRCY,1M,,
sp500,MRK,1M,,
sp500,MRNA,1M,"['hammer', 'hammer']","[19, 12]"
sp500,MRP,1M,,
sp500,MRSH,1M,,
sp500,MRTN,1M,['RSI_OVERSOLD'],[13]
sp500,MRVL,1M,,
sp500,MS,1M,,
sp500,MSA,1M,,
sp500,MSCI,1M,,
sp500,MSEX,1M,,
sp500,MSFT,1M,,
sp500,MSGS,1M,,
sp500,MSI,1M,,
sp500,MSM,1M,,
sp500,MTB,1M,,
sp500,MTCH,1M,['rebound'],[36]
sp500,MTD,1M,,
sp500,MTDR,1M,['RSI_OVERSOLD'],[80]
sp500,MTG,1M,,
sp500,MTH,1M,,
sp500,MTN,1M,,
sp500,MTRN,1M,,
sp500,MTSI,1M,,
sp500,MTUS,1M,,
sp500,MTX,1M,,
sp500,MTZ,1M,['rebound'],[36]
sp500,MU,1M,,
sp500,MUR,1M,,
sp500,MUSA,1M,,
sp500,MWA,1M,,
sp500,MXL,1M,,
sp500,MYRG,1M,,
sp500,MZTI,1M,,
sp500,NABL,1M,"['RSI_OVERSOLD', 'RSI_OVERSOLD']","[9, 6]"
sp500,NATL,1M,,
sp500,NAVI,1M,,
sp500,NBHC,1M,['hammer'],[42]
sp500,NBIX,1M,,
sp500,NBTB,1M,,
sp500,NCLH,1M,"['RSI_OVERSOLD', 'engulfing']","[80, 75]"
sp500,NDAQ,1M,,
sp500,NDSN,1M,,
sp500,NE,1M,,
sp500,NEE,1M,['hammer'],[37]
sp500,NEM,1M,,
sp500,NEO,1M,['RSI_OVERSOLD'],[56]
sp500,NEOG,1M,"['RSI_OVERSOLD', 'RSI_OVERSOLD', 'RSI_OVERSOLD', 'inverted_hammer', 'engulfing']","[47, 19, 17, 16, 15]"
sp500,NEU,1M,,
sp500,NFG,1M,,
sp500,NFLX,1M,['RSI_OVERSOLD'],[55]
sp500,NGVT,1M,,
sp500,NHC,1M,,
sp500,NHI,1M,,
sp500,NI,1M,,
sp500,NIC,1M,,
sp500,NJR,1M,,
sp500,NKE,1M,"['rebound', 'RSI_OVERSOLD']","[7, 3]"
sp500,NLY,1M,,
sp500,NMIH,1M,,
sp500,NNN,1M,,
sp500,NOC,1M,,
sp500,NOG,1M,,
sp500,NOV,1M,"['RSI_OVERSOLD', 'RSI_OVERSOLD']","[80, 73]"
sp500,NOVT,1M,,
sp500,NOW,1M,"['inverted_hammer', 'RSI_OVERSOLD']","[51, 7]"
sp500,NPK,1M,,
sp500,NPO,1M,,
sp500,NRG,1M,,
sp500,NSC,1M,,
sp500,NSIT,1M,['RSI_OVERSOLD'],[8]
sp500,NSP,1M,"['hammer', 'RSI_OVERSOLD', 'RSI_OVERSOLD']","[15, 13, 9]"
sp500,NSSC,1M,['hammer'],[19]
sp500,NTAP,1M,,
sp500,NTCT,1M,,
sp500,NTNX,1M,,
sp500,NTRS,1M,,
sp500,NTST,1M,,
sp500,NUE,1M,,
sp500,NVDA,1M,,
sp500,NVR,1M,['hammer'],[6]
sp500,NVST,1M,['engulfing'],[35]
sp500,NVT,1M,,
sp500,NWBI,1M,['RSI_OVERSOLD'],[79]
sp500,NWE,1M,,
sp500,NWL,1M,['RSI_OVERSOLD'],[99]
sp500,NWN,1M,,
sp500,NWS,1M,,
sp500,NWSA,1M,,
sp500,NX,1M,['inverted_hammer'],[21]
sp500,NXPI,1M,,
sp500,NXRT,1M,['hammer'],[49]
sp500,NXST,1M,,
sp500,NXT,1M,,
sp500,NYT,1M,,
sp500,O,1M,,
sp500,OC,1M,['inverted_hammer'],[98]
sp500,ODFL,1M,,
sp500,OFG,1M,,
sp500,OGE,1M,,
sp500,OGN,1M,['rebound'],[18]
sp500,OGS,1M,,
sp500,OHI,1M,,
sp500,OI,1M,['rebound'],[36]
sp500,OII,1M,,
sp500,OKE,1M,['RSI_OVERSOLD'],[80]
sp500,OKTA,1M,['RSI_OVERSOLD'],[50]
sp500,OLED,1M,,
sp500,OLLI,1M,['hammer'],[80]
sp500,OLN,1M,['rebound'],[97]
sp500,OMC,1M,,
sp500,OMCL,1M,"['RSI_OVERSOLD', 'hammer', 'engulfing']","[48, 36, 35]"
sp500,ON,1M,['hammer'],[19]
sp500,ONB,1M,,
sp500,ONTO,1M,,
sp500,OPCH,1M,,
sp500,OPLN,1M,,
sp500,ORA,1M,,
sp500,ORCL,1M,,
sp500,ORI,1M,,
sp500,ORLY,1M,,
sp500,OSIS,1M,,
sp500,OSK,1M,,
sp500,OSW,1M,['RSI_OVERSOLD'],[80]
sp500,OTIS,1M,,
sp500,OTTR,1M,,
sp500,OUT,1M,['hammer'],[37]
sp500,OVV,1M,"['rebound', 'hammer', 'engulfing']","[96, 89, 86]"
sp500,OXY,1M,"['RSI_OVERSOLD', 'engulfing', 'RSI_OVERSOLD', 'inverted_hammer']","[80, 77, 75, 25]"
sp500,OZK,1M,,
sp500,P,1M,,
sp500,PAG,1M,,
sp500,PAHC,1M,['rebound'],[5]
sp500,PANW,1M,,
sp500,PARR,1M,['RSI_OVERSOLD'],[80]
sp500,PATH,1M,,
sp500,PATK,1M,,
sp500,PAYC,1M,"['rebound', 'inverted_hammer', 'engulfing']","[36, 11, 7]"
sp500,PAYO,1M,['engulfing'],[54]
sp500,PAYX,1M,,
sp500,PB,1M,['rebound'],[1]
sp500,PBF,1M,['inverted_hammer'],[25]
sp500,PBH,1M,['rebound'],[105]
sp500,PBI,1M,"['hammer, rebound']",[57]
sp500,PCAR,1M,,
sp500,PCG,1M,['RSI_OVERSOLD'],[96]
sp500,PCRX,1M,"['hammer', 'RSI_OVERSOLD']","[46, 27]"
sp500,PCTY,1M,['hammer'],[7]
sp500,PDFS,1M,,
sp500,PEB,1M,"['RSI_OVERSOLD', 'RSI_OVERSOLD']","[80, 76]"
sp500,PECO,1M,,
sp500,PEG,1M,,
sp500,PEGA,1M,['RSI_OVERSOLD'],[53]
sp500,PEN,1M,,
sp500,PENG,1M,,
sp500,PENN,1M,,
sp500,PEP,1M,,
sp500,PFBC,1M,,
sp500,PFE,1M,,
sp500,PFG,1M,,
sp500,PFGC,1M,,
sp500,PFS,1M,"['RSI_OVERSOLD', 'RSI_OVERSOLD']","[80, 78]"
sp500,PG,1M,,
sp500,PGNY,1M,,
sp500,PGR,1M,,
sp500,PH,1M,,
sp500,PHIN,1M,,
sp500,PHM,1M,,
sp500,PI,1M,,
sp500,PII,1M,['RSI_OVERSOLD'],[20]
sp500,PINS,1M,,
sp500,PIPR,1M,,
sp500,PJT,1M,,
sp500,PK,1M,"['RSI_OVERSOLD', 'RSI_OVERSOLD']","[80, 76]"
sp500,PKG,1M,,
sp500,PLAB,1M,,
sp500,PLD,1M,,
sp500,PLMR,1M,,
sp500,PLNT,1M,,
sp500,PLTR,1M,,
sp500,PLUS,1M,,
sp500,PLXS,1M,,
sp500,PM,1M,['engulfing'],[101]
sp500,PMT,1M,"['RSI_OVERSOLD', 'rebound']","[80, 1]"
sp500,PNC,1M,,
sp500,PNFP,1M,,
sp500,PNR,1M,,
sp500,PNW,1M,,
sp500,PODD,1M,,
sp500,POOL,1M,,
sp500,POR,1M,,
sp500,POST,1M,,
sp500,POWI,1M,,
sp500,POWL,1M,,
sp500,PPC,1M,,
sp500,PPG,1M,['rebound'],[56]
sp500,PPL,1M,,
sp500,PPLI,1M,,
sp500,PR,1M,"['hammer', 'RSI_OVERSOLD', 'RSI_OVERSOLD', 'RSI_OVERSOLD']","[89, 85, 80, 77]"
sp500,PRDO,1M,,
sp500,PRG,1M,['hammer'],[49]
sp500,PRGO,1M,"['RSI_OVERSOLD', 'RSI_OVERSOLD', 'RSI_OVERSOLD', 'RSI_OVERSOLD']","[95, 12, 8, 5]"
sp500,PRGS,1M,['RSI_OVERSOLD'],[8]
sp500,PRI,1M,,
sp500,PRIM,1M,,
sp500,PRK,1M,,
sp500,PRKS,1M,,
sp500,PRLB,1M,,
sp500,PRSU,1M,"['RSI_OVERSOLD', 'RSI_OVERSOLD']","[80, 78]"
sp500,PRU,1M,,
sp500,PRVA,1M,,
sp500,PSA,1M,,
sp500,PSKY,1M,['RSI_OVERSOLD'],[80]
sp500,PSMT,1M,,
sp500,PSN,1M,,
sp500,PSX,1M,,
sp500,PTC,1M,,
sp500,PTCT,1M,,
sp500,PTEN,1M,"['inverted_hammer', 'RSI_OVERSOLD', 'inverted_hammer']","[86, 80, 18]"
sp500,PTGX,1M,,
sp500,PTON,1M,,
sp500,PVH,1M,,
sp500,PWR,1M,,
sp500,PYPL,1M,['RSI_OVERSOLD'],[53]
sp500,PZZA,1M,,
sp500,Q,1M,,
sp500,QCOM,1M,,
sp500,QDEL,1M,"['rebound', 'RSI_OVERSOLD']","[28, 7]"
sp500,QLYS,1M,,
sp500,QNST,1M,,
sp500,QRVO,1M,,
sp500,QTWO,1M,"['RSI_OVERSOLD', 'RSI_OVERSOLD']","[53, 44]"
sp500,R,1M,,
sp500,RAL,1M,,
sp500,RAMP,1M,,
sp500,RBA,1M,,
sp500,RBC,1M,,
sp500,RCL,1M,['RSI_OVERSOLD'],[80]
sp500,RCUS,1M,,
sp500,RDDT,1M,,
sp500,RDN,1M,,
sp500,RDNT,1M,,
sp500,REG,1M,['RSI_OVERSOLD'],[80]
sp500,REGN,1M,['hammer'],[19]
sp500,RELY,1M,,
sp500,RES,1M,['RSI_OVERSOLD'],[88]
sp500,REX,1M,,
sp500,REXR,1M,,
sp500,REYN,1M,,
sp500,REZI,1M,,
sp500,RF,1M,,
sp500,RGA,1M,['RSI_OVERSOLD'],[80]
sp500,RGEN,1M,,
sp500,RGLD,1M,,
sp500,RH,1M,,
sp500,RHI,1M,['RSI_OVERSOLD'],[16]
sp500,RHP,1M,"['RSI_OVERSOLD', 'engulfing']","[80, 75]"
sp500,RITM,1M,['RSI_OVERSOLD'],[80]
sp500,RJF,1M,,
sp500,RL,1M,['inverted_hammer'],[74]
sp500,RLI,1M,,
sp500,RMBS,1M,,
sp500,RMD,1M,,
sp500,RNG,1M,"['RSI_OVERSOLD', 'inverted_hammer', 'engulfing']","[54, 50, 42]"
sp500,RNR,1M,['rebound'],[51]
sp500,RNST,1M,,
sp500,ROAD,1M,,
sp500,ROCK,1M,,
sp500,ROG,1M,['RSI_OVERSOLD'],[48]
sp500,ROIV,1M,,
sp500,ROK,1M,,
sp500,ROKU,1M,,
sp500,ROL,1M,"['rebound', 'RSI_OVERSOLD']","[5, 2]"
sp500,ROP,1M,['RSI_OVERSOLD'],[10]
sp500,ROST,1M,,
sp500,RPM,1M,,
sp500,RRC,1M,,
sp500,RRR,1M,['RSI_OVERSOLD'],[80]
sp500,RRX,1M,,
sp500,RS,1M,,
sp500,RSG,1M,,
sp500,RSI,1M,,
sp500,RTX,1M,,
sp500,RUN,1M,,
sp500,RUSHA,1M,,
sp500,RVTY,1M,,
sp500,RXO,1M,,
sp500,RYAN,1M,,
sp500,RYN,1M,,
sp500,SABR,1M,['RSI_OVERSOLD'],[81]
sp500,SAFE,1M,['engulfing'],[36]
sp500,SAFT,1M,,
sp500,SAH,1M,,
sp500,SAIA,1M,,
sp500,SAIC,1M,,
sp500,SAM,1M,,
sp500,SANM,1M,['rebound'],[97]
sp500,SARO,1M,,
sp500,SBAC,1M,,
sp500,SBCF,1M,['hammer'],[42]
sp500,SBH,1M,,
sp500,SBRA,1M,,
sp500,SBSI,1M,,
sp500,SBUX,1M,,
sp500,SCHL,1M,['engulfing'],[21]
sp500,SCHW,1M,['engulfing'],[42]
sp500,SCI,1M,,
sp500,SCL,1M,"['RSI_OVERSOLD', 'RSI_OVERSOLD']","[19, 14]"
sp500,SCSC,1M,,
sp500,SDGR,1M,,
sp500,SEDG,1M,"['RSI_OVERSOLD', 'hammer', 'engulfing']","[29, 26, 21]"
sp500,SEI,1M,,
sp500,SEIC,1M,,
sp500,SEZL,1M,,
sp500,SF,1M,,
sp500,SFBS,1M,,
sp500,SFM,1M,,
sp500,SFNC,1M,,
sp500,SGI,1M,,
sp500,SHAK,1M,,
sp500,SHC,1M,,
sp500,SHEN,1M,,
sp500,SHO,1M,,
sp500,SHOO,1M,['RSI_OVERSOLD'],[19]
sp500,SHW,1M,,
sp500,SIG,1M,['RSI_OVERSOLD'],[87]
sp500,SIGI,1M,,
sp500,SIRI,1M,"['rebound', 'hammer']","[44, 19]"
sp500,SITM,1M,,
sp500,SJM,1M,,
sp500,SKT,1M,"['RSI_OVERSOLD', 'RSI_OVERSOLD', 'engulfing']","[87, 81, 77]"
sp500,SKY,1M,,
sp500,SKYW,1M,,
sp500,SLAB,1M,,
sp500,SLB,1M,"['RSI_OVERSOLD', 'RSI_OVERSOLD', 'inverted_hammer']","[96, 80, 18]"
sp500,SLG,1M,['RSI_OVERSOLD'],[80]
sp500,SLGN,1M,['rebound'],[1]
sp500,SLM,1M,,
sp500,SLVM,1M,,
sp500,SM,1M,"['engulfing', 'RSI_OVERSOLD', 'engulfing']","[86, 80, 10]"
sp500,SMCI,1M,,
sp500,SMG,1M,['RSI_OVERSOLD'],[50]
sp500,SMP,1M,,
sp500,SMPL,1M,['RSI_OVERSOLD'],[13]
sp500,SMTC,1M,,
sp500,SN,1M,,
sp500,SNA,1M,,
sp500,SNDK,1M,,
sp500,SNDR,1M,,
sp500,SNEX,1M,,
sp500,SNPS,1M,,
sp500,SNX,1M,,
sp500,SO,1M,,
sp500,SOLS,1M,,
sp500,SOLV,1M,,
sp500,SON,1M,,
sp500,SONO,1M,,
sp500,SPG,1M,"['RSI_OVERSOLD', 'engulfing', 'RSI_OVERSOLD']","[80, 77, 74]"
sp500,SPGI,1M,['rebound'],[13]
sp500,SPHR,1M,,
sp500,SPNT,1M,,
sp500,SPSC,1M,"['engulfing', 'RSI_OVERSOLD']","[11, 9]"
sp500,SPXC,1M,,
sp500,SR,1M,['rebound'],[105]
sp500,SRE,1M,,
sp500,SRPT,1M,"['hammer', 'RSI_OVERSOLD', 'engulfing', 'hammer']","[19, 18, 15, 12]"
sp500,SSB,1M,,
sp500,SSD,1M,,
sp500,ST,1M,,
sp500,STAA,1M,,
sp500,STAG,1M,,
sp500,STBA,1M,,
sp500,STC,1M,,
sp500,STE,1M,,
sp500,STEP,1M,,
sp500,STLD,1M,,
sp500,STRA,1M,,
sp500,STRL,1M,,
sp500,STT,1M,,
sp500,STWD,1M,['RSI_OVERSOLD'],[80]
sp500,STX,1M,,
sp500,STZ,1M,"['RSI_OVERSOLD', 'engulfing']","[14, 12]"
sp500,SUI,1M,,
sp500,SUPN,1M,,
sp500,SW,1M,['hammer'],[12]
sp500,SWK,1M,['RSI_OVERSOLD'],[51]
sp500,SWKS,1M,['hammer'],[19]
sp500,SWX,1M,,
sp500,SXI,1M,,
sp500,SXT,1M,"['hammer', 'hammer', 'engulfing']","[39, 37, 36]"
sp500,SYF,1M,,
sp500,SYK,1M,,
sp500,SYNA,1M,,
sp500,SYY,1M,,
sp500,T,1M,,
sp500,TALO,1M,,
sp500,TAP,1M,"['hammer', 'RSI_OVERSOLD']","[97, 77]"
sp500,TBBK,1M,['rebound'],[117]
sp500,TCBI,1M,['RSI_OVERSOLD'],[80]
sp500,TDC,1M,,
sp500,TDG,1M,,
sp500,TDS,1M,,
sp500,TDW,1M,['engulfing'],[77]
sp500,TDY,1M,,
sp500,TECH,1M,,
sp500,TEL,1M,,
sp500,TER,1M,,
sp500,TEX,1M,,
sp500,TFC,1M,['hammer'],[42]
sp500,TFIN,1M,,
sp500,TFX,1M,['hammer'],[49]
sp500,TGT,1M,"['rebound', 'engulfing']","[41, 17]"
sp500,TGTX,1M,['engulfing'],[52]
sp500,THC,1M,,
sp500,THG,1M,,
sp500,THO,1M,,
sp500,THRM,1M,['engulfing'],[18]
sp500,TILE,1M,,
sp500,TJX,1M,,
sp500,TKO,1M,,
sp500,TKR,1M,,
sp500,TLN,1M,,
sp500,TMDX,1M,,
sp500,TMO,1M,,
sp500,TMP,1M,,
sp500,TMUS,1M,,
sp500,TNC,1M,,
sp500,TNDM,1M,['rebound'],[111]
sp500,TNL,1M,,
sp500,TOL,1M,,
sp500,TOST,1M,['RSI_OVERSOLD'],[37]
sp500,TPC,1M,,
sp500,TPL,1M,,
sp500,TPR,1M,['RSI_OVERSOLD'],[80]
sp500,TR,1M,,
sp500,TREX,1M,['inverted_hammer'],[50]
sp500,TRGP,1M,['RSI_OVERSOLD'],[80]
sp500,TRIP,1M,['RSI_OVERSOLD'],[80]
sp500,TRMB,1M,,
sp500,TRMK,1M,,
sp500,TRN,1M,,
sp500,TRNO,1M,,
sp500,TROW,1M,,
sp500,TRST,1M,,
sp500,TRU,1M,,
sp500,TRUP,1M,['inverted_hammer'],[41]
sp500,TRV,1M,,
sp500,TSCO,1M,,
sp500,TSLA,1M,,
sp500,TSN,1M,['hammer'],[44]
sp500,TT,1M,,
sp500,TTC,1M,"['rebound', 'inverted_hammer']","[61, 37]"
sp500,TTD,1M,['engulfing'],[7]
sp500,TTEK,1M,,
sp500,TTMI,1M,,
sp500,TTWO,1M,,
sp500,TWLO,1M,"['RSI_OVERSOLD', 'RSI_OVERSOLD']","[51, 48]"
sp500,TXN,1M,,
sp500,TXNM,1M,['RSI_OVERSOLD'],[34]
sp500,TXRH,1M,,
sp500,TXT,1M,,
sp500,TYL,1M,"['hammer', 'RSI_OVERSOLD']","[9, 8]"
sp500,UA,1M,,
sp500,UAA,1M,,
sp500,UAL,1M,['RSI_OVERSOLD'],[80]
sp500,UBER,1M,,
sp500,UBSI,1M,,
sp500,UCB,1M,,
sp500,UCTT,1M,,
sp500,UDR,1M,,
sp500,UE,1M,['RSI_OVERSOLD'],[80]
sp500,UFCS,1M,['RSI_OVERSOLD'],[74]
sp500,UFPI,1M,,
sp500,UFPT,1M,,
sp500,UGI,1M,['RSI_OVERSOLD'],[80]
sp500,UHS,1M,,
sp500,ULS,1M,,
sp500,ULTA,1M,,
sp500,UMBF,1M,,
sp500,UNF,1M,,
sp500,UNFI,1M,['RSI_OVERSOLD'],[95]
sp500,UNH,1M,,
sp500,UNIT,1M,"['engulfing', 'rebound']","[42, 1]"
sp500,UNM,1M,,
sp500,UNP,1M,,
sp500,UPBD,1M,,
sp500,UPS,1M,,
sp500,UPWK,1M,,
sp500,URBN,1M,['RSI_OVERSOLD'],[80]
sp500,URI,1M,,
sp500,USB,1M,,
sp500,USFD,1M,['RSI_OVERSOLD'],[80]
sp500,USLM,1M,,
sp500,USPH,1M,,
sp500,UTHR,1M,,
sp500,UTI,1M,,
sp500,UTL,1M,['hammer'],[75]
sp500,UUUU,1M,,
sp500,UVV,1M,,
sp500,V,1M,,
sp500,VAC,1M,,
sp500,VAL,1M,,
sp500,VC,1M,['rebound'],[1]
sp500,VCEL,1M,,
sp500,VCTR,1M,,
sp500,VCYT,1M,,
sp500,VECO,1M,,
sp500,VEEV,1M,,
sp500,VFC,1M,"['RSI_OVERSOLD', 'RSI_OVERSOLD', 'RSI_OVERSOLD', 'RSI_OVERSOLD', 'RSI_OVERSOLD']","[50, 47, 45, 38, 31]"
sp500,VGNT,1M,,
sp500,VIAV,1M,,
sp500,VICI,1M,['rebound'],[1]
sp500,VICR,1M,['rebound'],[97]
sp500,VIR,1M,,
sp500,VIRT,1M,"['inverted_hammer', 'rebound']","[45, 13]"
sp500,VLO,1M,,
sp500,VLTO,1M,,
sp500,VLY,1M,,
sp500,VMC,1M,,
sp500,VMI,1M,,
sp500,VMRK,1M,['rebound'],[36]
sp500,VNO,1M,"['RSI_OVERSOLD', 'hammer', 'RSI_OVERSOLD']","[80, 49, 42]"
sp500,VNOM,1M,['RSI_OVERSOLD'],[80]
sp500,VNT,1M,,
sp500,VOYA,1M,,
sp500,VRRM,1M,['RSI_OVERSOLD'],[6]
sp500,VRSK,1M,['RSI_OVERSOLD'],[6]
sp500,VRSN,1M,,
sp500,VRT,1M,,
sp500,VRTS,1M,,
sp500,VRTX,1M,,
sp500,VSAT,1M,['RSI_OVERSOLD'],[80]
sp500,VSEC,1M,,
sp500,VSH,1M,,
sp500,VSNT,1M,,
sp500,VST,1M,,
sp500,VSTS,1M,"['rebound', 'RSI_OVERSOLD', 'engulfing']","[19, 18, 13]"
sp500,VSXY,1M,,
sp500,VTOL,1M,,
sp500,VTR,1M,['RSI_OVERSOLD'],[80]
sp500,VTRS,1M,"['RSI_OVERSOLD', 'hammer']","[90, 19]"
sp500,VVV,1M,,
sp500,VVX,1M,,
sp500,VYX,1M,,
sp500,VZ,1M,,
sp500,WAB,1M,,
sp500,WABC,1M,['rebound'],[33]
sp500,WAFD,1M,,
sp500,WAL,1M,,
sp500,WAT,1M,,
sp500,WAY,1M,,
sp500,WBD,1M,,
sp500,WCC,1M,,
sp500,WD,1M,,
sp500,WDAY,1M,"['rebound', 'RSI_OVERSOLD']","[30, 9]"
sp500,WDC,1M,['hammer'],[98]
sp500,WDFC,1M,,
sp500,WEC,1M,,
sp500,WELL,1M,,
sp500,WEN,1M,"['RSI_OVERSOLD', 'RSI_OVERSOLD', 'RSI_OVERSOLD']","[18, 16, 14]"
sp500,WERN,1M,,
sp500,WEX,1M,,
sp500,WFC,1M,"['hammer', 'RSI_OVERSOLD']","[78, 77]"
sp500,WFRD,1M,['inverted_hammer'],[21]
sp500,WGO,1M,['hammer'],[95]
sp500,WH,1M,['RSI_OVERSOLD'],[80]
sp500,WHD,1M,,
sp500,WHR,1M,,
sp500,WINA,1M,,
sp500,WING,1M,,
sp500,WKC,1M,,
sp500,WLK,1M,"['hammer', 'rebound']","[12, 4]"
sp500,WLY,1M,,
sp500,WM,1M,,
sp500,WMB,1M,,
sp500,WMG,1M,,
sp500,WMS,1M,,
sp500,WMT,1M,,
sp500,WOR,1M,,
sp500,WPC,1M,,
sp500,WRB,1M,,
sp500,WRBY,1M,,
sp500,WRLD,1M,,
sp500,WS,1M,,
sp500,WSBC,1M,,
sp500,WSC,1M,['hammer'],[12]
sp500,WSFS,1M,,
sp500,WSM,1M,,
sp500,WSO,1M,['inverted_hammer'],[11]
sp500,WST,1M,['engulfing'],[17]
sp500,WT,1M,"['rebound', 'RSI_OVERSOLD']","[99, 80]"
sp500,WTFC,1M,['RSI_OVERSOLD'],[80]
sp500,WTRG,1M,['hammer'],[37]
sp500,WTS,1M,,
sp500,WTW,1M,,
sp500,WU,1M,['engulfing'],[42]
sp500,WWD,1M,,
sp500,WWW,1M,['engulfing'],[36]
sp500,WY,1M,['rebound'],[1]
sp500,WYNN,1M,,
sp500,XEL,1M,,
sp500,XHR,1M,['RSI_OVERSOLD'],[80]
sp500,XNCR,1M,,
sp500,XOM,1M,"['RSI_OVERSOLD', 'inverted_hammer', 'RSI_OVERSOLD']","[80, 75, 74]"
sp500,XPEL,1M,,
sp500,XPO,1M,,
sp500,XRAY,1M,['RSI_OVERSOLD'],[50]
sp500,XYL,1M,,
sp500,XYZ,1M,,
sp500,YELP,1M,,
sp500,YETI,1M,,
sp500,YOU,1M,,
sp500,YUM,1M,,
sp500,ZBH,1M,,
sp500,ZBRA,1M,['inverted_hammer'],[9]
sp500,ZD,1M,,
sp500,ZION,1M,,
sp500,ZTS,1M,['RSI_OVERSOLD'],[6]
sp500,ZWS,1M,,
crypto,0G-USD,1d,"['engulfing', 'RSI_OVERSOLD', 'rebound', 'engulfing']","[289, 130, 122, 113]"
crypto,1INCH-USD,1d,"['RSI_OVERSOLD', 'RSI_OVERSOLD', 'RSI_OVERSOLD', 'RSI_OVERSOLD', 'rebound']","[359, 246, 241, 124, 121]"
crypto,2Z-USD,1d,['RSI_OVERSOLD'],[50]
crypto,A7A5-USD,1d,['RSI_OVERSOLD'],[419]
crypto,AAVE-USD,1d,"['hammer', 'RSI_OVERSOLD', 'RSI_OVERSOLD', 'RSI_OVERSOLD', 'rebound']","[589, 547, 244, 127, 124]"
crypto,AB-USD,1d,"['RSI_OVERSOLD', 'RSI_OVERSOLD', 'rebound', 'hammer', 'engulfing']","[690, 609, 601, 546, 96]"
crypto,ACU36492-USD,1d,,
crypto,ADA-USD,1d,"['rebound', 'hammer', 'RSI_OVERSOLD', 'rebound', 'engulfing']","[243, 132, 127, 125, 103]"
crypto,ADI38185-USD,1d,"['hammer', 'RSI_OVERSOLD', 'hammer', 'hammer']","[140, 129, 124, 3]"
crypto,AIOZ-USD,1d,"['RSI_OVERSOLD', 'RSI_OVERSOLD', 'RSI_OVERSOLD', 'RSI_OVERSOLD', 'RSI_OVERSOLD']","[355, 338, 320, 280, 124]"
crypto,AKE-USD,1d,,
crypto,AKT-USD,1d,"['RSI_OVERSOLD', 'RSI_OVERSOLD', 'RSI_OVERSOLD', 'engulfing', 'rebound']","[612, 472, 362, 360, 337]"
crypto,ALCH-USD,1d,"['RSI_OVERSOLD', 'RSI_OVERSOLD', 'rebound', 'rebound', 'engulfing']","[412, 410, 409, 406, 375]"
crypto,ALGO-USD,1d,"['RSI_OVERSOLD', 'hammer', 'RSI_OVERSOLD', 'RSI_OVERSOLD', 'RSI_OVERSOLD']","[841, 797, 362, 337, 244]"
crypto,ALLO-USD,1d,"['RSI_OVERSOLD', 'rebound', 'engulfing']","[261, 249, 241]"
crypto,ALT29073-USD,1d,"['engulfing', 'hammer', 'RSI_OVERSOLD', 'RSI_OVERSOLD', 'RSI_OVERSOLD']","[835, 618, 612, 362, 248]"
crypto,ANSEM-USD,1d,,
crypto,ANVL-USD,1d,['RSI_OVERSOLD'],[124]
crypto,APE-USD,1d,"['RSI_OVERSOLD', 'RSI_OVERSOLD', 'RSI_OVERSOLD', 'RSI_OVERSOLD', 'RSI_OVERSOLD']","[362, 320, 249, 242, 218]"
crypto,APT21794-USD,1d,"['RSI_OVERSOLD', 'engulfing', 'rebound', 'RSI_OVERSOLD', 'rebound']","[249, 247, 243, 126, 124]"
crypto,AR-USD,1d,"['RSI_OVERSOLD', 'rebound', 'RSI_OVERSOLD', 'hammer', 'engulfing']","[251, 244, 224, 221, 219]"
crypto,ARB11841-USD,1d,"['RSI_OVERSOLD', 'rebound', 'hammer', 'RSI_OVERSOLD', 'engulfing']","[251, 246, 229, 127, 122]"
crypto,ARC23486-USD,1d,"['RSI_OVERSOLD', 'RSI_OVERSOLD', 'rebound', 'hammer', 'hammer']","[824, 794, 793, 766, 481]"
crypto,ARKM-USD,1d,"['RSI_OVERSOLD', 'engulfing', 'RSI_OVERSOLD', 'RSI_OVERSOLD', 'RSI_OVERSOLD']","[362, 360, 310, 244, 67]"
crypto,ARRR-USD,1d,"['RSI_OVERSOLD', 'engulfing', 'inverted_hammer', 'RSI_OVERSOLD', 'RSI_OVERSOLD']","[1228, 1226, 1106, 565, 50]"
crypto,ASTER36341-USD,1d,"['RSI_OVERSOLD', 'RSI_OVERSOLD', 'RSI_OVERSOLD']","[294, 260, 244]"
crypto,ASTR-USD,1d,"['RSI_OVERSOLD', 'hammer', 'RSI_OVERSOLD', 'rebound', 'RSI_OVERSOLD']","[612, 582, 553, 548, 125]"
crypto,ATOM-USD,1d,"['hammer', 'RSI_OVERSOLD', 'engulfing', 'RSI_OVERSOLD', 'RSI_OVERSOLD']","[804, 761, 759, 362, 338]"
crypto,ATOM,1d,,
crypto,AURORA14803-USD,1d,"['RSI_OVERSOLD', 'RSI_OVERSOLD', 'RSI_OVERSOLD', 'engulfing', 'engulfing']","[361, 347, 187, 81, 78]"
crypto,AVAX-USD,1d,"['RSI_OVERSOLD', 'engulfing', 'rebound', 'RSI_OVERSOLD', 'rebound']","[249, 247, 243, 127, 124]"
crypto,AWE-USD,1d,['RSI_OVERSOLD'],[320]
crypto,AXS-USD,1d,"['engulfing', 'RSI_OVERSOLD', 'RSI_OVERSOLD', 'RSI_OVERSOLD', 'RSI_OVERSOLD']","[546, 472, 362, 338, 293]"
crypto,AXS,1d,,
crypto,BABY32198-USD,1d,"['RSI_OVERSOLD', 'RSI_OVERSOLD', 'rebound']","[337, 245, 244]"
crypto,BABYDOGE-USD,1d,,
crypto,BANANAS31-USD,1d,"['RSI_OVERSOLD', 'engulfing']","[362, 360]"
crypto,BAT-USD,1d,"['hammer, RSI_OVERSOLD', 'RSI_OVERSOLD', 'RSI_OVERSOLD', 'RSI_OVERSOLD', 'engulfing']","[824, 793, 547, 472, 53]"
crypto,BCH-USD,1d,"['rebound', 'RSI_OVERSOLD', 'rebound', 'hammer', 'hammer']","[243, 142, 133, 106, 54]"
crypto,BDX-USD,1d,"['RSI_OVERSOLD', 'RSI_OVERSOLD', 'RSI_OVERSOLD', 'rebound', 'engulfing']","[1227, 1122, 118, 117, 34]"
crypto,BEAM28298-USD,1d,"['engulfing', 'RSI_OVERSOLD', 'RSI_OVERSOLD', 'RSI_OVERSOLD', 'RSI_OVERSOLD']","[575, 474, 337, 293, 125]"
crypto,BERA-USD,1d,"['engulfing', 'RSI_OVERSOLD', 'hammer', 'rebound', 'RSI_OVERSOLD']","[518, 495, 481, 251, 70]"
crypto,BGB-USD,1d,"['RSI_OVERSOLD', 'RSI_OVERSOLD', 'hammer', 'RSI_OVERSOLD', 'RSI_OVERSOLD']","[793, 588, 548, 338, 188]"
crypto,BIM-USD,1d,"['RSI_OVERSOLD', 'engulfing']","[1116, 122]"
crypto,BLUR-USD,1d,"['RSI_OVERSOLD', 'engulfing', 'engulfing', 'rebound', 'RSI_OVERSOLD']","[362, 360, 336, 251, 111]"
crypto,BNB-USD,1d,"['RSI_OVERSOLD', 'hammer', 'RSI_OVERSOLD', 'RSI_OVERSOLD', 'rebound']","[793, 327, 320, 249, 245]"
crypto,BOME-USD,1d,"['rebound', 'hammer', 'RSI_OVERSOLD', 'RSI_OVERSOLD', 'RSI_OVERSOLD']","[612, 611, 362, 337, 244]"
crypto,BONK-USD,1d,"['RSI_OVERSOLD', 'rebound', 'RSI_OVERSOLD', 'RSI_OVERSOLD, rebound', 'RSI_OVERSOLD']","[249, 243, 132, 124, 83]"
crypto,BORG-USD,1d,"['rebound', 'RSI_OVERSOLD', 'RSI_OVERSOLD', 'rebound', 'RSI_OVERSOLD']","[243, 132, 128, 124, 72]"
crypto,BRZ-USD,1d,"['RSI_OVERSOLD', 'engulfing', 'RSI_OVERSOLD', 'RSI_OVERSOLD', 'engulfing']","[362, 360, 289, 123, 121]"
crypto,BSV-USD,1d,"['RSI_OVERSOLD', 'rebound', 'RSI_OVERSOLD', 'rebound', 'engulfing']","[246, 244, 125, 123, 122]"
crypto,BTC-USD,1d,"['engulfing', 'rebound', 'RSI_OVERSOLD', 'rebound', 'engulfing']","[247, 244, 127, 124, 122]"
crypto,BTC,1d,,
crypto,BTG-USD,1d,"['engulfing', 'RSI_OVERSOLD', 'rebound', 'hammer', 'RSI_OVERSOLD']","[1766, 1734, 1719, 889, 563]"
crypto,BTG,1d,,
crypto,BTT-USD,1d,"['RSI_OVERSOLD', 'RSI_OVERSOLD', 'RSI_OVERSOLD', 'RSI_OVERSOLD']","[2207, 1768, 1609, 1462]"
crypto,BULLA36769-USD,1d,,
crypto,CAKE-USD,1d,"['RSI_OVERSOLD', 'RSI_OVERSOLD', 'engulfing', 'rebound', 'RSI_OVERSOLD']","[294, 249, 247, 243, 124]"
crypto,CAKE,1d,,
crypto,CASHCAT-USD,1d,,
crypto,CELO-USD,1d,"['RSI_OVERSOLD', 'hammer', 'engulfing', 'engulfing', 'RSI_OVERSOLD']","[576, 372, 317, 131, 125]"
crypto,CFG-USD,1d,"['engulfing', 'rebound', 'engulfing', 'RSI_OVERSOLD', 'rebound']","[247, 243, 53, 48, 37]"
crypto,CFX-USD,1d,"['engulfing', 'hammer', 'RSI_OVERSOLD', 'engulfing', 'rebound']","[336, 250, 249, 247, 243]"
crypto,CHEEMS33280-USD,1d,,
crypto,CHZ-USD,1d,"['hammer', 'RSI_OVERSOLD', 'RSI_OVERSOLD', 'RSI_OVERSOLD', 'RSI_OVERSOLD']","[824, 473, 362, 125, 99]"
crypto,CKB-USD,1d,"['RSI_OVERSOLD', 'RSI_OVERSOLD', 'RSI_OVERSOLD', 'RSI_OVERSOLD', 'RSI_OVERSOLD']","[362, 249, 244, 127, 125]"
crypto,COCO39131-USD,1d,"['RSI_OVERSOLD', 'rebound']","[139, 124]"
crypto,CRCLB-USD,1d,"['RSI_OVERSOLD', 'engulfing']","[99, 97]"
crypto,CRCLON-USD,1d,"['rebound', 'RSI_OVERSOLD', 'engulfing', 'RSI_OVERSOLD', 'engulfing']","[245, 124, 122, 99, 97]"
crypto,CRCLX-USD,1d,"['rebound', 'rebound', 'RSI_OVERSOLD', 'RSI_OVERSOLD', 'engulfing']","[245, 244, 124, 99, 97]"
crypto,CRO-USD,1d,"['RSI_OVERSOLD', 'RSI_OVERSOLD, rebound', 'engulfing', 'RSI_OVERSOLD', 'rebound']","[250, 244, 190, 61, 60]"
crypto,CRV-USD,1d,"['hammer', 'RSI_OVERSOLD', 'RSI_OVERSOLD', 'rebound', 'RSI_OVERSOLD']","[824, 362, 249, 243, 124]"
crypto,CTC-USD,1d,"['RSI_OVERSOLD', 'RSI_OVERSOLD, rebound', 'engulfing', 'RSI_OVERSOLD', 'rebound']","[377, 362, 247, 127, 124]"
crypto,CVX-USD,1d,"['RSI_OVERSOLD', 'RSI_OVERSOLD', 'RSI_OVERSOLD', 'RSI_OVERSOLD', 'rebound']","[846, 362, 127, 125, 124]"
crypto,DASH-USD,1d,"['rebound', 'RSI_OVERSOLD', 'RSI_OVERSOLD', 'RSI_OVERSOLD', 'hammer']","[1609, 1307, 1215, 841, 835]"
crypto,DASH,1d,"['hammer, RSI_OVERSOLD', 'RSI_OVERSOLD']","[10, 7]"
crypto,DCR-USD,1d,"['rebound', 'RSI_OVERSOLD', 'RSI_OVERSOLD', 'rebound', 'RSI_OVERSOLD']","[794, 197, 127, 124, 50]"
crypto,DEXE-USD,1d,"['engulfing', 'RSI_OVERSOLD', 'RSI_OVERSOLD', 'RSI_OVERSOLD', 'RSI_OVERSOLD']","[986, 554, 492, 78, 46]"
crypto,DGAI-USD,1d,,
crypto,DGB-USD,1d,"['RSI_OVERSOLD', 'RSI_OVERSOLD', 'RSI_OVERSOLD', 'rebound', 'RSI_OVERSOLD, rebound']","[159, 132, 127, 124, 121]"
crypto,DIEM-USD,1d,['hammer'],[247]
crypto,DOGE-USD,1d,"['RSI_OVERSOLD', 'RSI_OVERSOLD', 'rebound', 'RSI_OVERSOLD', 'rebound']","[249, 244, 243, 127, 124]"
crypto,DOT-USD,1d,"['RSI_OVERSOLD', 'RSI_OVERSOLD', 'rebound', 'RSI_OVERSOLD', 'RSI_OVERSOLD']","[310, 249, 243, 127, 125]"
crypto,DUSK-USD,1d,"['RSI_OVERSOLD', 'hammer', 'engulfing', 'hammer', 'RSI_OVERSOLD']","[825, 824, 792, 656, 481]"
crypto,DYDX-USD,1d,"['RSI_OVERSOLD', 'hammer', 'RSI_OVERSOLD', 'rebound', 'RSI_OVERSOLD']","[362, 300, 249, 243, 52]"
crypto,EDGE39720-USD,1d,['RSI_OVERSOLD'],[127]
crypto,EGLD-USD,1d,"['rebound', 'RSI_OVERSOLD', 'RSI_OVERSOLD', 'rebound', 'hammer']","[293, 127, 125, 124, 105]"
crypto,EIGEN-USD,1d,"['RSI_OVERSOLD', 'RSI_OVERSOLD']","[279, 248]"
crypto,ELF-USD,1d,"['hammer', 'RSI_OVERSOLD', 'rebound', 'RSI_OVERSOLD', 'RSI_OVERSOLD']","[364, 362, 355, 125, 104]"
crypto,ELG-USD,1d,"['engulfing', 'hammer', 'hammer', 'engulfing', 'engulfing']","[832, 675, 673, 666, 653]"
crypto,ENA-USD,1d,"['RSI_OVERSOLD', 'RSI_OVERSOLD', 'engulfing']","[361, 320, 128]"
crypto,ENJ-USD,1d,"['RSI_OVERSOLD', 'hammer', 'RSI_OVERSOLD', 'RSI_OVERSOLD', 'engulfing']","[907, 618, 612, 362, 142]"
crypto,ENJ,1d,,
crypto,ENS-USD,1d,"['RSI_OVERSOLD', 'RSI_OVERSOLD', 'rebound', 'engulfing', 'RSI_OVERSOLD']","[337, 249, 244, 237, 125]"
crypto,EOS-USD,1d,"['RSI_OVERSOLD', 'engulfing', 'rebound', 'hammer', 'hammer']","[263, 257, 249, 132, 50]"
crypto,EOS,1d,,
crypto,ESP39548-USD,1d,['hammer'],[105]
crypto,ETC-USD,1d,"['RSI_OVERSOLD', 'RSI_OVERSOLD', 'RSI_OVERSOLD', 'engulfing', 'rebound']","[549, 362, 249, 247, 244]"
crypto,ETH-USD,1d,"['RSI_OVERSOLD', 'rebound', 'hammer', 'RSI_OVERSOLD', 'rebound']","[249, 244, 132, 127, 124]"
crypto,ETH,1d,,
crypto,ETHFI-USD,1d,"['RSI_OVERSOLD', 'RSI_OVERSOLD', 'engulfing', 'RSI_OVERSOLD', 'RSI_OVERSOLD']","[553, 249, 245, 244, 124]"
crypto,ETN-USD,1d,"['RSI_OVERSOLD', 'engulfing', 'hammer', 'engulfing', 'engulfing']","[846, 359, 336, 335, 237]"
crypto,FARTCOIN-USD,1d,"['hammer', 'RSI_OVERSOLD', 'hammer', 'RSI_OVERSOLD', 'RSI_OVERSOLD']","[319, 244, 142, 127, 125]"
crypto,FET-USD,1d,"['RSI_OVERSOLD', 'rebound', 'engulfing', 'RSI_OVERSOLD', 'hammer, RSI_OVERSOLD']","[363, 362, 353, 249, 70]"
crypto,FIL-USD,1d,"['RSI_OVERSOLD', 'RSI_OVERSOLD', 'RSI_OVERSOLD', 'RSI_OVERSOLD', 'engulfing']","[612, 472, 362, 249, 247]"
crypto,FLOKI-USD,1d,"['hammer', 'RSI_OVERSOLD', 'hammer', 'engulfing', 'RSI_OVERSOLD']","[618, 617, 586, 575, 124]"
crypto,FLOW-USD,1d,"['RSI_OVERSOLD', 'engulfing', 'RSI_OVERSOLD', 'RSI_OVERSOLD', 'rebound']","[337, 277, 251, 244, 200]"
crypto,FLR-USD,1d,"['RSI_OVERSOLD', 'RSI_OVERSOLD', 'RSI_OVERSOLD', 'RSI_OVERSOLD', 'RSI_OVERSOLD']","[296, 280, 244, 195, 127]"
crypto,FLUID-USD,1d,"['RSI_OVERSOLD', 'hammer', 'RSI_OVERSOLD', 'rebound', 'engulfing']","[694, 688, 644, 639, 197]"
crypto,FONQ-USD,1d,,
crypto,FUN-USD,1d,"['RSI_OVERSOLD', 'rebound', 'RSI_OVERSOLD', 'rebound', 'engulfing']","[260, 249, 181, 175, 173]"
crypto,GALA-USD,1d,,
crypto,GAS-USD,1d,"['RSI_OVERSOLD', 'RSI_OVERSOLD', 'RSI_OVERSOLD', 'rebound', 'RSI_OVERSOLD']","[337, 294, 127, 124, 106]"
crypto,GEKKO-USD,1d,['RSI_OVERSOLD'],[361]
crypto,GENIUS-USD,1d,['engulfing'],[79]
crypto,GEOD-USD,1d,"['rebound', 'RSI_OVERSOLD', 'RSI_OVERSOLD', 'RSI_OVERSOLD', 'RSI_OVERSOLD']","[546, 500, 468, 361, 244]"
crypto,GLM-USD,1d,"['RSI_OVERSOLD, rebound', 'RSI_OVERSOLD', 'RSI_OVERSOLD', 'RSI_OVERSOLD', 'engulfing']","[1215, 793, 362, 105, 103]"
crypto,GMX11857-USD,1d,"['RSI_OVERSOLD', 'engulfing', 'RSI_OVERSOLD', 'RSI_OVERSOLD', 'RSI_OVERSOLD']","[610, 575, 362, 338, 244]"
crypto,GNO-USD,1d,"['RSI_OVERSOLD', 'RSI_OVERSOLD', 'hammer', 'RSI_OVERSOLD', 'rebound']","[573, 244, 132, 127, 124]"
crypto,GOMINING-USD,1d,"['engulfing', 'engulfing', 'RSI_OVERSOLD']","[328, 323, 62]"
crypto,GPS-USD,1d,"['RSI_OVERSOLD', 'engulfing', 'rebound', 'RSI_OVERSOLD']","[419, 411, 392, 338]"
crypto,GRAM-USD,1d,"['RSI_OVERSOLD', 'RSI_OVERSOLD', 'RSI_OVERSOLD', 'RSI_OVERSOLD', 'RSI_OVERSOLD']","[591, 327, 214, 167, 163]"
crypto,GRASS32956-USD,1d,"['hammer', 'engulfing', 'RSI_OVERSOLD', 'engulfing', 'RSI_OVERSOLD']","[574, 471, 463, 245, 244]"
crypto,GT-USD,1d,"['RSI_OVERSOLD', 'RSI_OVERSOLD', 'RSI_OVERSOLD', 'rebound', 'RSI_OVERSOLD']","[1105, 824, 249, 245, 124]"
crypto,HBAR-USD,1d,"['RSI_OVERSOLD', 'RSI_OVERSOLD', 'engulfing', 'RSI_OVERSOLD', 'rebound']","[362, 249, 247, 244, 243]"
crypto,HNT-USD,1d,"['RSI_OVERSOLD', 'rebound', 'rebound', 'engulfing', 'engulfing']","[128, 125, 116, 69, 63]"
crypto,HOT-USD,1d,"['RSI_OVERSOLD', 'RSI_OVERSOLD', 'RSI_OVERSOLD', 'RSI_OVERSOLD', 'RSI_OVERSOLD']","[553, 549, 362, 337, 293]"
crypto,HTX-USD,1d,,
crypto,ICP-USD,1d,"['rebound', 'hammer', 'hammer', 'RSI_OVERSOLD', 'RSI_OVERSOLD, rebound']","[841, 824, 589, 377, 362]"
crypto,INJ-USD,1d,"['RSI_OVERSOLD', 'RSI_OVERSOLD', 'RSI_OVERSOLD', 'engulfing', 'engulfing']","[362, 338, 249, 247, 50]"
crypto,IOTA-USD,1d,"['RSI_OVERSOLD', 'hammer', 'RSI_OVERSOLD', 'RSI_OVERSOLD', 'RSI_OVERSOLD']","[841, 824, 361, 310, 296]"
crypto,IVVON-USD,1d,['RSI_OVERSOLD'],[191]
crypto,JASMY-USD,1d,"['RSI_OVERSOLD', 'RSI_OVERSOLD, rebound', 'RSI_OVERSOLD', 'RSI_OVERSOLD', 'RSI_OVERSOLD']","[377, 362, 244, 125, 50]"
crypto,JELLYJELLY-USD,1d,['RSI_OVERSOLD'],[187]
crypto,JST-USD,1d,"['RSI_OVERSOLD', 'RSI_OVERSOLD', 'RSI_OVERSOLD', 'engulfing', 'RSI_OVERSOLD']","[1610, 1577, 1428, 1306, 793]"
crypto,JTO-USD,1d,"['RSI_OVERSOLD', 'engulfing', 'RSI_OVERSOLD', 'RSI_OVERSOLD', 'rebound']","[362, 355, 328, 255, 243]"
crypto,JUP29210-USD,1d,"['RSI_OVERSOLD', 'RSI_OVERSOLD', 'RSI_OVERSOLD']","[841, 553, 362]"
crypto,KAIA-USD,1d,"['rebound', 'RSI_OVERSOLD', 'RSI_OVERSOLD', 'rebound', 'hammer']","[323, 294, 260, 251, 79]"
crypto,KAITO-USD,1d,"['RSI_OVERSOLD', 'RSI_OVERSOLD']","[56, 46]"
crypto,KAS-USD,1d,"['RSI_OVERSOLD', 'RSI_OVERSOLD', 'engulfing', 'RSI_OVERSOLD', 'rebound']","[337, 249, 247, 246, 243]"
crypto,KAVA-USD,1d,"['RSI_OVERSOLD', 'RSI_OVERSOLD', 'RSI_OVERSOLD', 'engulfing', 'engulfing']","[290, 226, 125, 122, 118]"
crypto,KCS-USD,1d,"['RSI_OVERSOLD', 'rebound', 'RSI_OVERSOLD', 'rebound', 'engulfing']","[245, 244, 127, 125, 122]"
crypto,KITE-USD,1d,,
crypto,KLAY-USD,1d,"['RSI_OVERSOLD', 'RSI_OVERSOLD', 'RSI_OVERSOLD', 'engulfing', 'RSI_OVERSOLD']","[260, 192, 104, 69, 52]"
crypto,KMNO-USD,1d,"['RSI_OVERSOLD', 'RSI_OVERSOLD']","[793, 223]"
crypto,KNTQ-USD,1d,,
crypto,KOGE-USD,1d,"['RSI_OVERSOLD', 'RSI_OVERSOLD', 'rebound', 'RSI_OVERSOLD', 'RSI_OVERSOLD']","[1122, 825, 824, 793, 611]"
crypto,KSM-USD,1d,"['RSI_OVERSOLD', 'rebound', 'RSI_OVERSOLD', 'rebound', 'engulfing']","[249, 243, 127, 123, 100]"
crypto,LDO-USD,1d,"['hammer', 'RSI_OVERSOLD', 'engulfing', 'rebound', 'RSI_OVERSOLD']","[582, 249, 247, 243, 125]"
crypto,LEO-USD,1d,"['RSI_OVERSOLD', 'RSI_OVERSOLD', 'RSI_OVERSOLD', 'engulfing', 'RSI_OVERSOLD']","[294, 244, 149, 122, 53]"
crypto,LINEA-USD,1d,"['RSI_OVERSOLD', 'engulfing', 'rebound', 'RSI_OVERSOLD', 'engulfing']","[260, 257, 246, 124, 122]"
crypto,LINK-USD,1d,"['RSI_OVERSOLD', 'hammer', 'RSI_OVERSOLD', 'RSI_OVERSOLD', 'rebound']","[588, 586, 320, 250, 247]"
crypto,LINK,1d,,
crypto,LPT-USD,1d,"['rebound', 'RSI_OVERSOLD', 'RSI_OVERSOLD', 'RSI_OVERSOLD', 'engulfing']","[2169, 907, 601, 362, 101]"
crypto,LSK-USD,1d,"['hammer', 'RSI_OVERSOLD', 'RSI_OVERSOLD', 'RSI_OVERSOLD', 'rebound']","[582, 362, 356, 249, 243]"
crypto,LTC-USD,1d,"['RSI_OVERSOLD', 'rebound', 'hammer', 'RSI_OVERSOLD', 'rebound']","[249, 243, 132, 127, 123]"
crypto,LTC,1d,,
crypto,LUNC-USD,1d,"['hammer', 'hammer', 'RSI_OVERSOLD', 'RSI_OVERSOLD', 'hammer']","[824, 618, 612, 362, 310]"
crypto,MANA-USD,1d,"['RSI_OVERSOLD', 'RSI_OVERSOLD', 'engulfing', 'RSI_OVERSOLD', 'rebound']","[825, 320, 292, 127, 124]"
crypto,MANA,1d,,
crypto,MARSCOIN-USD,1d,,
crypto,MEGA38770-USD,1d,,
crypto,MERL-USD,1d,"['RSI_OVERSOLD', 'RSI_OVERSOLD', 'rebound', 'rebound', 'RSI_OVERSOLD']","[263, 261, 257, 255, 104]"
crypto,MINA-USD,1d,"['RSI_OVERSOLD', 'RSI_OVERSOLD', 'RSI_OVERSOLD', 'RSI_OVERSOLD', 'RSI_OVERSOLD']","[549, 489, 362, 125, 105]"
crypto,MKR-USD,1d,"['inverted_hammer', 'RSI_OVERSOLD', 'hammer', 'RSI_OVERSOLD', 'RSI_OVERSOLD']","[792, 720, 611, 319, 123]"
crypto,MOG-USD,1d,"['hammer', 'RSI_OVERSOLD']","[582, 362]"
crypto,MON-USD,1d,"['RSI_OVERSOLD', 'rebound', 'RSI_OVERSOLD', 'RSI_OVERSOLD', 'engulfing']","[1441, 1437, 1420, 127, 125]"
crypto,MORPHO34104-USD,1d,['RSI_OVERSOLD'],[549]
crypto,MSTRB-USD,1d,,
crypto,MSTRX-USD,1d,"['rebound', 'engulfing', 'hammer', 'RSI_OVERSOLD', 'RSI_OVERSOLD']","[327, 323, 317, 120, 105]"
crypto,MX-USD,1d,"['engulfing', 'rebound', 'RSI_OVERSOLD', 'RSI_OVERSOLD', 'engulfing']","[247, 244, 227, 152, 120]"
crypto,NEAR-USD,1d,"['rebound', 'RSI_OVERSOLD', 'RSI_OVERSOLD', 'RSI_OVERSOLD', 'rebound']","[1147, 547, 472, 250, 244]"
crypto,NEAR,1d,['RSI_OVERSOLD'],[7]
crypto,NEO-USD,1d,"['RSI_OVERSOLD', 'RSI_OVERSOLD', 'RSI_OVERSOLD', 'rebound', 'RSI_OVERSOLD']","[249, 244, 126, 123, 56]"
crypto,NEO,1d,,
crypto,NEX39965-USD,1d,,
crypto,NEXO-USD,1d,"['rebound', 'RSI_OVERSOLD', 'RSI_OVERSOLD', 'engulfing', 'RSI_OVERSOLD']","[244, 127, 104, 100, 99]"
crypto,NIGHT-USD,1d,"['RSI_OVERSOLD', 'RSI_OVERSOLD', 'RSI_OVERSOLD', 'RSI_OVERSOLD', 'RSI_OVERSOLD']","[764, 758, 744, 509, 79]"
crypto,NIL35702-USD,1d,"['RSI_OVERSOLD', 'inverted_hammer', 'RSI_OVERSOLD', 'engulfing']","[320, 294, 195, 191]"
crypto,NILA-USD,1d,['hammer'],[180]
crypto,NMR-USD,1d,"['RSI_OVERSOLD', 'inverted_hammer', 'RSI_OVERSOLD', 'rebound', 'engulfing']","[907, 830, 827, 824, 792]"
crypto,NOCK-USD,1d,['RSI_OVERSOLD'],[244]
crypto,NXPC-USD,1d,"['RSI_OVERSOLD', 'RSI_OVERSOLD', 'RSI_OVERSOLD, rebound', 'RSI_OVERSOLD']","[408, 372, 362, 239]"
crypto,OHM-USD,1d,"['RSI_OVERSOLD', 'rebound', 'RSI_OVERSOLD', 'rebound', 'engulfing']","[202, 195, 124, 119, 115]"
crypto,OKB-USD,1d,"['RSI_OVERSOLD', 'RSI_OVERSOLD', 'engulfing', 'RSI_OVERSOLD', 'rebound']","[824, 338, 334, 249, 244]"
crypto,ONDO-USD,1d,"['RSI_OVERSOLD', 'RSI_OVERSOLD', 'RSI_OVERSOLD', 'RSI_OVERSOLD', 'rebound']","[362, 337, 249, 246, 243]"
crypto,ONE37166-USD,1d,,
crypto,ONT-USD,1d,"['hammer', 'RSI_OVERSOLD', 'RSI_OVERSOLD', 'RSI_OVERSOLD', 'RSI_OVERSOLD']","[824, 822, 362, 104, 70]"
crypto,OP-USD,1d,"['RSI_OVERSOLD', 'RSI_OVERSOLD', 'RSI_OVERSOLD', 'RSI_OVERSOLD', 'rebound']","[612, 362, 338, 249, 243]"
crypto,ORBIO42040-USD,1d,,
crypto,ORCA-USD,1d,"['engulfing', 'hammer', 'RSI_OVERSOLD', 'rebound', 'inverted_hammer']","[360, 320, 249, 243, 130]"
crypto,ORDI-USD,1d,"['RSI_OVERSOLD', 'RSI_OVERSOLD', 'RSI_OVERSOLD', 'engulfing', 'RSI_OVERSOLD']","[612, 553, 362, 360, 249]"
crypto,OZO-USD,1d,"['engulfing', 'RSI_OVERSOLD', 'engulfing', 'engulfing']","[1019, 938, 576, 573]"
crypto,PEAQ-USD,1d,"['RSI_OVERSOLD', 'RSI_OVERSOLD', 'RSI_OVERSOLD', 'rebound', 'inverted_hammer']","[477, 472, 250, 244, 206]"
crypto,PENDLE-USD,1d,"['RSI_OVERSOLD', 'RSI_OVERSOLD', 'engulfing', 'RSI_OVERSOLD', 'RSI_OVERSOLD']","[361, 337, 336, 327, 294]"
crypto,PENGU34466-USD,1d,"['engulfing', 'RSI_OVERSOLD', 'RSI_OVERSOLD']","[247, 244, 124]"
crypto,PEPE24478-USD,1d,"['hammer', 'hammer', 'RSI_OVERSOLD', 'hammer', 'RSI_OVERSOLD']","[472, 380, 362, 337, 310]"
crypto,PI35697-USD,1d,"['engulfing', 'rebound', 'RSI_OVERSOLD', 'rebound', 'engulfing']","[258, 255, 99, 90, 82]"
crypto,PIEVERSE-USD,1d,,
crypto,PLUME-USD,1d,"['RSI_OVERSOLD', 'RSI_OVERSOLD', 'engulfing', 'engulfing', 'rebound']","[496, 328, 315, 247, 200]"
crypto,PNUT-USD,1d,"['hammer', 'RSI_OVERSOLD', 'RSI_OVERSOLD', 'RSI_OVERSOLD', 'RSI_OVERSOLD']","[611, 362, 337, 320, 244]"
crypto,POLYX-USD,1d,"['rebound', 'hammer', 'RSI_OVERSOLD', 'RSI_OVERSOLD', 'engulfing']","[1147, 824, 362, 338, 336]"
crypto,PONS-USD,1d,,
crypto,PROM-USD,1d,"['RSI_OVERSOLD', 'RSI_OVERSOLD', 'rebound', 'RSI_OVERSOLD', 'engulfing']","[292, 264, 255, 142, 139]"
crypto,PUMP36507-USD,1d,,
crypto,PURR34332-USD,1d,"['engulfing', 'RSI_OVERSOLD', 'RSI_OVERSOLD']","[360, 320, 293]"
crypto,PYTH-USD,1d,"['RSI_OVERSOLD', 'RSI_OVERSOLD', 'RSI_OVERSOLD', 'RSI_OVERSOLD', 'RSI_OVERSOLD']","[793, 612, 310, 244, 199]"
crypto,QNT-USD,1d,"['engulfing', 'RSI_OVERSOLD', 'RSI_OVERSOLD', 'RSI_OVERSOLD', 'RSI_OVERSOLD']","[792, 547, 337, 244, 50]"
crypto,QRL-USD,1d,"['RSI_OVERSOLD', 'RSI_OVERSOLD', 'RSI_OVERSOLD', 'engulfing', 'RSI_OVERSOLD']","[825, 533, 193, 191, 157]"
crypto,QUBIC-USD,1d,"['RSI_OVERSOLD', 'hammer', 'RSI_OVERSOLD', 'RSI_OVERSOLD', 'hammer']","[626, 378, 377, 362, 249]"
crypto,RAIL-USD,1d,"['RSI_OVERSOLD', 'hammer', 'hammer', 'hammer', 'RSI_OVERSOLD']","[1179, 611, 548, 294, 90]"
crypto,RAIN38341-USD,1d,,
crypto,RAVE38967-USD,1d,"['RSI_OVERSOLD', 'rebound']","[28, 22]"
crypto,RAY-USD,1d,"['engulfing', 'RSI_OVERSOLD', 'RSI_OVERSOLD', 'rebound', 'RSI_OVERSOLD']","[360, 338, 249, 243, 125]"
crypto,RE-USD,1d,,
crypto,RED21707-USD,1d,"['RSI_OVERSOLD', 'RSI_OVERSOLD', 'hammer', 'hammer', 'engulfing']","[477, 474, 472, 217, 190]"
crypto,RENDER-USD,1d,"['RSI_OVERSOLD', 'engulfing', 'RSI_OVERSOLD', 'RSI_OVERSOLD', 'hammer']","[338, 292, 244, 58, 57]"
crypto,RIF-USD,1d,"['RSI_OVERSOLD', 'RSI_OVERSOLD', 'RSI_OVERSOLD', 'RSI_OVERSOLD', 'engulfing']","[362, 337, 310, 294, 292]"
crypto,RLB-USD,1d,"['RSI_OVERSOLD', 'rebound', 'rebound', 'RSI_OVERSOLD', 'RSI_OVERSOLD']","[480, 476, 475, 244, 195]"
crypto,ROSE-USD,1d,"['RSI_OVERSOLD', 'RSI_OVERSOLD', 'RSI_OVERSOLD', 'RSI_OVERSOLD', 'rebound']","[552, 472, 361, 126, 123]"
crypto,RSR-USD,1d,"['RSI_OVERSOLD', 'RSI_OVERSOLD', 'RSI_OVERSOLD', 'RSI_OVERSOLD', 'RSI_OVERSOLD']","[379, 362, 249, 244, 125]"
crypto,RUNE-USD,1d,"['RSI_OVERSOLD', 'RSI_OVERSOLD', 'RSI_OVERSOLD', 'rebound', 'RSI_OVERSOLD']","[362, 320, 249, 244, 125]"
crypto,SAND-USD,1d,"['RSI_OVERSOLD', 'RSI_OVERSOLD', 'RSI_OVERSOLD', 'rebound', 'RSI_OVERSOLD']","[590, 472, 362, 251, 125]"
crypto,SC-USD,1d,"['engulfing', 'RSI_OVERSOLD', 'RSI_OVERSOLD', 'rebound', 'engulfing']","[247, 244, 125, 124, 102]"
crypto,SEI-USD,1d,"['RSI_OVERSOLD', 'engulfing', 'rebound', 'engulfing', 'RSI_OVERSOLD']","[250, 247, 244, 97, 72]"
crypto,SENT38868-USD,1d,,
crypto,SFP-USD,1d,"['rebound', 'hammer', 'RSI_OVERSOLD', 'RSI_OVERSOLD', 'RSI_OVERSOLD']","[1215, 703, 244, 124, 104]"
crypto,SHFL-USD,1d,"['hammer', 'RSI_OVERSOLD', 'hammer', 'RSI_OVERSOLD']","[795, 794, 793, 663]"
crypto,SHIB-USD,1d,"['RSI_OVERSOLD', 'hammer', 'hammer', 'RSI_OVERSOLD', 'RSI_OVERSOLD']","[244, 243, 221, 218, 133]"
crypto,SHORT-USD,1d,,
crypto,SHX-USD,1d,"['engulfing', 'RSI_OVERSOLD', 'hammer', 'RSI_OVERSOLD', 'RSI_OVERSOLD']","[356, 337, 320, 244, 178]"
crypto,SKY33038-USD,1d,"['RSI_OVERSOLD', 'rebound', 'RSI_OVERSOLD', 'RSI_OVERSOLD', 'engulfing']","[337, 320, 124, 104, 57]"
crypto,SN120-USD,1d,,
crypto,SN3-USD,1d,"['RSI_OVERSOLD', 'RSI_OVERSOLD', 'RSI_OVERSOLD', 'hammer']","[401, 393, 244, 82]"
crypto,SN4-USD,1d,"['engulfing', 'hammer']","[400, 287]"
crypto,SN44-USD,1d,['engulfing'],[289]
crypto,SN51-USD,1d,"['RSI_OVERSOLD', 'rebound', 'RSI_OVERSOLD']","[255, 244, 126]"
crypto,SN53-USD,1d,"['hammer', 'RSI_OVERSOLD', 'rebound', 'engulfing']","[327, 259, 244, 122]"
crypto,SN64-USD,1d,"['engulfing', 'engulfing', 'RSI_OVERSOLD']","[430, 404, 238]"
crypto,SNX-USD,1d,"['RSI_OVERSOLD', 'RSI_OVERSOLD', 'RSI_OVERSOLD', 'engulfing', 'RSI_OVERSOLD']","[294, 244, 238, 237, 104]"
crypto,SOL-USD,1d,"['RSI_OVERSOLD', 'RSI_OVERSOLD', 'rebound', 'RSI_OVERSOLD', 'rebound']","[249, 246, 244, 127, 124]"
crypto,SOON36542-USD,1d,"['RSI_OVERSOLD', 'RSI_OVERSOLD', 'hammer', 'RSI_OVERSOLD']","[459, 202, 197, 181]"
crypto,SOSO-USD,1d,['RSI_OVERSOLD'],[117]
crypto,SPCXB-USD,1d,"['RSI_OVERSOLD', 'RSI_OVERSOLD']","[77, 68]"
crypto,SPX28081-USD,1d,"['hammer', 'RSI_OVERSOLD']","[687, 576]"
crypto,SPYX-USD,1d,['RSI_OVERSOLD'],[194]
crypto,STABLE38892-USD,1d,,
crypto,STONK42022-USD,1d,,
crypto,STRCX-USD,1d,"['RSI_OVERSOLD', 'rebound']","[112, 105]"
crypto,STRK-USD,1d,"['RSI_OVERSOLD', 'RSI_OVERSOLD', 'rebound', 'engulfing', 'engulfing']","[1967, 495, 490, 386, 356]"
crypto,SUN-USD,1d,"['RSI_OVERSOLD', 'engulfing', 'RSI_OVERSOLD', 'engulfing', 'rebound']","[124, 115, 50, 48, 38]"
crypto,SUSHI-USD,1d,"['RSI_OVERSOLD', 'engulfing', 'RSI_OVERSOLD', 'RSI_OVERSOLD', 'RSI_OVERSOLD']","[610, 575, 362, 244, 238]"
crypto,SYRUP-USD,1d,"['hammer', 'hammer', 'engulfing', 'RSI_OVERSOLD', 'rebound']","[661, 548, 307, 133, 127]"
crypto,TAG34958-USD,1d,"['RSI_OVERSOLD', 'RSI_OVERSOLD', 'engulfing']","[362, 244, 242]"
crypto,TEL-USD,1d,"['RSI_OVERSOLD', 'engulfing', 'RSI_OVERSOLD', 'engulfing', 'hammer']","[244, 190, 82, 80, 61]"
crypto,TFUEL-USD,1d,"['RSI_OVERSOLD', 'RSI_OVERSOLD', 'engulfing', 'RSI_OVERSOLD', 'RSI_OVERSOLD']","[362, 338, 288, 249, 244]"
crypto,THETA-USD,1d,"['RSI_OVERSOLD', 'RSI_OVERSOLD', 'RSI_OVERSOLD', 'RSI_OVERSOLD', 'RSI_OVERSOLD']","[362, 338, 310, 188, 124]"
crypto,TIA-USD,1d,"['RSI_OVERSOLD', 'engulfing', 'RSI_OVERSOLD', 'RSI_OVERSOLD', 'RSI_OVERSOLD']","[337, 314, 310, 249, 244]"
crypto,TOSHI27750-USD,1d,"['engulfing', 'engulfing', 'engulfing', 'RSI_OVERSOLD', 'engulfing']","[760, 578, 550, 287, 285]"
crypto,TRAC-USD,1d,"['inverted_hammer', 'RSI_OVERSOLD', 'RSI_OVERSOLD', 'hammer', 'RSI_OVERSOLD']","[1618, 1248, 1215, 1154, 244]"
crypto,TRB-USD,1d,"['RSI_OVERSOLD', 'hammer', 'RSI_OVERSOLD', 'RSI_OVERSOLD', 'engulfing']","[612, 611, 362, 249, 247]"
crypto,TREAD-USD,1d,,
crypto,TRUMP35336-USD,1d,"['engulfing', 'engulfing', 'rebound', 'RSI_OVERSOLD', 'engulfing']","[247, 209, 199, 124, 122]"
crypto,TRX-USD,1d,"['hammer', 'RSI_OVERSOLD', 'RSI_OVERSOLD', 'RSI_OVERSOLD', 'RSI_OVERSOLD']","[863, 338, 320, 244, 124]"
crypto,TRX,1d,,
crypto,TSLAX-USD,1d,"['RSI_OVERSOLD', 'RSI_OVERSOLD']","[260, 76]"
crypto,TURBO-USD,1d,"['engulfing', 'RSI_OVERSOLD', 'RSI_OVERSOLD', 'rebound', 'RSI_OVERSOLD']","[336, 324, 249, 243, 124]"
crypto,TWT-USD,1d,"['RSI_OVERSOLD', 'RSI_OVERSOLD', 'RSI_OVERSOLD', 'RSI_OVERSOLD, rebound', 'RSI_OVERSOLD']","[310, 293, 249, 244, 105]"
crypto,ULTIMA-USD,1d,"['RSI_OVERSOLD', 'hammer', 'engulfing', 'hammer', 'engulfing']","[364, 326, 321, 203, 100]"
crypto,UNP-USD,1d,['hammer'],[82]
crypto,UP41976-USD,1d,,
crypto,US-USD,1d,"['RSI_OVERSOLD', 'rebound', 'engulfing', 'RSI_OVERSOLD', 'RSI_OVERSOLD']","[255, 243, 224, 222, 54]"
crypto,USDC-USD,1d,"['RSI_OVERSOLD', 'RSI_OVERSOLD', 'rebound', 'RSI_OVERSOLD']","[2099, 1306, 1305, 503]"
crypto,USDC,1d,,
crypto,USDT-USD,1d,"['RSI_OVERSOLD', 'rebound', 'RSI_OVERSOLD', 'rebound', 'inverted_hammer']","[1610, 1609, 1428, 1427, 861]"
crypto,VELO-USD,1d,"['hammer', 'RSI_OVERSOLD', 'engulfing', 'hammer', 'RSI_OVERSOLD']","[618, 362, 360, 355, 321]"
crypto,VET-USD,1d,"['RSI_OVERSOLD', 'RSI_OVERSOLD', 'engulfing', 'RSI_OVERSOLD', 'RSI_OVERSOLD']","[337, 249, 247, 244, 125]"
crypto,VET,1d,,
crypto,VIRTUAL-USD,1d,"['RSI_OVERSOLD', 'rebound', 'RSI_OVERSOLD', 'engulfing', 'RSI_OVERSOLD']","[847, 846, 362, 360, 244]"
crypto,VTHO-USD,1d,"['rebound', 'RSI_OVERSOLD', 'RSI_OVERSOLD', 'rebound', 'hammer']","[280, 249, 244, 243, 71]"
crypto,WBT-USD,1d,"['RSI_OVERSOLD', 'engulfing', 'RSI_OVERSOLD', 'rebound', 'engulfing']","[249, 191, 128, 126, 122]"
crypto,WBTC-USD,1d,"['RSI_OVERSOLD', 'engulfing', 'rebound', 'RSI_OVERSOLD', 'rebound']","[249, 247, 244, 127, 124]"
crypto,WEMIX-USD,1d,"['RSI_OVERSOLD', 'RSI_OVERSOLD', 'rebound', 'RSI_OVERSOLD', 'engulfing']","[195, 117, 112, 73, 69]"
crypto,WIF-USD,1d,"['RSI_OVERSOLD', 'rebound', 'hammer', 'RSI_OVERSOLD', 'RSI_OVERSOLD']","[632, 617, 602, 362, 249]"
crypto,WLD-USD,1d,"['RSI_OVERSOLD', 'engulfing', 'RSI_OVERSOLD', 'hammer', 'RSI_OVERSOLD']","[907, 839, 793, 261, 194]"
crypto,XDC-USD,1d,"['RSI_OVERSOLD', 'hammer', 'RSI_OVERSOLD', 'RSI_OVERSOLD', 'engulfing']","[362, 355, 338, 245, 100]"
crypto,XEC-USD,1d,"['RSI_OVERSOLD', 'RSI_OVERSOLD, rebound', 'hammer', 'hammer', 'RSI_OVERSOLD']","[377, 362, 320, 246, 244]"
crypto,XEM-USD,1d,"['engulfing', 'RSI_OVERSOLD', 'RSI_OVERSOLD', 'rebound', 'RSI_OVERSOLD']","[835, 831, 371, 362, 259]"
crypto,XLM-USD,1d,"['RSI_OVERSOLD', 'RSI_OVERSOLD', 'RSI_OVERSOLD', 'RSI_OVERSOLD', 'rebound']","[472, 337, 320, 249, 244]"
crypto,XMR-USD,1d,"['hammer', 'RSI_OVERSOLD', 'RSI_OVERSOLD', 'rebound', 'RSI_OVERSOLD']","[824, 738, 736, 735, 426]"
crypto,XNO-USD,1d,"['RSI_OVERSOLD', 'RSI_OVERSOLD', 'RSI_OVERSOLD', 'engulfing', 'RSI_OVERSOLD']","[824, 553, 362, 247, 244]"
crypto,XPL-USD,1d,"['RSI_OVERSOLD', 'RSI_OVERSOLD']","[296, 244]"
crypto,XPR-USD,1d,"['rebound', 'engulfing', 'RSI_OVERSOLD', 'RSI_OVERSOLD', 'RSI_OVERSOLD']","[1609, 1377, 476, 322, 244]"
crypto,XRP-USD,1d,"['RSI_OVERSOLD', 'RSI_OVERSOLD', 'rebound', 'RSI_OVERSOLD', 'rebound']","[362, 249, 244, 127, 123]"
crypto,XRP,1d,,
crypto,XTZ-USD,1d,"['RSI_OVERSOLD', 'RSI_OVERSOLD', 'engulfing', 'RSI_OVERSOLD', 'engulfing']","[610, 542, 538, 362, 103]"
crypto,XVG-USD,1d,"['engulfing', 'RSI_OVERSOLD', 'RSI_OVERSOLD', 'RSI_OVERSOLD', 'RSI_OVERSOLD']","[1608, 1574, 1428, 1147, 125]"
crypto,XVS-USD,1d,"['hammer, rebound', 'engulfing', 'RSI_OVERSOLD', 'rebound', 'RSI_OVERSOLD']","[824, 606, 251, 238, 124]"
crypto,YFI-USD,1d,"['RSI_OVERSOLD', 'RSI_OVERSOLD', 'RSI_OVERSOLD', 'RSI_OVERSOLD', 'RSI_OVERSOLD']","[793, 612, 309, 249, 244]"
crypto,YZY-USD,1d,"['RSI_OVERSOLD', 'RSI_OVERSOLD', 'RSI_OVERSOLD']","[362, 256, 181]"
crypto,ZAMA-USD,1d,['engulfing'],[236]
crypto,ZANO-USD,1d,"['RSI_OVERSOLD', 'hammer', 'RSI_OVERSOLD', 'rebound', 'RSI_OVERSOLD']","[1055, 834, 224, 223, 69]"
crypto,ZBCN-USD,1d,"['RSI_OVERSOLD', 'hammer', 'RSI_OVERSOLD', 'hammer']","[825, 824, 246, 105]"
crypto,ZCAT-USD,1d,,
crypto,ZEC-USD,1d,"['engulfing', 'RSI_OVERSOLD', 'RSI_OVERSOLD', 'RSI_OVERSOLD', 'hammer']","[1575, 1429, 1215, 1147, 824]"
crypto,ZEN-USD,1d,"['RSI_OVERSOLD', 'hammer', 'hammer', 'RSI_OVERSOLD', 'engulfing']","[793, 611, 221, 124, 122]"
crypto,ZETA-USD,1d,"['rebound', 'hammer', 'RSI_OVERSOLD', 'RSI_OVERSOLD', 'engulfing']","[548, 372, 362, 125, 119]"
crypto,ZIG-USD,1d,"['rebound', 'engulfing', 'RSI_OVERSOLD', 'engulfing', 'RSI_OVERSOLD']","[251, 196, 187, 185, 56]"
crypto,ZIL-USD,1d,"['RSI_OVERSOLD', 'RSI_OVERSOLD', 'rebound', 'RSI_OVERSOLD', 'rebound']","[320, 125, 123, 80, 72]"
crypto,ZK24091-USD,1d,"['RSI_OVERSOLD', 'hammer']","[125, 69]"
crypto,ZRX-USD,1d,"['RSI_OVERSOLD', 'hammer', 'RSI_OVERSOLD', 'RSI_OVERSOLD', 'hammer']","[825, 824, 793, 362, 50]"
crypto,0G-USD,1w,,
crypto,1INCH-USD,1w,,
crypto,2Z-USD,1w,,
crypto,A7A5-USD,1w,,
crypto,AAVE-USD,1w,['engulfing'],[35]
crypto,AB-USD,1w,['rebound'],[88]
crypto,ACU36492-USD,1w,,
crypto,ADA-USD,1w,['RSI_OVERSOLD'],[19]
crypto,ADI38185-USD,1w,,
crypto,AIOZ-USD,1w,['hammer'],[49]
crypto,AKE-USD,1w,,
crypto,AKT-USD,1w,,
crypto,ALCH-USD,1w,['rebound'],[60]
crypto,ALGO-USD,1w,,
crypto,ALLO-USD,1w,,
crypto,ALT29073-USD,1w,,
crypto,ANSEM-USD,1w,,
crypto,ANVL-USD,1w,,
crypto,APE-USD,1w,"['engulfing', 'RSI_OVERSOLD']","[174, 172]"
crypto,APT21794-USD,1w,,
crypto,AR-USD,1w,['hammer'],[231]
crypto,ARB11841-USD,1w,,
crypto,ARC23486-USD,1w,,
crypto,ARKM-USD,1w,,
crypto,ARRR-USD,1w,['hammer'],[159]
crypto,ASTER36341-USD,1w,,
crypto,ASTR-USD,1w,['hammer'],[88]
crypto,ATOM-USD,1w,['hammer'],[49]
crypto,ATOM,1w,,
crypto,AURORA14803-USD,1w,['RSI_OVERSOLD'],[12]
crypto,AVAX-USD,1w,['RSI_OVERSOLD'],[17]
crypto,AWE-USD,1w,,
crypto,AXS-USD,1w,,
crypto,AXS,1w,,
crypto,BABY32198-USD,1w,['engulfing'],[48]
crypto,BABYDOGE-USD,1w,,
crypto,BANANAS31-USD,1w,,
crypto,BAT-USD,1w,,
crypto,BCH-USD,1w,['hammer'],[248]
crypto,BDX-USD,1w,"['hammer', 'inverted_hammer', 'RSI_OVERSOLD']","[248, 241, 202]"
crypto,BEAM28298-USD,1w,,
crypto,BERA-USD,1w,,
crypto,BGB-USD,1w,['engulfing'],[25]
crypto,BIM-USD,1w,,
crypto,BLUR-USD,1w,['engulfing'],[28]
crypto,BNB-USD,1w,,
crypto,BOME-USD,1w,['rebound'],[89]
crypto,BONK-USD,1w,,
crypto,BORG-USD,1w,,
crypto,BRZ-USD,1w,['RSI_OVERSOLD'],[340]
crypto,BSV-USD,1w,['RSI_OVERSOLD'],[205]
crypto,BTC-USD,1w,"['RSI_OVERSOLD', 'RSI_OVERSOLD']","[226, 36]"
crypto,BTC,1w,,
crypto,BTG-USD,1w,,
crypto,BTG,1w,,
crypto,BTT-USD,1w,['RSI_OVERSOLD'],[210]
crypto,BULLA36769-USD,1w,,
crypto,CAKE-USD,1w,['engulfing'],[239]
crypto,CAKE,1w,,
crypto,CASHCAT-USD,1w,,
crypto,CELO-USD,1w,['RSI_OVERSOLD'],[205]
crypto,CFG-USD,1w,['inverted_hammer'],[5]
crypto,CFX-USD,1w,,
crypto,CHEEMS33280-USD,1w,,
crypto,CHZ-USD,1w,,
crypto,CKB-USD,1w,,
crypto,COCO39131-USD,1w,,
crypto,CRCLB-USD,1w,,
crypto,CRCLON-USD,1w,,
crypto,CRCLX-USD,1w,"['RSI_OVERSOLD', 'RSI_OVERSOLD', 'hammer']","[47, 37, 36]"
crypto,CRO-USD,1w,"['hammer', 'rebound', 'RSI_OVERSOLD', 'RSI_OVERSOLD']","[209, 205, 204, 201]"
crypto,CRV-USD,1w,['engulfing'],[26]
crypto,CTC-USD,1w,"['rebound', 'RSI_OVERSOLD', 'engulfing']","[282, 168, 163]"
crypto,CVX-USD,1w,,
crypto,DASH-USD,1w,,
crypto,DASH,1w,,
crypto,DCR-USD,1w,"['hammer', 'rebound']","[116, 115]"
crypto,DEXE-USD,1w,['inverted_hammer'],[278]
crypto,DGAI-USD,1w,,
crypto,DGB-USD,1w,"['RSI_OVERSOLD', 'RSI_OVERSOLD']","[18, 16]"
crypto,DIEM-USD,1w,,
crypto,DOGE-USD,1w,,
crypto,DOT-USD,1w,['hammer'],[231]
crypto,DUSK-USD,1w,,
crypto,DYDX-USD,1w,['engulfing'],[29]
crypto,EDGE39720-USD,1w,,
crypto,EGLD-USD,1w,"['rebound', 'engulfing', 'engulfing']","[227, 49, 45]"
crypto,EIGEN-USD,1w,,
crypto,ELF-USD,1w,,
crypto,ELG-USD,1w,"['engulfing', 'engulfing', 'RSI_OVERSOLD', 'engulfing', 'engulfing']","[140, 137, 114, 110, 107]"
crypto,ENA-USD,1w,,
crypto,ENJ-USD,1w,['RSI_OVERSOLD'],[37]
crypto,ENJ,1w,,
crypto,ENS-USD,1w,,
crypto,EOS-USD,1w,,
crypto,EOS,1w,,
crypto,ESP39548-USD,1w,,
crypto,ETC-USD,1w,,
crypto,ETH-USD,1w,,
crypto,ETH,1w,,
crypto,ETHFI-USD,1w,,
crypto,ETN-USD,1w,['inverted_hammer'],[77]
crypto,FARTCOIN-USD,1w,,
crypto,FET-USD,1w,['engulfing'],[203]
crypto,FIL-USD,1w,,
crypto,FLOKI-USD,1w,,
crypto,FLOW-USD,1w,"['engulfing', 'engulfing']","[173, 32]"
crypto,FLR-USD,1w,,
crypto,FLUID-USD,1w,"['hammer', 'engulfing']","[167, 15]"
crypto,FONQ-USD,1w,,
crypto,FUN-USD,1w,['engulfing'],[46]
crypto,GALA-USD,1w,,
crypto,GAS-USD,1w,['rebound'],[80]
crypto,GEKKO-USD,1w,,
crypto,GENIUS-USD,1w,,
crypto,GEOD-USD,1w,,
crypto,GLM-USD,1w,,
crypto,GMX11857-USD,1w,,
crypto,GNO-USD,1w,,
crypto,GOMINING-USD,1w,,
crypto,GPS-USD,1w,,
crypto,GRAM-USD,1w,,
crypto,GRASS32956-USD,1w,,
crypto,GT-USD,1w,"['rebound', 'RSI_OVERSOLD']","[205, 19]"
crypto,HBAR-USD,1w,"['RSI_OVERSOLD', 'RSI_OVERSOLD']","[213, 205]"
crypto,HNT-USD,1w,['RSI_OVERSOLD'],[19]
crypto,HOT-USD,1w,"['rebound', 'RSI_OVERSOLD', 'engulfing', 'RSI_OVERSOLD']","[200, 44, 42, 37]"
crypto,HTX-USD,1w,,
crypto,ICP-USD,1w,['engulfing'],[259]
crypto,INJ-USD,1w,,
crypto,IOTA-USD,1w,['engulfing'],[28]
crypto,IVVON-USD,1w,,
crypto,JASMY-USD,1w,"['engulfing', 'engulfing', 'engulfing', 'RSI_OVERSOLD', 'rebound']","[274, 266, 262, 242, 208]"
crypto,JELLYJELLY-USD,1w,,
crypto,JST-USD,1w,,
crypto,JTO-USD,1w,,
crypto,JUP29210-USD,1w,,
crypto,KAIA-USD,1w,['hammer'],[49]
crypto,KAITO-USD,1w,,
crypto,KAS-USD,1w,,
crypto,KAVA-USD,1w,"['RSI_OVERSOLD', 'engulfing', 'inverted_hammer']","[53, 49, 29]"
crypto,KCS-USD,1w,"['rebound', 'hammer']","[205, 114]"
crypto,KITE-USD,1w,,
crypto,KLAY-USD,1w,,
crypto,KMNO-USD,1w,,
crypto,KNTQ-USD,1w,,
crypto,KOGE-USD,1w,,
crypto,KSM-USD,1w,"['RSI_OVERSOLD', 'engulfing']","[205, 50]"
crypto,LDO-USD,1w,['engulfing'],[223]
crypto,LEO-USD,1w,,
crypto,LINEA-USD,1w,,
crypto,LINK-USD,1w,['hammer'],[114]
crypto,LINK,1w,,
crypto,LPT-USD,1w,"['engulfing', 'inverted_hammer']","[338, 307]"
crypto,LSK-USD,1w,,
crypto,LTC-USD,1w,,
crypto,LTC,1w,,
crypto,LUNC-USD,1w,"['engulfing', 'engulfing']","[211, 160]"
crypto,MANA-USD,1w,['hammer'],[231]
crypto,MANA,1w,,
crypto,MARSCOIN-USD,1w,,
crypto,MEGA38770-USD,1w,"['engulfing', 'RSI_OVERSOLD']","[18, 16]"
crypto,MERL-USD,1w,['rebound'],[38]
crypto,MINA-USD,1w,,
crypto,MKR-USD,1w,,
crypto,MOG-USD,1w,,
crypto,MON-USD,1w,,
crypto,MORPHO34104-USD,1w,,
crypto,MSTRB-USD,1w,,
crypto,MSTRX-USD,1w,,
crypto,MX-USD,1w,['hammer'],[49]
crypto,NEAR-USD,1w,,
crypto,NEAR,1w,,
crypto,NEO-USD,1w,,
crypto,NEO,1w,,
crypto,NEX39965-USD,1w,,
crypto,NEXO-USD,1w,"['engulfing', 'hammer']","[221, 36]"
crypto,NIGHT-USD,1w,['RSI_OVERSOLD'],[44]
crypto,NIL35702-USD,1w,,
crypto,NILA-USD,1w,,
crypto,NMR-USD,1w,,
crypto,NOCK-USD,1w,,
crypto,NXPC-USD,1w,['engulfing'],[47]
crypto,OHM-USD,1w,['RSI_OVERSOLD'],[37]
crypto,OKB-USD,1w,['rebound'],[264]
crypto,ONDO-USD,1w,,
crypto,ONE37166-USD,1w,,
crypto,ONT-USD,1w,,
crypto,OP-USD,1w,,
crypto,ORBIO42040-USD,1w,,
crypto,ORCA-USD,1w,,
crypto,ORDI-USD,1w,,
crypto,OZO-USD,1w,['RSI_OVERSOLD'],[80]
crypto,PEAQ-USD,1w,['engulfing'],[30]
crypto,PENDLE-USD,1w,['rebound'],[233]
crypto,PENGU34466-USD,1w,,
crypto,PEPE24478-USD,1w,,
crypto,PI35697-USD,1w,['rebound'],[38]
crypto,PIEVERSE-USD,1w,,
crypto,PLUME-USD,1w,['engulfing'],[32]
crypto,PNUT-USD,1w,,
crypto,POLYX-USD,1w,['RSI_OVERSOLD'],[48]
crypto,PONS-USD,1w,,
crypto,PROM-USD,1w,"['engulfing', 'RSI_OVERSOLD', 'rebound']","[225, 39, 38]"
crypto,PUMP36507-USD,1w,,
crypto,PURR34332-USD,1w,,
crypto,PYTH-USD,1w,,
crypto,QNT-USD,1w,['hammer'],[231]
crypto,QRL-USD,1w,,
crypto,QUBIC-USD,1w,,
crypto,RAIL-USD,1w,,
crypto,RAIN38341-USD,1w,,
crypto,RAVE38967-USD,1w,,
crypto,RAY-USD,1w,"['RSI_OVERSOLD', 'engulfing']","[205, 203]"
crypto,RE-USD,1w,,
crypto,RED21707-USD,1w,,
crypto,RENDER-USD,1w,,
crypto,RIF-USD,1w,"['rebound', 'hammer', 'rebound', 'hammer']","[232, 85, 84, 49]"
crypto,RLB-USD,1w,,
crypto,ROSE-USD,1w,,
crypto,RSR-USD,1w,,
crypto,RUNE-USD,1w,['engulfing'],[32]
crypto,SAND-USD,1w,,
crypto,SC-USD,1w,"['inverted_hammer', 'rebound']","[200, 122]"
crypto,SEI-USD,1w,,
crypto,SENT38868-USD,1w,,
crypto,SFP-USD,1w,,
crypto,SHFL-USD,1w,,
crypto,SHIB-USD,1w,,
crypto,SHORT-USD,1w,,
crypto,SHX-USD,1w,"['RSI_OVERSOLD', 'engulfing', 'engulfing']","[309, 308, 306]"
crypto,SKY33038-USD,1w,['hammer'],[49]
crypto,SN120-USD,1w,,
crypto,SN3-USD,1w,,
crypto,SN4-USD,1w,,
crypto,SN44-USD,1w,,
crypto,SN51-USD,1w,,
crypto,SN53-USD,1w,['engulfing'],[33]
crypto,SN64-USD,1w,,
crypto,SNX-USD,1w,,
crypto,SOL-USD,1w,"['inverted_hammer', 'RSI_OVERSOLD', 'engulfing']","[241, 205, 26]"
crypto,SOON36542-USD,1w,,
crypto,SOSO-USD,1w,,
crypto,SPCXB-USD,1w,,
crypto,SPX28081-USD,1w,,
crypto,SPYX-USD,1w,,
crypto,STABLE38892-USD,1w,,
crypto,STONK42022-USD,1w,,
crypto,STRCX-USD,1w,,
crypto,STRK-USD,1w,,
crypto,SUN-USD,1w,['rebound'],[7]
crypto,SUSHI-USD,1w,,
crypto,SYRUP-USD,1w,,
crypto,TAG34958-USD,1w,,
crypto,TEL-USD,1w,,
crypto,TFUEL-USD,1w,['RSI_OVERSOLD'],[48]
crypto,THETA-USD,1w,"['engulfing', 'engulfing']","[77, 39]"
crypto,TIA-USD,1w,,
crypto,TOSHI27750-USD,1w,['engulfing'],[35]
crypto,TRAC-USD,1w,,
crypto,TRB-USD,1w,,
crypto,TREAD-USD,1w,,
crypto,TRUMP35336-USD,1w,['rebound'],[30]
crypto,TRX-USD,1w,,
crypto,TRX,1w,,
crypto,TSLAX-USD,1w,,
crypto,TURBO-USD,1w,,
crypto,TWT-USD,1w,,
crypto,ULTIMA-USD,1w,['hammer'],[71]
crypto,UNP-USD,1w,,
crypto,UP41976-USD,1w,,
crypto,US-USD,1w,,
crypto,USDC-USD,1w,"['RSI_OVERSOLD, rebound']",[188]
crypto,USDC,1w,,
crypto,USDT-USD,1w,['hammer'],[226]
crypto,VELO-USD,1w,['engulfing'],[199]
crypto,VET-USD,1w,,
crypto,VET,1w,,
crypto,VIRTUAL-USD,1w,,
crypto,VTHO-USD,1w,"['engulfing', 'engulfing', 'RSI_OVERSOLD']","[203, 43, 42]"
crypto,WBT-USD,1w,,
crypto,WBTC-USD,1w,"['RSI_OVERSOLD', 'engulfing', 'RSI_OVERSOLD']","[226, 221, 36]"
crypto,WEMIX-USD,1w,,
crypto,WIF-USD,1w,,
crypto,WLD-USD,1w,"['inverted_hammer', 'RSI_OVERSOLD', 'engulfing']","[37, 29, 27]"
crypto,XDC-USD,1w,"['hammer', 'hammer', 'hammer', 'engulfing']","[242, 229, 114, 23]"
crypto,XEC-USD,1w,,
crypto,XEM-USD,1w,"['engulfing', 'inverted_hammer', 'RSI_OVERSOLD']","[203, 68, 39]"
crypto,XLM-USD,1w,,
crypto,XMR-USD,1w,,
crypto,XNO-USD,1w,,
crypto,XPL-USD,1w,,
crypto,XPR-USD,1w,['hammer'],[156]
crypto,XRP-USD,1w,['engulfing'],[342]
crypto,XRP,1w,,
crypto,XTZ-USD,1w,,
crypto,XVG-USD,1w,,
crypto,XVS-USD,1w,['engulfing'],[243]
crypto,YFI-USD,1w,['engulfing'],[31]
crypto,YZY-USD,1w,,
crypto,ZAMA-USD,1w,,
crypto,ZANO-USD,1w,,
crypto,ZBCN-USD,1w,"['engulfing', 'hammer']","[112, 11]"
crypto,ZCAT-USD,1w,,
crypto,ZEC-USD,1w,,
crypto,ZEN-USD,1w,,
crypto,ZETA-USD,1w,['RSI_OVERSOLD'],[37]
crypto,ZIG-USD,1w,,
crypto,ZIL-USD,1w,,
crypto,ZK24091-USD,1w,,
crypto,ZRX-USD,1w,,
crypto,0G-USD,1M,,
crypto,1INCH-USD,1M,,
crypto,2Z-USD,1M,,
crypto,A7A5-USD,1M,,
crypto,AAVE-USD,1M,,
crypto,AB-USD,1M,,
crypto,ACU36492-USD,1M,,
crypto,ADA-USD,1M,,
crypto,ADI38185-USD,1M,,
crypto,AIOZ-USD,1M,,
crypto,AKE-USD,1M,,
crypto,AKT-USD,1M,,
crypto,ALCH-USD,1M,,
crypto,ALGO-USD,1M,,
crypto,ALLO-USD,1M,,
crypto,ALT29073-USD,1M,,
crypto,ANSEM-USD,1M,,
crypto,ANVL-USD,1M,,
crypto,APE-USD,1M,,
crypto,APT21794-USD,1M,,
crypto,AR-USD,1M,,
crypto,ARB11841-USD,1M,['rebound'],[38]
crypto,ARC23486-USD,1M,,
crypto,ARKM-USD,1M,['engulfing'],[7]
crypto,ARRR-USD,1M,,
crypto,ASTER36341-USD,1M,,
crypto,ASTR-USD,1M,,
crypto,ATOM-USD,1M,,
crypto,ATOM,1M,,
crypto,AURORA14803-USD,1M,,
crypto,AVAX-USD,1M,,
crypto,AWE-USD,1M,,
crypto,AXS-USD,1M,,
crypto,AXS,1M,,
crypto,BABY32198-USD,1M,,
crypto,BABYDOGE-USD,1M,,
crypto,BANANAS31-USD,1M,,
crypto,BAT-USD,1M,,
crypto,BCH-USD,1M,,
crypto,BDX-USD,1M,['rebound'],[48]
crypto,BEAM28298-USD,1M,,
crypto,BERA-USD,1M,,
crypto,BGB-USD,1M,,
crypto,BIM-USD,1M,,
crypto,BLUR-USD,1M,['engulfing'],[7]
crypto,BNB-USD,1M,,
crypto,BOME-USD,1M,,
crypto,BONK-USD,1M,,
crypto,BORG-USD,1M,,
crypto,BRZ-USD,1M,,
crypto,BSV-USD,1M,,
crypto,BTC-USD,1M,,
crypto,BTC,1M,,
crypto,BTG-USD,1M,,
crypto,BTG,1M,,
crypto,BTT-USD,1M,,
crypto,BULLA36769-USD,1M,,
crypto,CAKE-USD,1M,['rebound'],[42]
crypto,CAKE,1M,,
crypto,CASHCAT-USD,1M,,
crypto,CELO-USD,1M,,
crypto,CFG-USD,1M,,
crypto,CFX-USD,1M,,
crypto,CHEEMS33280-USD,1M,,
crypto,CHZ-USD,1M,,
crypto,CKB-USD,1M,,
crypto,COCO39131-USD,1M,,
crypto,CRCLB-USD,1M,,
crypto,CRCLON-USD,1M,,
crypto,CRCLX-USD,1M,,
crypto,CRO-USD,1M,,
crypto,CRV-USD,1M,['rebound'],[39]
crypto,CTC-USD,1M,,
crypto,CVX-USD,1M,,
crypto,DASH-USD,1M,,
crypto,DASH,1M,,
crypto,DCR-USD,1M,,
crypto,DEXE-USD,1M,,
crypto,DGAI-USD,1M,,
crypto,DGB-USD,1M,,
crypto,DIEM-USD,1M,,
crypto,DOGE-USD,1M,,
crypto,DOT-USD,1M,,
crypto,DUSK-USD,1M,,
crypto,DYDX-USD,1M,,
crypto,EDGE39720-USD,1M,,
crypto,EGLD-USD,1M,,
crypto,EIGEN-USD,1M,,
crypto,ELF-USD,1M,,
crypto,ELG-USD,1M,['RSI_OVERSOLD'],[24]
crypto,ENA-USD,1M,,
crypto,ENJ-USD,1M,,
crypto,ENJ,1M,,
crypto,ENS-USD,1M,,
crypto,EOS-USD,1M,,
crypto,EOS,1M,,
crypto,ESP39548-USD,1M,,
crypto,ETC-USD,1M,,
crypto,ETH-USD,1M,,
crypto,ETH,1M,,
crypto,ETHFI-USD,1M,,
crypto,ETN-USD,1M,,
crypto,FARTCOIN-USD,1M,,
crypto,FET-USD,1M,,
crypto,FIL-USD,1M,,
crypto,FLOKI-USD,1M,,
crypto,FLOW-USD,1M,,
crypto,FLR-USD,1M,,
crypto,FLUID-USD,1M,,
crypto,FONQ-USD,1M,,
crypto,FUN-USD,1M,,
crypto,GALA-USD,1M,,
crypto,GAS-USD,1M,,
crypto,GEKKO-USD,1M,,
crypto,GENIUS-USD,1M,,
crypto,GEOD-USD,1M,,
crypto,GLM-USD,1M,,
crypto,GMX11857-USD,1M,,
crypto,GNO-USD,1M,,
crypto,GOMINING-USD,1M,,
crypto,GPS-USD,1M,,
crypto,GRAM-USD,1M,,
crypto,GRASS32956-USD,1M,,
crypto,GT-USD,1M,,
crypto,HBAR-USD,1M,,
crypto,HNT-USD,1M,,
crypto,HOT-USD,1M,,
crypto,HTX-USD,1M,,
crypto,ICP-USD,1M,,
crypto,INJ-USD,1M,,
crypto,IOTA-USD,1M,,
crypto,IVVON-USD,1M,,
crypto,JASMY-USD,1M,['engulfing'],[33]
crypto,JELLYJELLY-USD,1M,,
crypto,JST-USD,1M,,
crypto,JTO-USD,1M,,
crypto,JUP29210-USD,1M,,
crypto,KAIA-USD,1M,,
crypto,KAITO-USD,1M,,
crypto,KAS-USD,1M,,
crypto,KAVA-USD,1M,,
crypto,KCS-USD,1M,,
crypto,KITE-USD,1M,,
crypto,KLAY-USD,1M,,
crypto,KMNO-USD,1M,,
crypto,KNTQ-USD,1M,,
crypto,KOGE-USD,1M,,
crypto,KSM-USD,1M,,
crypto,LDO-USD,1M,,
crypto,LEO-USD,1M,,
crypto,LINEA-USD,1M,,
crypto,LINK-USD,1M,,
crypto,LINK,1M,,
crypto,LPT-USD,1M,,
crypto,LSK-USD,1M,,
crypto,LTC-USD,1M,,
crypto,LTC,1M,,
crypto,LUNC-USD,1M,,
crypto,MANA-USD,1M,,
crypto,MANA,1M,,
crypto,MARSCOIN-USD,1M,,
crypto,MEGA38770-USD,1M,,
crypto,MERL-USD,1M,,
crypto,MINA-USD,1M,,
crypto,MKR-USD,1M,,
crypto,MOG-USD,1M,,
crypto,MON-USD,1M,,
crypto,MORPHO34104-USD,1M,,
crypto,MSTRB-USD,1M,,
crypto,MSTRX-USD,1M,,
crypto,MX-USD,1M,,
crypto,NEAR-USD,1M,,
crypto,NEAR,1M,,
crypto,NEO-USD,1M,,
crypto,NEO,1M,,
crypto,NEX39965-USD,1M,,
crypto,NEXO-USD,1M,,
crypto,NIGHT-USD,1M,,
crypto,NIL35702-USD,1M,,
crypto,NILA-USD,1M,,
crypto,NMR-USD,1M,,
crypto,NOCK-USD,1M,,
crypto,NXPC-USD,1M,,
crypto,OHM-USD,1M,,
crypto,OKB-USD,1M,,
crypto,ONDO-USD,1M,,
crypto,ONE37166-USD,1M,,
crypto,ONT-USD,1M,,
crypto,OP-USD,1M,,
crypto,ORBIO42040-USD,1M,,
crypto,ORCA-USD,1M,,
crypto,ORDI-USD,1M,,
crypto,OZO-USD,1M,,
crypto,PEAQ-USD,1M,,
crypto,PENDLE-USD,1M,['rebound'],[54]
crypto,PENGU34466-USD,1M,,
crypto,PEPE24478-USD,1M,,
crypto,PI35697-USD,1M,,
crypto,PIEVERSE-USD,1M,,
crypto,PLUME-USD,1M,,
crypto,PNUT-USD,1M,,
crypto,POLYX-USD,1M,,
crypto,PONS-USD,1M,,
crypto,PROM-USD,1M,,
crypto,PUMP36507-USD,1M,,
crypto,PURR34332-USD,1M,,
crypto,PYTH-USD,1M,,
crypto,QNT-USD,1M,,
crypto,QRL-USD,1M,,
crypto,QUBIC-USD,1M,,
crypto,RAIL-USD,1M,,
crypto,RAIN38341-USD,1M,,
crypto,RAVE38967-USD,1M,,
crypto,RAY-USD,1M,,
crypto,RE-USD,1M,,
crypto,RED21707-USD,1M,,
crypto,RENDER-USD,1M,,
crypto,RIF-USD,1M,,
crypto,RLB-USD,1M,,
crypto,ROSE-USD,1M,,
crypto,RSR-USD,1M,,
crypto,RUNE-USD,1M,,
crypto,SAND-USD,1M,,
crypto,SC-USD,1M,,
crypto,SEI-USD,1M,,
crypto,SENT38868-USD,1M,,
crypto,SFP-USD,1M,,
crypto,SHFL-USD,1M,,
crypto,SHIB-USD,1M,,
crypto,SHORT-USD,1M,,
crypto,SHX-USD,1M,,
crypto,SKY33038-USD,1M,,
crypto,SN120-USD,1M,,
crypto,SN3-USD,1M,,
crypto,SN4-USD,1M,,
crypto,SN44-USD,1M,,
crypto,SN51-USD,1M,,
crypto,SN53-USD,1M,,
crypto,SN64-USD,1M,,
crypto,SNX-USD,1M,,
crypto,SOL-USD,1M,,
crypto,SOON36542-USD,1M,,
crypto,SOSO-USD,1M,,
crypto,SPCXB-USD,1M,,
crypto,SPX28081-USD,1M,,
crypto,SPYX-USD,1M,,
crypto,STABLE38892-USD,1M,,
crypto,STONK42022-USD,1M,,
crypto,STRCX-USD,1M,,
crypto,STRK-USD,1M,,
crypto,SUN-USD,1M,,
crypto,SUSHI-USD,1M,,
crypto,SYRUP-USD,1M,,
crypto,TAG34958-USD,1M,,
crypto,TEL-USD,1M,,
crypto,TFUEL-USD,1M,,
crypto,THETA-USD,1M,,
crypto,TIA-USD,1M,,
crypto,TOSHI27750-USD,1M,,
crypto,TRAC-USD,1M,,
crypto,TRB-USD,1M,,
crypto,TREAD-USD,1M,,
crypto,TRUMP35336-USD,1M,,
crypto,TRX-USD,1M,,
crypto,TRX,1M,,
crypto,TSLAX-USD,1M,,
crypto,TURBO-USD,1M,,
crypto,TWT-USD,1M,,
crypto,ULTIMA-USD,1M,,
crypto,UNP-USD,1M,,
crypto,UP41976-USD,1M,,
crypto,US-USD,1M,,
crypto,USDC-USD,1M,,
crypto,USDC,1M,,
crypto,USDT-USD,1M,,
crypto,VELO-USD,1M,,
crypto,VET-USD,1M,,
crypto,VET,1M,,
crypto,VIRTUAL-USD,1M,,
crypto,VTHO-USD,1M,,
crypto,WBT-USD,1M,,
crypto,WBTC-USD,1M,,
crypto,WEMIX-USD,1M,,
crypto,WIF-USD,1M,,
crypto,WLD-USD,1M,,
crypto,XDC-USD,1M,,
crypto,XEC-USD,1M,,
crypto,XEM-USD,1M,,
crypto,XLM-USD,1M,,
crypto,XMR-USD,1M,,
crypto,XNO-USD,1M,,
crypto,XPL-USD,1M,,
crypto,XPR-USD,1M,,
crypto,XRP-USD,1M,,
crypto,XRP,1M,,
crypto,XTZ-USD,1M,,
crypto,XVG-USD,1M,,
crypto,XVS-USD,1M,,
crypto,YFI-USD,1M,,
crypto,YZY-USD,1M,,
crypto,ZAMA-USD,1M,,
crypto,ZANO-USD,1M,,
crypto,ZBCN-USD,1M,,
crypto,ZCAT-USD,1M,,
crypto,ZEC-USD,1M,,
crypto,ZEN-USD,1M,,
crypto,ZETA-USD,1M,,
crypto,ZIG-USD,1M,,
crypto,ZIL-USD,1M,,
crypto,ZK24091-USD,1M,,
crypto,ZRX-USD,1M,,
europe,3IN.L,1d,"['RSI_OVERSOLD', 'rebound', 'inverted_hammer', 'RSI_OVERSOLD', 'rebound']","[459, 442, 280, 172, 170]"
europe,8TRA.DE,1d,"['RSI_OVERSOLD', 'RSI_OVERSOLD', 'RSI_OVERSOLD', 'RSI_OVERSOLD', 'inverted_hammer']","[326, 260, 245, 149, 4]"
europe,A2A.MI,1d,"['inverted_hammer', 'RSI_OVERSOLD', 'inverted_hammer, RSI_OVERSOLD', 'RSI_OVERSOLD', 'hammer']","[1029, 672, 380, 378, 277]"
europe,AAF.L,1d,"['RSI_OVERSOLD', 'rebound', 'hammer', 'inverted_hammer', 'RSI_OVERSOLD']","[680, 673, 665, 663, 490]"
europe,AAL.L,1d,"['engulfing', 'RSI_OVERSOLD', 'inverted_hammer', 'inverted_hammer', 'hammer']","[870, 712, 711, 377, 139]"
europe,AALB.AS,1d,"['inverted_hammer', 'engulfing', 'RSI_OVERSOLD', 'rebound', 'piercing_line']","[559, 555, 385, 383, 139]"
europe,AAS.L,1d,"['inverted_hammer', 'RSI_OVERSOLD', 'inverted_hammer', 'RSI_OVERSOLD', 'rebound']","[1157, 1005, 912, 380, 379]"
europe,ABB.ST,1d,"['RSI_OVERSOLD', 'rebound', 'RSI_OVERSOLD', 'RSI_OVERSOLD', 'piercing_line']","[1269, 1260, 742, 399, 219]"
europe,ABBN.SW,1d,"['RSI_OVERSOLD', 'inverted_hammer', 'RSI_OVERSOLD', 'rebound', 'engulfing']","[544, 401, 377, 375, 219]"
europe,ABDN.L,1d,"['hammer', 'RSI_OVERSOLD', 'rebound', 'engulfing', 'RSI_OVERSOLD']","[1079, 801, 796, 785, 491]"
europe,ABF.L,1d,"['RSI_OVERSOLD', 'engulfing', 'inverted_hammer', 'RSI_OVERSOLD', 'RSI_OVERSOLD']","[189, 185, 182, 138, 19]"
europe,ABI.BR,1d,"['rebound', 'RSI_OVERSOLD', 'engulfing', 'RSI_OVERSOLD', 'engulfing']","[443, 303, 277, 272, 33]"
europe,ABN.AS,1d,"['engulfing', 'RSI_OVERSOLD', 'engulfing', 'RSI_OVERSOLD', 'RSI_OVERSOLD']","[1172, 909, 906, 556, 383]"
europe,AC.PA,1d,"['RSI_OVERSOLD', 'RSI_OVERSOLD', 'RSI_OVERSOLD', 'RSI_OVERSOLD', 'RSI_OVERSOLD']","[402, 333, 302, 300, 280]"
europe,ACA.PA,1d,"['hammer', 'RSI_OVERSOLD', 'RSI_OVERSOLD', 'RSI_OVERSOLD', 'RSI_OVERSOLD']","[473, 470, 381, 238, 4]"
europe,ACKB.BR,1d,"['RSI_OVERSOLD', 'hammer', 'RSI_OVERSOLD', 'hammer', 'engulfing']","[383, 260, 232, 99, 50]"
europe,ACLN.SW,1d,"['RSI_OVERSOLD', 'inverted_hammer', 'RSI_OVERSOLD', 'inverted_hammer', 'RSI_OVERSOLD']","[736, 417, 411, 410, 242]"
europe,ACS.MC,1d,"['engulfing', 'RSI_OVERSOLD', 'RSI_OVERSOLD', 'RSI_OVERSOLD', 'RSI_OVERSOLD, rebound']","[1047, 687, 383, 52, 17]"
europe,ACX.MC,1d,"['RSI_OVERSOLD', 'RSI_OVERSOLD', 'RSI_OVERSOLD', 'RSI_OVERSOLD', 'rebound']","[1092, 909, 494, 384, 383]"
europe,AD.AS,1d,"['hammer', 'RSI_OVERSOLD', 'hammer', 'RSI_OVERSOLD', 'RSI_OVERSOLD']","[110, 109, 106, 91, 41]"
europe,ADDT-B.ST,1d,"['RSI_OVERSOLD', 'engulfing', 'RSI_OVERSOLD', 'inverted_hammer', 'hammer']","[811, 740, 375, 331, 177]"
europe,ADEN.SW,1d,"['RSI_OVERSOLD', 'hammer', 'engulfing', 'RSI_OVERSOLD', 'engulfing']","[265, 138, 137, 103, 101]"
europe,ADM.L,1d,"['RSI_OVERSOLD', 'RSI_OVERSOLD', 'inverted_hammer', 'RSI_OVERSOLD', 'inverted_hammer']","[490, 262, 211, 179, 5]"
europe,ADS.DE,1d,"['RSI_OVERSOLD', 'piercing_line', 'RSI_OVERSOLD', 'RSI_OVERSOLD', 'hammer']","[302, 296, 237, 180, 149]"
europe,ADYEN.AS,1d,"['rebound', 'RSI_OVERSOLD', 'RSI_OVERSOLD, rebound', 'RSI_OVERSOLD', 'hammer']","[383, 173, 166, 141, 18]"
europe,AED.BR,1d,"['rebound', 'inverted_hammer', 'inverted_hammer', 'RSI_OVERSOLD', 'rebound']","[758, 664, 659, 5, 2]"
europe,AENA.MC,1d,"['RSI_OVERSOLD', 'engulfing', 'RSI_OVERSOLD', 'rebound', 'RSI_OVERSOLD']","[1092, 1017, 558, 555, 268]"
europe,AEP.L,1d,"['RSI_OVERSOLD', 'hammer', 'RSI_OVERSOLD', 'RSI_OVERSOLD', 'RSI_OVERSOLD']","[809, 744, 574, 568, 559]"
europe,AF.PA,1d,"['RSI_OVERSOLD', 'rebound', 'RSI_OVERSOLD', 'RSI_OVERSOLD', 'RSI_OVERSOLD']","[583, 580, 383, 260, 233]"
europe,AFX.DE,1d,"['inverted_hammer', 'RSI_OVERSOLD', 'rebound', 'piercing_line', 'RSI_OVERSOLD']","[295, 183, 181, 177, 147]"
europe,AGN.AS,1d,"['rebound', 'piercing_line', 'RSI_OVERSOLD', 'engulfing', 'RSI_OVERSOLD']","[909, 906, 555, 413, 384]"
europe,AGS.BR,1d,"['RSI_OVERSOLD, rebound', 'RSI_OVERSOLD', 'RSI_OVERSOLD, rebound', 'RSI_OVERSOLD', 'RSI_OVERSOLD']","[1293, 924, 909, 555, 383]"
europe,AGT.L,1d,"['engulfing', 'inverted_hammer', 'RSI_OVERSOLD', 'rebound', 'RSI_OVERSOLD']","[744, 585, 550, 379, 137]"
europe,AI.PA,1d,"['RSI_OVERSOLD', 'hammer', 'RSI_OVERSOLD', 'hammer', 'RSI_OVERSOLD']","[1045, 640, 383, 209, 192]"
europe,AIE.L,1d,"['RSI_OVERSOLD', 'inverted_hammer', 'RSI_OVERSOLD', 'RSI_OVERSOLD', 'inverted_hammer']","[258, 210, 183, 144, 138]"
europe,AIR.PA,1d,"['hammer', 'RSI_OVERSOLD', 'RSI_OVERSOLD', 'RSI_OVERSOLD', 'RSI_OVERSOLD']","[562, 531, 383, 215, 141]"
europe,AIXA.DE,1d,"['RSI_OVERSOLD', 'RSI_OVERSOLD', 'piercing_line', 'RSI_OVERSOLD', 'RSI_OVERSOLD']","[582, 530, 381, 278, 51]"
europe,AJB.L,1d,"['RSI_OVERSOLD', 'RSI_OVERSOLD', 'RSI_OVERSOLD', 'inverted_hammer', 'RSI_OVERSOLD']","[763, 442, 379, 278, 165]"
europe,AKRBP.OL,1d,"['RSI_OVERSOLD', 'hammer', 'RSI_OVERSOLD', 'RSI_OVERSOLD', 'hammer']","[521, 515, 507, 399, 71]"
europe,AKZA.AS,1d,"['inverted_hammer', 'RSI_OVERSOLD', 'RSI_OVERSOLD', 'RSI_OVERSOLD', 'RSI_OVERSOLD']","[381, 379, 303, 224, 13]"
europe,ALC.SW,1d,"['RSI_OVERSOLD', 'rebound', 'engulfing', 'RSI_OVERSOLD', 'RSI_OVERSOLD']","[901, 893, 735, 375, 108]"
europe,ALFA.L,1d,"['RSI_OVERSOLD', 'RSI_OVERSOLD', 'RSI_OVERSOLD', 'inverted_hammer', 'rebound']","[711, 170, 144, 140, 139]"
europe,ALFA.ST,1d,"['hammer', 'RSI_OVERSOLD', 'inverted_hammer', 'RSI_OVERSOLD', 'rebound']","[761, 681, 520, 380, 376]"
europe,ALFEN.AS,1d,"['RSI_OVERSOLD', 'RSI_OVERSOLD', 'engulfing', 'RSI_OVERSOLD', 'RSI_OVERSOLD']","[634, 583, 526, 384, 163]"
europe,ALK-B.CO,1d,"['RSI_OVERSOLD, rebound', 'RSI_OVERSOLD', 'hammer', 'hammer', 'RSI_OVERSOLD']","[948, 866, 628, 55, 34]"
europe,ALO.PA,1d,"['RSI_OVERSOLD', 'hammer', 'RSI_OVERSOLD', 'RSI_OVERSOLD', 'RSI_OVERSOLD']","[383, 352, 150, 122, 84]"
europe,ALSYDB.CO,1d,"['RSI_OVERSOLD', 'inverted_hammer', 'RSI_OVERSOLD', 'RSI_OVERSOLD', 'rebound']","[1277, 1203, 542, 373, 372]"
europe,ALTR.LS,1d,"['RSI_OVERSOLD', 'hammer', 'RSI_OVERSOLD', 'RSI_OVERSOLD', 'RSI_OVERSOLD']","[1244, 1032, 1031, 945, 2]"
europe,ALV.DE,1d,"['RSI_OVERSOLD', 'RSI_OVERSOLD', 'RSI_OVERSOLD', 'RSI_OVERSOLD', 'RSI_OVERSOLD']","[903, 551, 381, 150, 10]"
europe,ALW.L,1d,"['hammer', 'RSI_OVERSOLD', 'RSI_OVERSOLD', 'rebound', 'rebound']","[597, 403, 381, 380, 379]"
europe,AMBU-B.CO,1d,"['RSI_OVERSOLD', 'RSI_OVERSOLD, rebound', 'RSI_OVERSOLD', 'rebound', 'RSI_OVERSOLD']","[141, 127, 125, 112, 111]"
europe,AMG.AS,1d,"['engulfing', 'RSI_OVERSOLD', 'RSI_OVERSOLD', 'RSI_OVERSOLD', 'RSI_OVERSOLD']","[456, 384, 232, 57, 50]"
europe,AMP.MI,1d,"['RSI_OVERSOLD', 'RSI_OVERSOLD', 'RSI_OVERSOLD', 'RSI_OVERSOLD', 'rebound']","[374, 301, 261, 151, 144]"
europe,AMRZ.SW,1d,"['engulfing', 'inverted_hammer', 'RSI_OVERSOLD', 'rebound']","[99, 42, 20, 19]"
europe,AMS.MC,1d,"['RSI_OVERSOLD', 'inverted_hammer', 'RSI_OVERSOLD', 'RSI_OVERSOLD', 'rebound']","[556, 269, 225, 167, 164]"
europe,ANA.MC,1d,"['RSI_OVERSOLD', 'RSI_OVERSOLD', 'RSI_OVERSOLD, rebound', 'engulfing', 'RSI_OVERSOLD']","[678, 669, 665, 456, 45]"
europe,ANE.MC,1d,"['RSI_OVERSOLD', 'rebound', 'RSI_OVERSOLD', 'RSI_OVERSOLD', 'RSI_OVERSOLD']","[678, 664, 488, 383, 224]"
europe,ANTO.L,1d,"['rebound', 'RSI_OVERSOLD', 'inverted_hammer', 'RSI_OVERSOLD', 'RSI_OVERSOLD']","[1078, 1069, 686, 527, 380]"
europe,AO.L,1d,"['inverted_hammer', 'RSI_OVERSOLD', 'RSI_OVERSOLD', 'RSI_OVERSOLD', 'RSI_OVERSOLD']","[517, 379, 296, 165, 142]"
europe,AOF.DE,1d,"['RSI_OVERSOLD', 'rebound', 'rebound', 'RSI_OVERSOLD', 'RSI_OVERSOLD']","[173, 172, 162, 138, 7]"
europe,APAM.AS,1d,"['RSI_OVERSOLD', 'inverted_hammer', 'RSI_OVERSOLD', 'hammer', 'RSI_OVERSOLD']","[583, 532, 384, 303, 1]"
europe,APN.L,1d,"['RSI_OVERSOLD', 'rebound', 'RSI_OVERSOLD', 'inverted_hammer', 'RSI_OVERSOLD']","[384, 379, 137, 31, 18]"
europe,ARCAD.AS,1d,"['RSI_OVERSOLD', 'RSI_OVERSOLD', 'RSI_OVERSOLD', 'rebound', 'engulfing']","[329, 236, 161, 158, 2]"
europe,ARGX.BR,1d,"['RSI_OVERSOLD', 'RSI_OVERSOLD', 'RSI_OVERSOLD', 'engulfing', 'RSI_OVERSOLD']","[381, 332, 151, 149, 142]"
europe,ASHM.L,1d,"['RSI_OVERSOLD', 'RSI_OVERSOLD', 'RSI_OVERSOLD', 'RSI_OVERSOLD', 'hammer']","[403, 380, 374, 274, 16]"
europe,ASL.L,1d,"['RSI_OVERSOLD', 'RSI_OVERSOLD', 'RSI_OVERSOLD', 'rebound', 'inverted_hammer']","[440, 405, 403, 379, 150]"
europe,ASM.AS,1d,"['rebound', 'RSI_OVERSOLD', 'hammer', 'RSI_OVERSOLD', 'RSI_OVERSOLD']","[385, 309, 227, 220, 50]"
europe,ASML.AS,1d,"['RSI_OVERSOLD, rebound', 'rebound', 'RSI_OVERSOLD', 'RSI_OVERSOLD', 'rebound']","[556, 555, 531, 385, 383]"
europe,ASRNL.AS,1d,"['rebound', 'piercing_line', 'RSI_OVERSOLD', 'RSI_OVERSOLD', 'RSI_OVERSOLD']","[909, 906, 772, 555, 383]"
europe,ASSA-B.ST,1d,"['inverted_hammer', 'RSI_OVERSOLD', 'RSI_OVERSOLD, rebound', 'engulfing', 'engulfing']","[327, 147, 139, 137, 99]"
europe,AT1.DE,1d,"['RSI_OVERSOLD', 'RSI_OVERSOLD', 'rebound', 'rebound', 'rebound']","[27, 19, 13, 7, 4]"
europe,ATCO-A.ST,1d,"['rebound', 'rebound', 'RSI_OVERSOLD', 'RSI_OVERSOLD, rebound', 'engulfing']","[376, 375, 148, 139, 137]"
europe,ATCO-B.ST,1d,"['RSI_OVERSOLD', 'hammer, RSI_OVERSOLD', 'rebound', 'RSI_OVERSOLD', 'engulfing']","[380, 378, 376, 139, 137]"
europe,ATG.L,1d,"['RSI_OVERSOLD', 'RSI_OVERSOLD', 'RSI_OVERSOLD', 'RSI_OVERSOLD', 'inverted_hammer']","[627, 527, 354, 298, 25]"
europe,ATO.PA,1d,"['inverted_hammer', 'hammer', 'RSI_OVERSOLD', 'rebound', 'rebound']","[21, 18, 13, 12, 6]"
europe,ATR.L,1d,"['RSI_OVERSOLD', 'RSI_OVERSOLD', 'inverted_hammer', 'inverted_hammer', 'rebound']","[1151, 1014, 474, 405, 379]"
europe,ATT.L,1d,"['inverted_hammer', 'RSI_OVERSOLD', 'RSI_OVERSOLD', 'RSI_OVERSOLD', 'RSI_OVERSOLD']","[967, 550, 403, 399, 380]"
europe,ATYM.L,1d,"['RSI_OVERSOLD', 'RSI_OVERSOLD', 'RSI_OVERSOLD', 'RSI_OVERSOLD', 'piercing_line']","[1041, 1023, 898, 139, 137]"
europe,AUTO.L,1d,"['RSI_OVERSOLD', 'RSI_OVERSOLD', 'rebound', 'RSI_OVERSOLD', 'RSI_OVERSOLD']","[191, 171, 164, 95, 93]"
europe,AV.L,1d,"['RSI_OVERSOLD', 'RSI_OVERSOLD', 'RSI_OVERSOLD', 'hammer', 'RSI_OVERSOLD']","[508, 488, 379, 245, 178]"
europe,AVIO.MI,1d,"['rebound', 'inverted_hammer', 'RSI_OVERSOLD', 'hammer', 'RSI_OVERSOLD']","[759, 237, 234, 231, 229]"
europe,AVOL.SW,1d,"['hammer, RSI_OVERSOLD', 'RSI_OVERSOLD', 'rebound', 'RSI_OVERSOLD', 'hammer']","[541, 376, 375, 54, 26]"
europe,AVON.L,1d,"['RSI_OVERSOLD', 'RSI_OVERSOLD', 'engulfing', 'RSI_OVERSOLD', 'RSI_OVERSOLD']","[918, 853, 797, 172, 103]"
europe,AZA.ST,1d,"['RSI_OVERSOLD', 'RSI_OVERSOLD', 'RSI_OVERSOLD', 'inverted_hammer', 'engulfing']","[544, 375, 373, 331, 219]"
europe,AZE.BR,1d,"['RSI_OVERSOLD', 'RSI_OVERSOLD', 'RSI_OVERSOLD', 'hammer', 'inverted_hammer']","[233, 226, 184, 94, 93]"
europe,AZM.MI,1d,"['rebound', 'RSI_OVERSOLD', 'RSI_OVERSOLD', 'RSI_OVERSOLD', 'rebound']","[902, 585, 550, 381, 380]"
europe,AZN.L,1d,"['RSI_OVERSOLD', 'rebound', 'RSI_OVERSOLD', 'RSI_OVERSOLD', 'RSI_OVERSOLD']","[489, 485, 379, 377, 46]"
europe,AZN.ST,1d,"['RSI_OVERSOLD', 'rebound', 'engulfing', 'RSI_OVERSOLD', 'RSI_OVERSOLD']","[376, 375, 264, 109, 47]"
europe,BA.L,1d,"['RSI_OVERSOLD', 'rebound', 'hammer', 'RSI_OVERSOLD', 'RSI_OVERSOLD']","[220, 213, 136, 20, 18]"
europe,BAB.L,1d,"['RSI_OVERSOLD', 'rebound', 'engulfing', 'RSI_OVERSOLD', 'RSI_OVERSOLD']","[114, 101, 100, 71, 26]"
europe,BAER.SW,1d,"['rebound', 'hammer', 'RSI_OVERSOLD', 'RSI_OVERSOLD', 'piercing_line']","[375, 371, 258, 139, 137]"
europe,BAG.L,1d,"['inverted_hammer, RSI_OVERSOLD', 'RSI_OVERSOLD', 'RSI_OVERSOLD', 'RSI_OVERSOLD', 'RSI_OVERSOLD']","[476, 442, 213, 138, 4]"
europe,BAMI.MI,1d,"['RSI_OVERSOLD', 'piercing_line', 'RSI_OVERSOLD', 'RSI_OVERSOLD', 'RSI_OVERSOLD']","[1074, 1073, 902, 549, 381]"
europe,BARC.L,1d,"['RSI_OVERSOLD', 'RSI_OVERSOLD', 'RSI_OVERSOLD', 'hammer', 'RSI_OVERSOLD']","[892, 746, 379, 152, 4]"
europe,BARN.SW,1d,"['rebound', 'RSI_OVERSOLD', 'RSI_OVERSOLD', 'RSI_OVERSOLD', 'hammer']","[420, 372, 231, 121, 117]"
europe,BAS.DE,1d,"['inverted_hammer', 'RSI_OVERSOLD', 'RSI_OVERSOLD', 'rebound', 'hammer']","[555, 551, 383, 381, 86]"
europe,BATS.L,1d,"['RSI_OVERSOLD', 'RSI_OVERSOLD', 'hammer', 'hammer', 'RSI_OVERSOLD']","[761, 716, 452, 256, 255]"
europe,BAVA.CO,1d,"['RSI_OVERSOLD, rebound', 'RSI_OVERSOLD', 'rebound', 'RSI_OVERSOLD', 'hammer']","[468, 373, 372, 226, 197]"
europe,BAYN.DE,1d,"['piercing_line', 'hammer', 'hammer, rebound', 'RSI_OVERSOLD', 'RSI_OVERSOLD']","[478, 473, 469, 152, 91]"
europe,BBOX.L,1d,"['RSI_OVERSOLD', 'RSI_OVERSOLD', 'RSI_OVERSOLD', 'RSI_OVERSOLD', 'RSI_OVERSOLD']","[474, 453, 379, 138, 4]"
europe,BBVA.MC,1d,"['RSI_OVERSOLD', 'RSI_OVERSOLD', 'RSI_OVERSOLD', 'RSI_OVERSOLD', 'hammer']","[1174, 1106, 555, 383, 3]"
europe,BBY.L,1d,"['inverted_hammer', 'RSI_OVERSOLD', 'inverted_hammer', 'RSI_OVERSOLD', 'RSI_OVERSOLD']","[838, 795, 762, 745, 147]"
europe,BC.MI,1d,"['RSI_OVERSOLD', 'RSI_OVERSOLD', 'inverted_hammer, RSI_OVERSOLD', 'RSI_OVERSOLD', 'RSI_OVERSOLD']","[297, 261, 184, 153, 20]"
europe,BC8.DE,1d,"['RSI_OVERSOLD', 'hammer', 'RSI_OVERSOLD', 'rebound', 'rebound']","[248, 228, 170, 166, 141]"
europe,BCG.L,1d,"['RSI_OVERSOLD', 'RSI_OVERSOLD', 'rebound', 'rebound', 'engulfing']","[262, 230, 227, 211, 91]"
europe,BCP.LS,1d,"['engulfing', 'RSI_OVERSOLD', 'engulfing', 'RSI_OVERSOLD', 'RSI_OVERSOLD']","[1247, 1174, 1172, 1083, 1028]"
europe,BEAN.SW,1d,"['RSI_OVERSOLD', 'RSI_OVERSOLD', 'RSI_OVERSOLD', 'rebound', 'rebound']","[587, 380, 377, 376, 375]"
europe,BEI.DE,1d,"['engulfing', 'inverted_hammer', 'rebound', 'inverted_hammer', 'inverted_hammer']","[150, 148, 141, 24, 20]"
europe,BESI.AS,1d,"['hammer', 'RSI_OVERSOLD', 'RSI_OVERSOLD', 'hammer', 'inverted_hammer, RSI_OVERSOLD']","[421, 409, 385, 227, 50]"
europe,BEZ.L,1d,"['RSI_OVERSOLD', 'engulfing', 'engulfing', 'RSI_OVERSOLD', 'RSI_OVERSOLD']","[289, 286, 284, 281, 216]"
europe,BFIT.AS,1d,"['RSI_OVERSOLD', 'hammer', 'hammer', 'RSI_OVERSOLD', 'hammer']","[401, 399, 56, 10, 2]"
europe,BFSA.DE,1d,"['rebound', 'engulfing', 'hammer', 'hammer', 'RSI_OVERSOLD']","[488, 472, 233, 218, 70]"
europe,BGEO.L,1d,"['RSI_OVERSOLD', 'RSI_OVERSOLD', 'inverted_hammer', 'RSI_OVERSOLD', 'RSI_OVERSOLD']","[1417, 1372, 750, 607, 602]"
europe,BGFD.L,1d,"['engulfing', 'RSI_OVERSOLD', 'RSI_OVERSOLD', 'inverted_hammer', 'inverted_hammer']","[597, 550, 494, 493, 442]"
europe,BHMG.L,1d,"['rebound', 'RSI_OVERSOLD', 'RSI_OVERSOLD', 'RSI_OVERSOLD', 'RSI_OVERSOLD']","[832, 713, 654, 651, 10]"
europe,BHP.L,1d,"['hammer', 'hammer', 'RSI_OVERSOLD', 'RSI_OVERSOLD', 'inverted_hammer']","[1087, 550, 527, 380, 266]"
europe,BKG.L,1d,"['rebound', 'RSI_OVERSOLD', 'piercing_line', 'RSI_OVERSOLD', 'engulfing, rebound']","[455, 329, 325, 321, 317]"
europe,BKT.MC,1d,"['RSI_OVERSOLD', 'RSI_OVERSOLD', 'RSI_OVERSOLD', 'RSI_OVERSOLD', 'RSI_OVERSOLD']","[1082, 908, 902, 555, 383]"
europe,BLND.L,1d,"['rebound', 'RSI_OVERSOLD', 'RSI_OVERSOLD', 'RSI_OVERSOLD', 'RSI_OVERSOLD']","[479, 440, 278, 147, 137]"
europe,BME.L,1d,"['RSI_OVERSOLD, rebound', 'piercing_line', 'RSI_OVERSOLD', 'RSI_OVERSOLD', 'RSI_OVERSOLD']","[475, 472, 440, 340, 312]"
europe,BMED.MI,1d,"['rebound', 'RSI_OVERSOLD', 'RSI_OVERSOLD', 'RSI_OVERSOLD', 'engulfing']","[899, 549, 380, 167, 163]"
europe,BMPS.MI,1d,"['hammer', 'engulfing', 'RSI_OVERSOLD', 'RSI_OVERSOLD', 'RSI_OVERSOLD']","[1007, 993, 902, 380, 151]"
europe,BMW.DE,1d,"['hammer', 'RSI_OVERSOLD', 'RSI_OVERSOLD', 'rebound', 'RSI_OVERSOLD']","[264, 150, 141, 139, 80]"
europe,BMY.L,1d,"['piercing_line', 'RSI_OVERSOLD', 'RSI_OVERSOLD', 'RSI_OVERSOLD', 'inverted_hammer']","[848, 405, 379, 348, 25]"
europe,BN.PA,1d,"['RSI_OVERSOLD', 'RSI_OVERSOLD', 'RSI_OVERSOLD', 'rebound', 'inverted_hammer']","[329, 182, 19, 6, 5]"
europe,BNKR.L,1d,"['inverted_hammer', 'RSI_OVERSOLD', 'engulfing', 'rebound', 'piercing_line']","[760, 550, 383, 379, 132]"
europe,BNP.PA,1d,"['RSI_OVERSOLD', 'RSI_OVERSOLD', 'hammer', 'RSI_OVERSOLD', 'RSI_OVERSOLD']","[246, 240, 134, 29, 4]"
europe,BNR.DE,1d,"['RSI_OVERSOLD', 'RSI_OVERSOLD', 'inverted_hammer', 'engulfing', 'RSI_OVERSOLD']","[440, 382, 331, 266, 152]"
europe,BNZL.L,1d,"['RSI_OVERSOLD', 'inverted_hammer', 'RSI_OVERSOLD', 'RSI_OVERSOLD', 'hammer']","[372, 371, 219, 19, 16]"
europe,BOL.ST,1d,"['RSI_OVERSOLD', 'RSI_OVERSOLD', 'rebound', 'piercing_line', 'RSI_OVERSOLD']","[544, 380, 376, 137, 134]"
europe,BOSS.DE,1d,"['RSI_OVERSOLD', 'hammer', 'hammer', 'RSI_OVERSOLD', 'engulfing']","[383, 382, 260, 235, 232]"
europe,BOWL.L,1d,"['inverted_hammer', 'RSI_OVERSOLD', 'inverted_hammer', 'RSI_OVERSOLD', 'engulfing']","[405, 399, 345, 21, 19]"
europe,BOY.L,1d,"['RSI_OVERSOLD', 'RSI_OVERSOLD', 'rebound', 'inverted_hammer', 'inverted_hammer']","[370, 147, 138, 7, 4]"
europe,BP.L,1d,"['rebound', 'RSI_OVERSOLD', 'RSI_OVERSOLD', 'RSI_OVERSOLD', 'piercing_line']","[377, 203, 72, 70, 68]"
europe,BPCR.L,1d,"['RSI_OVERSOLD', 'RSI_OVERSOLD', 'inverted_hammer', 'RSI_OVERSOLD', 'RSI_OVERSOLD']","[1086, 1008, 648, 523, 377]"
europe,BPE.MI,1d,"['engulfing', 'RSI_OVERSOLD', 'hammer', 'RSI_OVERSOLD', 'RSI_OVERSOLD']","[1164, 1074, 964, 801, 381]"
europe,BPT.L,1d,"['RSI_OVERSOLD', 'inverted_hammer', 'RSI_OVERSOLD', 'RSI_OVERSOLD', 'RSI_OVERSOLD']","[380, 375, 223, 151, 147]"
europe,BRBY.L,1d,"['engulfing', 'rebound', 'RSI_OVERSOLD', 'hammer', 'RSI_OVERSOLD']","[386, 384, 171, 101, 16]"
europe,BREE.L,1d,"['inverted_hammer', 'RSI_OVERSOLD', 'RSI_OVERSOLD', 'RSI_OVERSOLD', 'RSI_OVERSOLD']","[1033, 442, 330, 321, 306]"
europe,BRGE.L,1d,"['RSI_OVERSOLD', 'RSI_OVERSOLD, rebound', 'RSI_OVERSOLD', 'RSI_OVERSOLD', 'RSI_OVERSOLD']","[1166, 1158, 1091, 139, 133]"
europe,BRSC.L,1d,"['inverted_hammer', 'RSI_OVERSOLD', 'engulfing', 'rebound', 'RSI_OVERSOLD']","[835, 761, 407, 379, 134]"
europe,BRWM.L,1d,"['RSI_OVERSOLD', 'RSI_OVERSOLD', 'RSI_OVERSOLD', 'RSI_OVERSOLD', 'RSI_OVERSOLD']","[689, 550, 528, 453, 380]"
europe,BT-A.L,1d,"['RSI_OVERSOLD', 'RSI_OVERSOLD', 'RSI_OVERSOLD', 'rebound', 'hammer']","[804, 675, 258, 245, 10]"
europe,BTRW.L,1d,"['RSI_OVERSOLD', 'inverted_hammer', 'rebound', 'engulfing', 'RSI_OVERSOLD']","[278, 145, 139, 137, 129]"
europe,BUT.L,1d,"['rebound', 'inverted_hammer', 'RSI_OVERSOLD', 'RSI_OVERSOLD', 'RSI_OVERSOLD']","[1653, 1020, 440, 380, 249]"
europe,BVI.PA,1d,"['RSI_OVERSOLD', 'rebound', 'RSI_OVERSOLD', 'RSI_OVERSOLD', 'RSI_OVERSOLD']","[385, 383, 302, 210, 139]"
europe,BWLPG.OL,1d,"['RSI_OVERSOLD', 'RSI_OVERSOLD', 'rebound', 'RSI_OVERSOLD', 'RSI_OVERSOLD']","[396, 377, 376, 250, 143]"
europe,BWY.L,1d,"['RSI_OVERSOLD', 'RSI_OVERSOLD', 'RSI_OVERSOLD', 'rebound', 'inverted_hammer']","[440, 278, 144, 136, 19]"
europe,BYG.L,1d,"['RSI_OVERSOLD', 'RSI_OVERSOLD', 'RSI_OVERSOLD', 'engulfing', 'rebound']","[443, 436, 144, 142, 137]"
europe,BYIT.L,1d,"['RSI_OVERSOLD', 'RSI_OVERSOLD', 'inverted_hammer', 'RSI_OVERSOLD', 'RSI_OVERSOLD']","[321, 170, 168, 165, 136]"
europe,BZU.MI,1d,"['RSI_OVERSOLD', 'hammer', 'RSI_OVERSOLD', 'hammer', 'RSI_OVERSOLD']","[773, 556, 550, 451, 297]"
europe,CA.PA,1d,"['RSI_OVERSOLD', 'RSI_OVERSOLD', 'RSI_OVERSOLD', 'RSI_OVERSOLD', 'hammer']","[586, 470, 415, 328, 280]"
europe,CABK.MC,1d,"['RSI_OVERSOLD', 'RSI_OVERSOLD', 'RSI_OVERSOLD', 'RSI_OVERSOLD', 'RSI_OVERSOLD']","[786, 715, 555, 383, 4]"
europe,CAP.PA,1d,"['RSI_OVERSOLD', 'RSI_OVERSOLD', 'rebound', 'RSI_OVERSOLD', 'rebound']","[409, 388, 383, 172, 166]"
europe,CARL-B.CO,1d,"['rebound', 'RSI_OVERSOLD', 'inverted_hammer', 'RSI_OVERSOLD', 'RSI_OVERSOLD']","[295, 278, 277, 253, 136]"
europe,CBG.L,1d,"['rebound', 'hammer', 'RSI_OVERSOLD', 'hammer', 'RSI_OVERSOLD']","[482, 220, 219, 147, 142]"
europe,CBK.DE,1d,"['RSI_OVERSOLD', 'hammer', 'hammer, RSI_OVERSOLD', 'inverted_hammer', 'hammer']","[551, 549, 471, 470, 469]"
europe,CCC.L,1d,"['inverted_hammer, RSI_OVERSOLD', 'engulfing', 'RSI_OVERSOLD', 'RSI_OVERSOLD', 'inverted_hammer']","[526, 493, 452, 321, 140]"
europe,CCEP.L,1d,"['inverted_hammer', 'inverted_hammer', 'inverted_hammer', 'RSI_OVERSOLD', 'inverted_hammer, RSI_OVERSOLD']","[1038, 1037, 1035, 759, 191]"
europe,CCH.L,1d,"['RSI_OVERSOLD', 'rebound', 'RSI_OVERSOLD', 'rebound', 'hammer']","[259, 258, 257, 254, 33]"
europe,CFR.SW,1d,"['RSI_OVERSOLD', 'inverted_hammer', 'RSI_OVERSOLD', 'RSI_OVERSOLD', 'rebound']","[151, 149, 147, 139, 137]"
europe,CGT.L,1d,"['inverted_hammer', 'inverted_hammer', 'RSI_OVERSOLD', 'inverted_hammer', 'RSI_OVERSOLD']","[673, 590, 379, 14, 12]"
europe,CHG.L,1d,"['RSI_OVERSOLD', 'RSI_OVERSOLD', 'engulfing', 'inverted_hammer', 'RSI_OVERSOLD']","[226, 222, 29, 27, 19]"
europe,CKN.L,1d,"['RSI_OVERSOLD', 'RSI_OVERSOLD', 'RSI_OVERSOLD', 'rebound', 'inverted_hammer']","[399, 390, 381, 379, 70]"
europe,CLDN.L,1d,"['RSI_OVERSOLD', 'RSI_OVERSOLD', 'inverted_hammer', 'RSI_OVERSOLD', 'RSI_OVERSOLD']","[1017, 834, 316, 181, 167]"
europe,CLN.SW,1d,"['RSI_OVERSOLD', 'rebound', 'RSI_OVERSOLD', 'hammer', 'hammer']","[441, 375, 263, 245, 70]"
europe,CLNX.MC,1d,"['hammer', 'rebound', 'RSI_OVERSOLD', 'RSI_OVERSOLD', 'RSI_OVERSOLD']","[227, 224, 139, 70, 64]"
europe,CMCX.L,1d,"['RSI_OVERSOLD', 'RSI_OVERSOLD', 'engulfing', 'RSI_OVERSOLD', 'inverted_hammer']","[841, 443, 442, 408, 390]"
europe,CNA.L,1d,"['RSI_OVERSOLD', 'inverted_hammer', 'RSI_OVERSOLD', 'inverted_hammer', 'RSI_OVERSOLD']","[1115, 551, 550, 485, 219]"
europe,COA.L,1d,"['RSI_OVERSOLD', 'engulfing', 'RSI_OVERSOLD', 'RSI_OVERSOLD', 'rebound']","[1016, 1014, 822, 408, 399]"
europe,COFA.PA,1d,"['inverted_hammer', 'RSI_OVERSOLD', 'hammer', 'inverted_hammer', 'RSI_OVERSOLD']","[465, 383, 247, 236, 235]"
europe,COL.MC,1d,"['hammer', 'RSI_OVERSOLD', 'RSI_OVERSOLD', 'hammer', 'RSI_OVERSOLD']","[35, 26, 19, 13, 5]"
europe,COLO-B.CO,1d,"['engulfing', 'RSI_OVERSOLD', 'RSI_OVERSOLD', 'engulfing', 'RSI_OVERSOLD, rebound']","[348, 327, 165, 163, 136]"
europe,COLR.BR,1d,"['inverted_hammer', 'RSI_OVERSOLD', 'RSI_OVERSOLD', 'inverted_hammer', 'RSI_OVERSOLD']","[334, 263, 259, 18, 4]"
europe,CON.DE,1d,"['RSI_OVERSOLD', 'RSI_OVERSOLD', 'RSI_OVERSOLD', 'RSI_OVERSOLD, rebound', 'inverted_hammer']","[525, 381, 150, 141, 54]"
europe,COR.LS,1d,"['RSI_OVERSOLD', 'rebound', 'RSI_OVERSOLD', 'RSI_OVERSOLD', 'rebound']","[235, 232, 153, 141, 139]"
europe,CORD.L,1d,"['RSI_OVERSOLD', 'RSI_OVERSOLD', 'hammer', 'RSI_OVERSOLD', 'RSI_OVERSOLD']","[779, 428, 427, 397, 379]"
europe,COST.L,1d,"['RSI_OVERSOLD', 'RSI_OVERSOLD', 'RSI_OVERSOLD', 'RSI_OVERSOLD', 'RSI_OVERSOLD']","[1214, 1164, 994, 431, 286]"
europe,CPG.L,1d,"['hammer', 'engulfing', 'RSI_OVERSOLD', 'RSI_OVERSOLD', 'rebound']","[804, 765, 391, 180, 169]"
europe,CPR.MI,1d,"['RSI_OVERSOLD', 'engulfing', 'inverted_hammer', 'rebound', 'RSI_OVERSOLD']","[273, 268, 265, 260, 106]"
europe,CRBN.AS,1d,"['RSI_OVERSOLD', 'RSI_OVERSOLD', 'RSI_OVERSOLD', 'engulfing', 'rebound']","[406, 303, 154, 152, 139]"
europe,CRDA.L,1d,"['hammer', 'RSI_OVERSOLD', 'RSI_OVERSOLD', 'RSI_OVERSOLD', 'piercing_line']","[696, 490, 438, 302, 300]"
europe,CS.PA,1d,"['RSI_OVERSOLD', 'hammer', 'RSI_OVERSOLD', 'RSI_OVERSOLD', 'RSI_OVERSOLD']","[383, 285, 237, 182, 180]"
europe,CSN.L,1d,"['hammer', 'rebound', 'RSI_OVERSOLD', 'RSI_OVERSOLD', 'RSI_OVERSOLD']","[1664, 1661, 1157, 748, 379]"
europe,CTEC.L,1d,"['RSI_OVERSOLD', 'RSI_OVERSOLD', 'RSI_OVERSOLD', 'RSI_OVERSOLD', 'RSI_OVERSOLD']","[377, 321, 312, 301, 299]"
europe,CTT.LS,1d,"['RSI_OVERSOLD', 'hammer', 'RSI_OVERSOLD', 'piercing_line', 'RSI_OVERSOLD']","[182, 150, 141, 139, 4]"
europe,CTY.L,1d,"['hammer', 'inverted_hammer, RSI_OVERSOLD', 'engulfing', 'RSI_OVERSOLD', 'rebound']","[835, 834, 452, 380, 379]"
europe,CURY.L,1d,"['RSI_OVERSOLD', 'RSI_OVERSOLD', 'RSI_OVERSOLD', 'hammer', 'RSI_OVERSOLD']","[898, 793, 231, 223, 219]"
europe,CVSG.L,1d,"['RSI_OVERSOLD', 'RSI_OVERSOLD, rebound', 'RSI_OVERSOLD', 'RSI_OVERSOLD', 'engulfing']","[658, 650, 629, 480, 478]"
europe,CWK.L,1d,"['RSI_OVERSOLD', 'RSI_OVERSOLD, rebound', 'inverted_hammer', 'hammer', 'inverted_hammer']","[1120, 1112, 921, 588, 443]"
europe,CWR.L,1d,"['inverted_hammer', 'engulfing', 'RSI_OVERSOLD', 'RSI_OVERSOLD', 'RSI_OVERSOLD']","[409, 405, 202, 57, 50]"
europe,DANSKE.CO,1d,"['rebound', 'hammer', 'RSI_OVERSOLD', 'RSI_OVERSOLD', 'rebound']","[1146, 1003, 498, 373, 372]"
europe,DATA.L,1d,"['inverted_hammer', 'RSI_OVERSOLD', 'rebound', 'engulfing', 'RSI_OVERSOLD']","[236, 171, 156, 139, 17]"
europe,DB1.DE,1d,"['RSI_OVERSOLD', 'RSI_OVERSOLD', 'inverted_hammer', 'rebound', 'RSI_OVERSOLD']","[305, 271, 270, 266, 231]"
europe,DBK.DE,1d,"['RSI_OVERSOLD', 'inverted_hammer', 'RSI_OVERSOLD', 'RSI_OVERSOLD', 'RSI_OVERSOLD']","[552, 379, 149, 146, 141]"
europe,DCC.L,1d,"['RSI_OVERSOLD', 'hammer', 'engulfing', 'RSI_OVERSOLD', 'rebound']","[829, 823, 632, 380, 379]"
europe,DEMANT.CO,1d,"['inverted_hammer', 'hammer', 'inverted_hammer', 'RSI_OVERSOLD', 'RSI_OVERSOLD']","[505, 411, 296, 256, 167]"
europe,DG.PA,1d,"['rebound', 'RSI_OVERSOLD', 'RSI_OVERSOLD', 'RSI_OVERSOLD', 'RSI_OVERSOLD']","[591, 383, 285, 27, 4]"
europe,DGE.L,1d,"['inverted_hammer', 'piercing_line', 'RSI_OVERSOLD', 'engulfing', 'RSI_OVERSOLD']","[626, 596, 487, 259, 139]"
europe,DHER.DE,1d,"['hammer, RSI_OVERSOLD', 'rebound', 'hammer', 'engulfing', 'inverted_hammer']","[233, 230, 224, 222, 166]"
europe,DHL.DE,1d,"['RSI_OVERSOLD', 'RSI_OVERSOLD', 'RSI_OVERSOLD', 'RSI_OVERSOLD', 'rebound']","[747, 656, 484, 382, 381]"
europe,DIA.MI,1d,"['engulfing', 'hammer', 'hammer', 'RSI_OVERSOLD', 'RSI_OVERSOLD']","[382, 319, 317, 231, 139]"
europe,DIE.BR,1d,"['hammer', 'RSI_OVERSOLD', 'RSI_OVERSOLD', 'RSI_OVERSOLD', 'RSI_OVERSOLD']","[555, 278, 234, 140, 138]"
europe,DLN.L,1d,"['RSI_OVERSOLD', 'rebound', 'RSI_OVERSOLD', 'engulfing', 'RSI_OVERSOLD']","[292, 277, 221, 218, 138]"
europe,DNB.OL,1d,"['inverted_hammer', 'RSI_OVERSOLD', 'inverted_hammer', 'RSI_OVERSOLD', 'rebound']","[930, 611, 523, 376, 375]"
europe,DNLM.L,1d,"['RSI_OVERSOLD', 'RSI_OVERSOLD', 'rebound', 'RSI_OVERSOLD', 'RSI_OVERSOLD']","[184, 144, 132, 112, 21]"
europe,DOCS.L,1d,"['RSI_OVERSOLD', 'RSI_OVERSOLD', 'RSI_OVERSOLD', 'inverted_hammer', 'RSI_OVERSOLD']","[381, 222, 176, 175, 19]"
europe,DOM.L,1d,"['engulfing', 'RSI_OVERSOLD', 'rebound', 'RSI_OVERSOLD', 'engulfing']","[293, 250, 230, 227, 220]"
europe,DPLM.L,1d,"['inverted_hammer', 'inverted_hammer', 'inverted_hammer', 'RSI_OVERSOLD', 'hammer']","[1036, 935, 824, 380, 145]"
europe,DRW3.DE,1d,"['rebound', 'RSI_OVERSOLD', 'rebound', 'piercing_line', 'RSI_OVERSOLD']","[1223, 1043, 1029, 1024, 852]"
europe,DRX.L,1d,"['RSI_OVERSOLD', 'RSI_OVERSOLD', 'RSI_OVERSOLD, rebound', 'rebound', 'RSI_OVERSOLD']","[850, 777, 774, 768, 78]"
europe,DSCV.L,1d,"['inverted_hammer', 'RSI_OVERSOLD', 'RSI_OVERSOLD', 'RSI_OVERSOLD', 'inverted_hammer']","[427, 414, 405, 379, 280]"
europe,DSFIR.AS,1d,"['rebound', 'RSI_OVERSOLD', 'inverted_hammer', 'rebound', 'engulfing']","[302, 270, 267, 266, 264]"
europe,DSV.CO,1d,"['engulfing', 'hammer', 'engulfing', 'RSI_OVERSOLD', 'rebound']","[53, 51, 50, 16, 5]"
europe,DSY.PA,1d,"['RSI_OVERSOLD', 'RSI_OVERSOLD', 'engulfing', 'inverted_hammer', 'engulfing']","[240, 167, 78, 20, 19]"
europe,DTE.DE,1d,"['RSI_OVERSOLD', 'RSI_OVERSOLD', 'rebound', 'RSI_OVERSOLD', 'RSI_OVERSOLD']","[264, 237, 233, 119, 72]"
europe,DTG.DE,1d,"['RSI_OVERSOLD', 'rebound', 'RSI_OVERSOLD', 'engulfing', 'RSI_OVERSOLD']","[529, 525, 383, 271, 258]"
europe,ECMPA.AS,1d,"['RSI_OVERSOLD', 'RSI_OVERSOLD', 'RSI_OVERSOLD', 'RSI_OVERSOLD', 'RSI_OVERSOLD']","[1173, 1030, 902, 383, 381]"
europe,EDEN.PA,1d,"['RSI_OVERSOLD', 'RSI_OVERSOLD', 'rebound', 'inverted_hammer', 'RSI_OVERSOLD']","[370, 276, 272, 267, 136]"
europe,EDIN.L,1d,"['RSI_OVERSOLD', 'RSI_OVERSOLD', 'engulfing', 'RSI_OVERSOLD', 'rebound']","[900, 824, 452, 380, 379]"
europe,EDP.LS,1d,"['rebound', 'RSI_OVERSOLD', 'RSI_OVERSOLD', 'engulfing', 'hammer']","[435, 232, 230, 229, 227]"
europe,EDPR.LS,1d,"['RSI_OVERSOLD, rebound', 'inverted_hammer', 'inverted_hammer', 'RSI_OVERSOLD', 'RSI_OVERSOLD']","[488, 467, 435, 383, 17]"
europe,EDV.L,1d,"['rebound', 'inverted_hammer', 'RSI_OVERSOLD', 'rebound', 'RSI_OVERSOLD']","[795, 794, 697, 689, 478]"
europe,EGL.LS,1d,"['rebound', 'RSI_OVERSOLD', 'RSI_OVERSOLD', 'rebound', 'RSI_OVERSOLD']","[1031, 633, 533, 528, 223]"
europe,EL.PA,1d,"['RSI_OVERSOLD', 'RSI_OVERSOLD', 'hammer', 'RSI_OVERSOLD', 'RSI_OVERSOLD']","[132, 112, 71, 23, 19]"
europe,ELE.MC,1d,"['RSI_OVERSOLD', 'RSI_OVERSOLD', 'rebound', 'RSI_OVERSOLD', 'RSI_OVERSOLD']","[1047, 1027, 1017, 753, 748]"
europe,ELG.DE,1d,"['RSI_OVERSOLD', 'rebound', 'RSI_OVERSOLD', 'hammer', 'RSI_OVERSOLD']","[383, 381, 278, 201, 50]"
europe,ELI.BR,1d,"['rebound', 'rebound', 'RSI_OVERSOLD', 'RSI_OVERSOLD', 'RSI_OVERSOLD']","[445, 444, 435, 48, 24]"
europe,ELISA.HE,1d,"['hammer', 'RSI_OVERSOLD', 'rebound', 'RSI_OVERSOLD', 'rebound']","[374, 238, 231, 79, 70]"
europe,ELM.L,1d,"['inverted_hammer', 'RSI_OVERSOLD', 'RSI_OVERSOLD', 'rebound', 'RSI_OVERSOLD']","[1092, 488, 390, 380, 148]"
europe,ELUX-B.ST,1d,"['RSI_OVERSOLD', 'rebound', 'engulfing', 'RSI_OVERSOLD', 'RSI_OVERSOLD']","[115, 100, 97, 65, 63]"
europe,EMG.L,1d,"['RSI_OVERSOLD', 'RSI_OVERSOLD', 'rebound', 'engulfing', 'inverted_hammer']","[1164, 898, 375, 373, 299]"
europe,EMSN.SW,1d,"['hammer', 'RSI_OVERSOLD', 'RSI_OVERSOLD', 'inverted_hammer', 'RSI_OVERSOLD']","[380, 377, 265, 231, 230]"
europe,EN.PA,1d,"['RSI_OVERSOLD', 'rebound', 'RSI_OVERSOLD', 'RSI_OVERSOLD', 'RSI_OVERSOLD']","[594, 591, 512, 29, 25]"
europe,ENEL.MI,1d,"['RSI_OVERSOLD', 'hammer', 'RSI_OVERSOLD', 'RSI_OVERSOLD', 'RSI_OVERSOLD']","[763, 683, 631, 482, 25]"
europe,ENG.MC,1d,"['RSI_OVERSOLD', 'RSI_OVERSOLD, rebound', 'RSI_OVERSOLD', 'RSI_OVERSOLD', 'RSI_OVERSOLD']","[680, 667, 488, 457, 455]"
europe,ENGI.PA,1d,"['rebound', 'hammer', 'RSI_OVERSOLD', 'RSI_OVERSOLD', 'RSI_OVERSOLD']","[592, 473, 285, 29, 25]"
europe,ENI.MI,1d,"['RSI_OVERSOLD', 'RSI_OVERSOLD', 'RSI_OVERSOLD', 'rebound', 'inverted_hammer']","[454, 403, 380, 378, 81]"
europe,ENOG.L,1d,"['inverted_hammer, RSI_OVERSOLD, rebound', 'hammer', 'RSI_OVERSOLD', 'RSI_OVERSOLD', 'rebound']","[379, 210, 92, 81, 79]"
europe,ENR.DE,1d,"['rebound', 'RSI_OVERSOLD', 'RSI_OVERSOLD', 'RSI_OVERSOLD, rebound', 'RSI_OVERSOLD']","[796, 784, 750, 747, 85]"
europe,ENT.L,1d,"['rebound', 'rebound', 'RSI_OVERSOLD', 'RSI_OVERSOLD', 'rebound']","[173, 163, 162, 13, 7]"
europe,EOAN.DE,1d,"['RSI_OVERSOLD', 'RSI_OVERSOLD, rebound', 'RSI_OVERSOLD', 'RSI_OVERSOLD', 'RSI_OVERSOLD']","[455, 442, 278, 226, 38]"
europe,EPI-A.ST,1d,"['hammer', 'hammer', 'inverted_hammer', 'RSI_OVERSOLD', 'RSI_OVERSOLD']","[673, 445, 327, 139, 57]"
europe,EQNR.OL,1d,"['RSI_OVERSOLD', 'RSI_OVERSOLD', 'inverted_hammer', 'hammer', 'RSI_OVERSOLD']","[890, 884, 709, 681, 665]"
europe,EQT.ST,1d,"['rebound', 'inverted_hammer', 'hammer', 'RSI_OVERSOLD', 'RSI_OVERSOLD']","[156, 75, 25, 9, 4]"
europe,ERF.PA,1d,"['RSI_OVERSOLD', 'RSI_OVERSOLD', 'RSI_OVERSOLD', 'inverted_hammer', 'inverted_hammer']","[585, 579, 499, 498, 261]"
europe,ERG.MI,1d,"['engulfing', 'RSI_OVERSOLD', 'rebound', 'inverted_hammer', 'RSI_OVERSOLD']","[648, 494, 484, 139, 50]"
europe,ERIC-B.ST,1d,"['rebound', 'inverted_hammer', 'RSI_OVERSOLD', 'hammer', 'inverted_hammer']","[375, 331, 310, 65, 60]"
europe,ESCT.L,1d,"['RSI_OVERSOLD', 'RSI_OVERSOLD', 'rebound', 'inverted_hammer', 'RSI_OVERSOLD']","[1016, 380, 379, 222, 136]"
europe,ESSITY-B.ST,1d,"['RSI_OVERSOLD', 'engulfing', 'inverted_hammer', 'piercing_line', 'RSI_OVERSOLD']","[308, 305, 262, 260, 139]"
europe,EUZ.DE,1d,"['RSI_OVERSOLD', 'engulfing', 'engulfing', 'RSI_OVERSOLD', 'RSI_OVERSOLD']","[202, 199, 57, 54, 13]"
europe,EVD.DE,1d,"['RSI_OVERSOLD', 'inverted_hammer', 'rebound', 'rebound', 'RSI_OVERSOLD, rebound']","[165, 157, 156, 140, 135]"
europe,EVK.DE,1d,"['RSI_OVERSOLD', 'rebound', 'rebound', 'RSI_OVERSOLD', 'rebound']","[262, 258, 248, 228, 213]"
europe,EVO.ST,1d,"['RSI_OVERSOLD, rebound', 'RSI_OVERSOLD', 'RSI_OVERSOLD', 'RSI_OVERSOLD, rebound', 'hammer']","[238, 185, 172, 163, 73]"
europe,EVT.DE,1d,"['RSI_OVERSOLD', 'hammer', 'RSI_OVERSOLD', 'RSI_OVERSOLD', 'RSI_OVERSOLD']","[148, 145, 61, 18, 12]"
europe,EWG.L,1d,"['RSI_OVERSOLD', 'inverted_hammer', 'RSI_OVERSOLD', 'inverted_hammer', 'RSI_OVERSOLD']","[659, 646, 640, 417, 19]"
europe,EWI.L,1d,"['inverted_hammer', 'RSI_OVERSOLD', 'rebound', 'engulfing', 'engulfing']","[676, 381, 379, 137, 46]"
europe,EXO.AS,1d,"['inverted_hammer', 'RSI_OVERSOLD', 'rebound', 'RSI_OVERSOLD']","[459, 388, 384, 140]"
europe,EXPN.L,1d,"['RSI_OVERSOLD', 'inverted_hammer', 'RSI_OVERSOLD', 'rebound', 'RSI_OVERSOLD']","[379, 345, 220, 170, 7]"
europe,EZJ.L,1d,"['RSI_OVERSOLD', 'RSI_OVERSOLD', 'rebound', 'rebound', 'engulfing']","[380, 151, 147, 142, 137]"
europe,FAGR.AS,1d,,
europe,FAN.L,1d,"['inverted_hammer', 'inverted_hammer, RSI_OVERSOLD', 'RSI_OVERSOLD', 'engulfing', 'hammer']","[781, 438, 143, 140, 16]"
europe,FBK.MI,1d,"['RSI_OVERSOLD', 'hammer', 'RSI_OVERSOLD', 'RSI_OVERSOLD', 'inverted_hammer']","[779, 484, 381, 167, 151]"
europe,FCH.L,1d,"['inverted_hammer', 'RSI_OVERSOLD', 'RSI_OVERSOLD', 'RSI_OVERSOLD', 'RSI_OVERSOLD']","[1058, 423, 419, 275, 15]"
europe,FCIT.L,1d,"['RSI_OVERSOLD', 'hammer', 'RSI_OVERSOLD', 'rebound', 'rebound']","[403, 400, 381, 380, 379]"
europe,FCSS.L,1d,"['RSI_OVERSOLD', 'RSI_OVERSOLD', 'RSI_OVERSOLD', 'RSI_OVERSOLD', 'RSI_OVERSOLD']","[525, 380, 151, 137, 77]"
europe,FCT.MI,1d,"['RSI_OVERSOLD', 'RSI_OVERSOLD', 'RSI_OVERSOLD', 'RSI_OVERSOLD', 'hammer']","[202, 115, 107, 73, 8]"
europe,FDR.MC,1d,"['rebound', 'engulfing', 'RSI_OVERSOLD', 'RSI_OVERSOLD', 'hammer']","[149, 139, 106, 17, 16]"
europe,FEML.L,1d,"['RSI_OVERSOLD', 'inverted_hammer', 'inverted_hammer', 'RSI_OVERSOLD', 'RSI_OVERSOLD']","[900, 741, 528, 527, 380]"
europe,FER.MC,1d,"['RSI_OVERSOLD', 'RSI_OVERSOLD', 'RSI_OVERSOLD', 'engulfing', 'rebound']","[383, 51, 30, 21, 19]"
europe,FEV.L,1d,"['RSI_OVERSOLD', 'rebound', 'RSI_OVERSOLD', 'rebound', 'hammer']","[380, 379, 147, 137, 16]"
europe,FGEN.L,1d,"['RSI_OVERSOLD', 'inverted_hammer', 'RSI_OVERSOLD', 'rebound', 'RSI_OVERSOLD']","[457, 453, 274, 264, 225]"
europe,FGP.L,1d,"['engulfing', 'inverted_hammer', 'RSI_OVERSOLD', 'RSI_OVERSOLD', 'RSI_OVERSOLD']","[985, 674, 583, 223, 139]"
europe,FGT.L,1d,"['RSI_OVERSOLD', 'RSI_OVERSOLD, rebound', 'engulfing', 'RSI_OVERSOLD', 'RSI_OVERSOLD']","[176, 171, 169, 168, 165]"
europe,FHZN.SW,1d,"['RSI_OVERSOLD', 'RSI_OVERSOLD', 'inverted_hammer', 'engulfing', 'RSI_OVERSOLD']","[112, 28, 25, 24, 13]"
europe,FLOW.AS,1d,"['inverted_hammer', 'RSI_OVERSOLD', 'RSI_OVERSOLD', 'inverted_hammer', 'RSI_OVERSOLD']","[306, 238, 95, 94, 7]"
europe,FLS.CO,1d,"['RSI_OVERSOLD', 'rebound', 'RSI_OVERSOLD', 'RSI_OVERSOLD', 'inverted_hammer']","[222, 218, 136, 108, 102]"
europe,FME.DE,1d,"['RSI_OVERSOLD', 'inverted_hammer, RSI_OVERSOLD', 'RSI_OVERSOLD', 'RSI_OVERSOLD', 'RSI_OVERSOLD']","[233, 229, 183, 111, 24]"
europe,FNTN.DE,1d,"['RSI_OVERSOLD', 'RSI_OVERSOLD', 'RSI_OVERSOLD', 'RSI_OVERSOLD', 'RSI_OVERSOLD']","[672, 452, 351, 255, 156]"
europe,FORTUM.HE,1d,"['RSI_OVERSOLD', 'inverted_hammer', 'hammer', 'engulfing', 'engulfing']","[666, 665, 449, 447, 284]"
europe,FOUR.L,1d,"['RSI_OVERSOLD', 'RSI_OVERSOLD', 'engulfing', 'rebound', 'inverted_hammer']","[524, 397, 388, 379, 142]"
europe,FPE3.DE,1d,"['rebound', 'RSI_OVERSOLD', 'RSI_OVERSOLD', 'RSI_OVERSOLD', 'RSI_OVERSOLD']","[558, 312, 302, 265, 262]"
europe,FRA.DE,1d,"['hammer', 'hammer', 'engulfing', 'RSI_OVERSOLD', 'RSI_OVERSOLD']","[61, 54, 53, 36, 19]"
europe,FRAS.L,1d,"['inverted_hammer', 'RSI_OVERSOLD', 'inverted_hammer', 'RSI_OVERSOLD', 'hammer']","[455, 451, 151, 138, 132]"
europe,FRE.DE,1d,"['RSI_OVERSOLD', 'RSI_OVERSOLD', 'RSI_OVERSOLD', 'RSI_OVERSOLD', 'hammer']","[758, 118, 111, 105, 94]"
europe,FRES.L,1d,"['RSI_OVERSOLD', 'rebound', 'engulfing', 'RSI_OVERSOLD', 'engulfing']","[804, 793, 792, 689, 137]"
europe,FRO.OL,1d,"['RSI_OVERSOLD', 'RSI_OVERSOLD', 'hammer', 'rebound', 'RSI_OVERSOLD']","[485, 463, 457, 453, 376]"
europe,FSG.L,1d,"['engulfing', 'RSI_OVERSOLD', 'inverted_hammer', 'RSI_OVERSOLD', 'rebound']","[378, 213, 170, 138, 136]"
europe,FSV.L,1d,"['RSI_OVERSOLD', 'inverted_hammer', 'RSI_OVERSOLD', 'rebound', 'RSI_OVERSOLD']","[834, 747, 380, 379, 138]"
europe,FUR.AS,1d,"['RSI_OVERSOLD', 'inverted_hammer', 'RSI_OVERSOLD', 'RSI_OVERSOLD', 'RSI_OVERSOLD']","[48, 22, 20, 17, 12]"
europe,G.MI,1d,"['RSI_OVERSOLD', 'hammer', 'RSI_OVERSOLD', 'RSI_OVERSOLD', 'RSI_OVERSOLD']","[1166, 1127, 1098, 549, 380]"
europe,G1A.DE,1d,"['hammer', 'RSI_OVERSOLD', 'RSI_OVERSOLD', 'RSI_OVERSOLD', 'RSI_OVERSOLD, rebound']","[802, 748, 381, 220, 209]"
europe,G24.DE,1d,"['rebound', 'RSI_OVERSOLD', 'rebound', 'hammer, RSI_OVERSOLD', 'RSI_OVERSOLD']","[224, 172, 166, 156, 140]"
europe,GALD.SW,1d,"['RSI_OVERSOLD', 'RSI_OVERSOLD', 'hammer', 'RSI_OVERSOLD', 'engulfing']","[549, 395, 177, 23, 15]"
europe,GALE.SW,1d,"['hammer', 'RSI_OVERSOLD', 'RSI_OVERSOLD', 'hammer', 'RSI_OVERSOLD']","[508, 446, 136, 46, 43]"
europe,GALP.LS,1d,"['RSI_OVERSOLD, rebound', 'piercing_line', 'RSI_OVERSOLD', 'RSI_OVERSOLD', 'RSI_OVERSOLD']","[517, 516, 483, 383, 210]"
europe,GAMA.L,1d,"['inverted_hammer', 'hammer', 'RSI_OVERSOLD', 'RSI_OVERSOLD', 'engulfing']","[222, 191, 136, 74, 72]"
europe,GAW.L,1d,"['inverted_hammer, RSI_OVERSOLD', 'RSI_OVERSOLD', 'engulfing', 'RSI_OVERSOLD', 'RSI_OVERSOLD']","[1021, 715, 712, 379, 20]"
europe,GBF.DE,1d,"['RSI_OVERSOLD', 'engulfing', 'RSI_OVERSOLD', 'RSI_OVERSOLD', 'engulfing']","[140, 113, 103, 14, 11]"
europe,GBLB.BR,1d,"['RSI_OVERSOLD', 'RSI_OVERSOLD', 'hammer', 'inverted_hammer', 'RSI_OVERSOLD']","[232, 140, 29, 6, 5]"
europe,GCP.L,1d,"['RSI_OVERSOLD', 'engulfing', 'RSI_OVERSOLD', 'piercing_line', 'inverted_hammer']","[792, 790, 485, 277, 144]"
europe,GDWN.L,1d,"['inverted_hammer', 'inverted_hammer', 'RSI_OVERSOLD', 'inverted_hammer', 'RSI_OVERSOLD']","[390, 382, 380, 157, 137]"
europe,GEBN.SW,1d,"['RSI_OVERSOLD', 'RSI_OVERSOLD', 'RSI_OVERSOLD', 'rebound', 'engulfing']","[375, 277, 148, 139, 137]"
europe,GEN.L,1d,"['RSI_OVERSOLD', 'engulfing', 'piercing_line', 'hammer', 'inverted_hammer']","[224, 222, 220, 114, 19]"
europe,GET.PA,1d,"['inverted_hammer', 'rebound', 'RSI_OVERSOLD', 'RSI_OVERSOLD', 'RSI_OVERSOLD']","[1043, 1032, 678, 280, 269]"
europe,GF.SW,1d,"['RSI_OVERSOLD', 'RSI_OVERSOLD, rebound', 'RSI_OVERSOLD', 'rebound', 'engulfing']","[242, 228, 152, 147, 137]"
europe,GFRD.L,1d,"['RSI_OVERSOLD', 'RSI_OVERSOLD', 'RSI_OVERSOLD', 'RSI_OVERSOLD', 'engulfing']","[1658, 1544, 1225, 1074, 224]"
europe,GFTU.L,1d,"['engulfing', 'RSI_OVERSOLD', 'RSI_OVERSOLD', 'RSI_OVERSOLD', 'inverted_hammer']","[623, 442, 439, 403, 330]"
europe,GIL.DE,1d,"['engulfing', 'rebound', 'inverted_hammer', 'hammer', 'hammer']","[1681, 1673, 1169, 1084, 2]"
europe,GIVN.SW,1d,"['RSI_OVERSOLD', 'RSI_OVERSOLD', 'RSI_OVERSOLD', 'piercing_line', 'RSI_OVERSOLD']","[203, 174, 145, 144, 139]"
europe,GJF.OL,1d,"['hammer', 'hammer', 'RSI_OVERSOLD', 'RSI_OVERSOLD', 'RSI_OVERSOLD']","[673, 472, 237, 177, 10]"
europe,GLE.PA,1d,"['RSI_OVERSOLD', 'RSI_OVERSOLD', 'inverted_hammer', 'RSI_OVERSOLD', 'RSI_OVERSOLD']","[556, 384, 145, 29, 4]"
europe,GLEN.L,1d,"['RSI_OVERSOLD', 'hammer, rebound', 'RSI_OVERSOLD', 'rebound', 'hammer']","[552, 547, 382, 378, 11]"
europe,GMAB.CO,1d,"['engulfing', 'RSI_OVERSOLD', 'rebound', 'RSI_OVERSOLD', 'RSI_OVERSOLD']","[672, 508, 507, 468, 372]"
europe,GN.CO,1d,"['RSI_OVERSOLD', 'RSI_OVERSOLD', 'rebound', 'RSI_OVERSOLD', 'RSI_OVERSOLD']","[396, 374, 372, 218, 166]"
europe,GNC.L,1d,"['RSI_OVERSOLD', 'RSI_OVERSOLD', 'RSI_OVERSOLD', 'engulfing', 'RSI_OVERSOLD']","[441, 384, 263, 136, 93]"
europe,GNS.L,1d,"['RSI_OVERSOLD', 'RSI_OVERSOLD', 'inverted_hammer', 'RSI_OVERSOLD', 'inverted_hammer']","[480, 442, 113, 112, 17]"
europe,GPE.L,1d,"['RSI_OVERSOLD', 'RSI_OVERSOLD', 'RSI_OVERSOLD', 'RSI_OVERSOLD', 'inverted_hammer']","[402, 278, 222, 138, 27]"
europe,GRF.MC,1d,"['RSI_OVERSOLD', 'RSI_OVERSOLD', 'RSI_OVERSOLD', 'RSI_OVERSOLD', 'RSI_OVERSOLD']","[388, 383, 381, 234, 147]"
europe,GRG.L,1d,"['RSI_OVERSOLD', 'RSI_OVERSOLD', 'RSI_OVERSOLD', 'RSI_OVERSOLD', 'RSI_OVERSOLD']","[403, 379, 321, 302, 223]"
europe,GRI.L,1d,"['inverted_hammer', 'RSI_OVERSOLD', 'RSI_OVERSOLD', 'RSI_OVERSOLD', 'piercing_line']","[658, 278, 268, 138, 111]"
europe,GROW.L,1d,"['RSI_OVERSOLD', 'hammer, RSI_OVERSOLD', 'engulfing', 'RSI_OVERSOLD', 'hammer']","[474, 441, 439, 438, 151]"
europe,GSCT.L,1d,"['RSI_OVERSOLD', 'inverted_hammer', 'RSI_OVERSOLD', 'RSI_OVERSOLD', 'inverted_hammer']","[898, 759, 749, 403, 399]"
europe,GSK.L,1d,"['RSI_OVERSOLD', 'RSI_OVERSOLD', 'hammer', 'RSI_OVERSOLD', 'rebound']","[379, 377, 181, 112, 99]"
europe,GXI.DE,1d,"['RSI_OVERSOLD', 'RSI_OVERSOLD', 'rebound', 'RSI_OVERSOLD', 'RSI_OVERSOLD']","[262, 251, 250, 167, 156]"
europe,HAFNI.OL,1d,"['RSI_OVERSOLD', 'RSI_OVERSOLD', 'hammer', 'RSI_OVERSOLD', 'hammer']","[402, 395, 394, 197, 142]"
europe,HAG.DE,1d,"['rebound', 'hammer', 'RSI_OVERSOLD', 'RSI_OVERSOLD', 'RSI_OVERSOLD']","[761, 722, 588, 520, 220]"
europe,HANA.L,1d,"['inverted_hammer', 'inverted_hammer', 'inverted_hammer', 'hammer', 'inverted_hammer']","[856, 588, 432, 430, 52]"
europe,HAS.L,1d,"['RSI_OVERSOLD', 'engulfing', 'RSI_OVERSOLD', 'rebound', 'RSI_OVERSOLD']","[185, 180, 153, 141, 128]"
europe,HAUTO.OL,1d,"['RSI_OVERSOLD', 'RSI_OVERSOLD', 'rebound', 'RSI_OVERSOLD', 'hammer']","[407, 376, 375, 250, 246]"
europe,HBAN.SW,1d,"['inverted_hammer', 'RSI_OVERSOLD', 'inverted_hammer', 'hammer', 'hammer']","[741, 740, 634, 617, 616]"
europe,HBR.L,1d,"['rebound', 'RSI_OVERSOLD', 'RSI_OVERSOLD', 'hammer', 'engulfing']","[401, 380, 190, 189, 65]"
europe,HEI.DE,1d,"['RSI_OVERSOLD', 'RSI_OVERSOLD', 'RSI_OVERSOLD', 'RSI_OVERSOLD', 'RSI_OVERSOLD']","[1023, 751, 552, 166, 14]"
europe,HEIA.AS,1d,"['RSI_OVERSOLD', 'RSI_OVERSOLD', 'hammer', 'RSI_OVERSOLD', 'inverted_hammer']","[474, 444, 334, 303, 267]"
europe,HEN3.DE,1d,"['RSI_OVERSOLD', 'RSI_OVERSOLD', 'engulfing', 'rebound', 'rebound']","[149, 147, 146, 141, 139]"
europe,HER.MI,1d,"['RSI_OVERSOLD', 'inverted_hammer', 'inverted_hammer', 'RSI_OVERSOLD', 'hammer']","[904, 482, 380, 301, 277]"
europe,HEXA-B.ST,1d,"['RSI_OVERSOLD', 'hammer', 'RSI_OVERSOLD', 'RSI_OVERSOLD', 'engulfing']","[371, 211, 169, 167, 131]"
europe,HFD.L,1d,"['RSI_OVERSOLD', 'inverted_hammer', 'RSI_OVERSOLD', 'RSI_OVERSOLD', 'RSI_OVERSOLD']","[439, 405, 321, 147, 139]"
europe,HFEL.L,1d,"['RSI_OVERSOLD', 'RSI_OVERSOLD', 'inverted_hammer', 'RSI_OVERSOLD', 'rebound']","[822, 745, 742, 380, 379]"
europe,HFG.DE,1d,"['piercing_line', 'hammer', 'rebound', 'RSI_OVERSOLD', 'RSI_OVERSOLD']","[139, 73, 26, 8, 6]"
europe,HFG.L,1d,"['inverted_hammer', 'RSI_OVERSOLD', 'inverted_hammer', 'engulfing', 'RSI_OVERSOLD']","[265, 228, 226, 224, 174]"
europe,HGT.L,1d,"['RSI_OVERSOLD, rebound', 'RSI_OVERSOLD', 'rebound', 'rebound', 'engulfing']","[380, 174, 171, 156, 96]"
europe,HIAB.HE,1d,"['RSI_OVERSOLD', 'RSI_OVERSOLD', 'RSI_OVERSOLD', 'rebound', 'RSI_OVERSOLD']","[434, 377, 273, 262, 139]"
europe,HICL.L,1d,"['rebound', 'RSI_OVERSOLD', 'inverted_hammer', 'RSI_OVERSOLD', 'engulfing']","[832, 794, 792, 224, 221]"
europe,HIK.L,1d,"['RSI_OVERSOLD', 'engulfing', 'RSI_OVERSOLD', 'RSI_OVERSOLD', 'rebound']","[295, 293, 231, 154, 147]"
europe,HILS.L,1d,"['RSI_OVERSOLD', 'RSI_OVERSOLD', 'RSI_OVERSOLD', 'RSI_OVERSOLD', 'RSI_OVERSOLD']","[1091, 1016, 398, 330, 139]"
europe,HLE.DE,1d,"['RSI_OVERSOLD', 'piercing_line', 'rebound', 'rebound', 'RSI_OVERSOLD']","[151, 147, 141, 139, 117]"
europe,HLMA.L,1d,"['RSI_OVERSOLD', 'RSI_OVERSOLD', 'RSI_OVERSOLD', 'RSI_OVERSOLD', 'RSI_OVERSOLD']","[769, 398, 379, 83, 64]"
europe,HLN.L,1d,"['RSI_OVERSOLD', 'inverted_hammer', 'piercing_line', 'hammer', 'RSI_OVERSOLD']","[311, 265, 260, 147, 20]"
europe,HM-B.ST,1d,"['inverted_hammer', 'engulfing', 'hammer', 'RSI_OVERSOLD', 'RSI_OVERSOLD']","[473, 470, 407, 375, 326]"
europe,HMSO.L,1d,"['inverted_hammer', 'engulfing', 'piercing_line', 'inverted_hammer', 'RSI_OVERSOLD']","[1040, 1017, 1015, 398, 278]"
europe,HNR1.DE,1d,"['RSI_OVERSOLD', 'hammer', 'RSI_OVERSOLD', 'piercing_line', 'RSI_OVERSOLD']","[551, 482, 381, 187, 182]"
europe,HO.PA,1d,"['inverted_hammer', 'hammer', 'RSI_OVERSOLD', 'engulfing', 'RSI_OVERSOLD']","[857, 766, 591, 113, 20]"
europe,HOC.L,1d,"['RSI_OVERSOLD', 'RSI_OVERSOLD', 'RSI_OVERSOLD', 'engulfing', 'hammer']","[1020, 930, 139, 137, 86]"
europe,HOLN.SW,1d,"['RSI_OVERSOLD', 'RSI_OVERSOLD', 'RSI_OVERSOLD', 'rebound', 'RSI_OVERSOLD']","[1008, 544, 376, 375, 330]"
europe,HOT.DE,1d,"['rebound', 'RSI_OVERSOLD', 'hammer', 'RSI_OVERSOLD', 'RSI_OVERSOLD, rebound']","[1094, 382, 34, 26, 17]"
europe,HRI.L,1d,"['RSI_OVERSOLD', 'RSI_OVERSOLD', 'hammer', 'inverted_hammer', 'RSI_OVERSOLD']","[1188, 1158, 1017, 1016, 749]"
europe,HSBA.L,1d,"['hammer, RSI_OVERSOLD', 'rebound', 'RSI_OVERSOLD', 'RSI_OVERSOLD', 'hammer']","[1016, 1006, 742, 379, 84]"
europe,HSL.L,1d,"['inverted_hammer', 'RSI_OVERSOLD', 'RSI_OVERSOLD', 'RSI_OVERSOLD', 'rebound']","[744, 441, 278, 143, 137]"
europe,HSX.L,1d,"['inverted_hammer', 'inverted_hammer', 'RSI_OVERSOLD', 'RSI_OVERSOLD', 'RSI_OVERSOLD']","[632, 547, 486, 483, 474]"
europe,HTG.L,1d,"['inverted_hammer', 'RSI_OVERSOLD', 'inverted_hammer', 'inverted_hammer', 'RSI_OVERSOLD']","[838, 495, 494, 397, 31]"
europe,HTWS.L,1d,"['hammer', 'RSI_OVERSOLD', 'engulfing', 'RSI_OVERSOLD', 'RSI_OVERSOLD']","[861, 844, 742, 473, 70]"
europe,HUH1V.HE,1d,"['engulfing', 'RSI_OVERSOLD', 'engulfing', 'RSI_OVERSOLD, rebound', 'hammer']","[137, 17, 16, 4, 1]"
europe,HVPE.L,1d,"['RSI_OVERSOLD', 'RSI_OVERSOLD', 'rebound', 'RSI_OVERSOLD', 'RSI_OVERSOLD']","[758, 380, 379, 377, 156]"
europe,HWDN.L,1d,"['inverted_hammer', 'RSI_OVERSOLD', 'hammer', 'inverted_hammer', 'engulfing']","[404, 380, 101, 21, 16]"
europe,HWG.L,1d,"['inverted_hammer', 'inverted_hammer', 'inverted_hammer', 'inverted_hammer', 'RSI_OVERSOLD']","[831, 779, 751, 223, 114]"
europe,IAD.L,1d,"['RSI_OVERSOLD', 'inverted_hammer', 'RSI_OVERSOLD', 'inverted_hammer', 'inverted_hammer']","[1157, 1000, 901, 875, 832]"
europe,IAG.L,1d,"['RSI_OVERSOLD', 'RSI_OVERSOLD', 'inverted_hammer', 'RSI_OVERSOLD', 'rebound']","[895, 395, 394, 382, 377]"
europe,IAG.MC,1d,"['RSI_OVERSOLD', 'RSI_OVERSOLD', 'RSI_OVERSOLD', 'rebound', 'hammer']","[401, 388, 385, 383, 337]"
europe,IBE.MC,1d,"['RSI_OVERSOLD', 'RSI_OVERSOLD', 'RSI_OVERSOLD', 'inverted_hammer', 'inverted_hammer']","[1101, 768, 680, 269, 33]"
europe,IBS.LS,1d,"['inverted_hammer', 'RSI_OVERSOLD', 'RSI_OVERSOLD', 'hammer', 'hammer']","[1265, 1258, 1028, 1026, 59]"
europe,ICG.L,1d,"['RSI_OVERSOLD', 'RSI_OVERSOLD', 'RSI_OVERSOLD', 'RSI_OVERSOLD', 'rebound']","[1021, 399, 245, 166, 137]"
europe,ICGT.L,1d,"['inverted_hammer', 'inverted_hammer', 'RSI_OVERSOLD', 'rebound', 'RSI_OVERSOLD']","[225, 152, 151, 143, 138]"
europe,IDR.MC,1d,"['RSI_OVERSOLD', 'RSI_OVERSOLD', 'hammer', 'hammer', 'RSI_OVERSOLD']","[556, 424, 296, 221, 172]"
europe,IFX.DE,1d,"['rebound', 'RSI_OVERSOLD', 'inverted_hammer', 'RSI_OVERSOLD', 'hammer']","[381, 277, 220, 50, 34]"
europe,IG.MI,1d,"['RSI_OVERSOLD', 'RSI_OVERSOLD', 'RSI_OVERSOLD', 'RSI_OVERSOLD', 'rebound']","[1090, 1010, 452, 50, 38]"
europe,IGG.L,1d,"['engulfing', 'inverted_hammer', 'RSI_OVERSOLD', 'RSI_OVERSOLD', 'RSI_OVERSOLD']","[488, 329, 222, 47, 3]"
europe,IHG.L,1d,"['RSI_OVERSOLD', 'RSI_OVERSOLD', 'rebound', 'hammer', 'inverted_hammer']","[1223, 552, 550, 266, 149]"
europe,IHP.L,1d,"['inverted_hammer', 'RSI_OVERSOLD', 'RSI_OVERSOLD', 'RSI_OVERSOLD', 'RSI_OVERSOLD']","[442, 409, 403, 399, 223]"
europe,III.L,1d,"['rebound', 'RSI_OVERSOLD, rebound', 'RSI_OVERSOLD', 'RSI_OVERSOLD', 'RSI_OVERSOLD']","[212, 134, 102, 100, 2]"
europe,ILU.F,1d,"['engulfing', 'rebound', 'inverted_hammer', 'RSI_OVERSOLD', 'inverted_hammer, RSI_OVERSOLD']","[394, 387, 385, 383, 170]"
europe,IMB.L,1d,"['RSI_OVERSOLD', 'RSI_OVERSOLD', 'inverted_hammer', 'RSI_OVERSOLD', 'engulfing']","[659, 355, 121, 114, 31]"
europe,IMCD.AS,1d,"['RSI_OVERSOLD', 'RSI_OVERSOLD', 'rebound', 'RSI_OVERSOLD', 'RSI_OVERSOLD']","[304, 233, 226, 78, 72]"
europe,IMI.L,1d,"['hammer', 'inverted_hammer', 'RSI_OVERSOLD', 'RSI_OVERSOLD', 'RSI_OVERSOLD']","[1157, 1114, 1084, 488, 485]"
europe,INCH.L,1d,"['RSI_OVERSOLD', 'inverted_hammer', 'RSI_OVERSOLD', 'inverted_hammer', 'hammer']","[493, 489, 431, 301, 75]"
europe,INDU-C.ST,1d,"['hammer', 'RSI_OVERSOLD', 'RSI_OVERSOLD', 'rebound', 'rebound']","[681, 380, 378, 377, 376]"
europe,INF.L,1d,"['RSI_OVERSOLD', 'rebound', 'RSI_OVERSOLD', 'hammer', 'RSI_OVERSOLD']","[381, 379, 203, 152, 151]"
europe,INGA.AS,1d,"['RSI_OVERSOLD', 'RSI_OVERSOLD', 'RSI_OVERSOLD', 'rebound', 'RSI_OVERSOLD']","[683, 555, 384, 383, 381]"
europe,INPP.L,1d,"['inverted_hammer', 'RSI_OVERSOLD', 'RSI_OVERSOLD', 'RSI_OVERSOLD', 'piercing_line']","[745, 442, 440, 430, 35]"
europe,INPST.AS,1d,"['engulfing', 'RSI_OVERSOLD', 'RSI_OVERSOLD', 'rebound', 'RSI_OVERSOLD']","[758, 400, 394, 383, 280]"
europe,INVE-B.ST,1d,"['inverted_hammer', 'RSI_OVERSOLD', 'RSI_OVERSOLD', 'RSI_OVERSOLD', 'rebound']","[1012, 740, 544, 377, 375]"
europe,INVP.L,1d,"['RSI_OVERSOLD', 'hammer', 'hammer', 'engulfing', 'inverted_hammer']","[902, 439, 218, 69, 8]"
europe,INW.MI,1d,"['hammer, rebound', 'RSI_OVERSOLD', 'rebound', 'RSI_OVERSOLD', 'inverted_hammer']","[225, 187, 185, 141, 90]"
europe,IOS.DE,1d,"['RSI_OVERSOLD', 'RSI_OVERSOLD', 'inverted_hammer', 'RSI_OVERSOLD', 'RSI_OVERSOLD']","[254, 252, 223, 167, 157]"
europe,IPN.PA,1d,"['RSI_OVERSOLD', 'rebound', 'inverted_hammer', 'RSI_OVERSOLD', 'inverted_hammer']","[375, 374, 92, 5, 4]"
europe,IPO.L,1d,"['RSI_OVERSOLD', 'RSI_OVERSOLD', 'RSI_OVERSOLD', 'RSI_OVERSOLD', 'RSI_OVERSOLD']","[550, 474, 409, 380, 152]"
europe,ISP.MI,1d,"['RSI_OVERSOLD', 'rebound', 'hammer', 'RSI_OVERSOLD', 'rebound']","[1169, 1165, 1097, 381, 380]"
europe,ISS.CO,1d,"['engulfing', 'RSI_OVERSOLD', 'RSI_OVERSOLD', 'hammer', 'RSI_OVERSOLD']","[764, 752, 735, 464, 372]"
europe,ITH.L,1d,"['RSI_OVERSOLD', 'RSI_OVERSOLD', 'inverted_hammer', 'RSI_OVERSOLD', 'hammer']","[636, 526, 524, 216, 190]"
europe,ITRK.L,1d,"['RSI_OVERSOLD', 'rebound', 'RSI_OVERSOLD', 'RSI_OVERSOLD', 'engulfing']","[380, 378, 151, 147, 144]"
europe,ITV.L,1d,"['engulfing', 'RSI_OVERSOLD', 'inverted_hammer', 'RSI_OVERSOLD', 'RSI_OVERSOLD']","[478, 377, 251, 242, 64]"
europe,ITX.MC,1d,"['RSI_OVERSOLD', 'RSI_OVERSOLD', 'inverted_hammer', 'RSI_OVERSOLD', 'RSI_OVERSOLD']","[153, 149, 17, 16, 14]"
europe,IVG.MI,1d,"['rebound', 'RSI_OVERSOLD', 'inverted_hammer', 'RSI_OVERSOLD', 'inverted_hammer']","[740, 549, 527, 380, 220]"
europe,IWG.L,1d,"['RSI_OVERSOLD', 'engulfing', 'RSI_OVERSOLD', 'RSI_OVERSOLD', 'RSI_OVERSOLD']","[550, 452, 439, 379, 287]"
europe,JAM.L,1d,"['engulfing', 'RSI_OVERSOLD', 'RSI_OVERSOLD', 'RSI_OVERSOLD', 'rebound']","[1015, 939, 403, 381, 380]"
europe,JCH.L,1d,"['rebound', 'RSI_OVERSOLD', 'RSI_OVERSOLD, rebound', 'RSI_OVERSOLD', 'rebound']","[1654, 1164, 1157, 380, 379]"
europe,JD.L,1d,"['RSI_OVERSOLD', 'rebound', 'RSI_OVERSOLD', 'RSI_OVERSOLD', 'RSI_OVERSOLD']","[221, 220, 139, 109, 13]"
europe,JDW.L,1d,"['RSI_OVERSOLD', 'inverted_hammer', 'RSI_OVERSOLD', 'RSI_OVERSOLD', 'RSI_OVERSOLD']","[490, 486, 278, 255, 131]"
europe,JEDT.L,1d,"['RSI_OVERSOLD', 'RSI_OVERSOLD', 'rebound', 'hammer', 'RSI_OVERSOLD']","[585, 380, 379, 223, 138]"
europe,JEGI.L,1d,"['inverted_hammer', 'RSI_OVERSOLD', 'RSI_OVERSOLD', 'RSI_OVERSOLD', 'inverted_hammer']","[898, 824, 550, 147, 132]"
europe,JEMI.L,1d,"['RSI_OVERSOLD, rebound', 'rebound', 'inverted_hammer, RSI_OVERSOLD', 'RSI_OVERSOLD', 'rebound']","[1158, 1157, 793, 380, 379]"
europe,JEN.DE,1d,"['RSI_OVERSOLD', 'engulfing', 'RSI_OVERSOLD', 'RSI_OVERSOLD', 'rebound']","[496, 484, 479, 386, 382]"
europe,JFJ.L,1d,"['RSI_OVERSOLD', 'RSI_OVERSOLD', 'piercing_line', 'hammer', 'RSI_OVERSOLD']","[1004, 762, 623, 147, 133]"
europe,JGGI.L,1d,"['RSI_OVERSOLD', 'engulfing', 'RSI_OVERSOLD, rebound', 'rebound', 'hammer']","[403, 397, 381, 379, 147]"
europe,JMAT.L,1d,"['RSI_OVERSOLD', 'RSI_OVERSOLD', 'RSI_OVERSOLD', 'RSI_OVERSOLD', 'RSI_OVERSOLD']","[592, 469, 219, 157, 139]"
europe,JMGI.L,1d,"['engulfing', 'RSI_OVERSOLD', 'RSI_OVERSOLD', 'rebound', 'hammer']","[625, 594, 381, 379, 147]"
europe,JMT.LS,1d,"['RSI_OVERSOLD', 'RSI_OVERSOLD', 'RSI_OVERSOLD', 'RSI_OVERSOLD', 'RSI_OVERSOLD']","[562, 302, 106, 71, 68]"
europe,JSG.L,1d,"['RSI_OVERSOLD', 'RSI_OVERSOLD', 'inverted_hammer', 'RSI_OVERSOLD', 'inverted_hammer']","[379, 151, 24, 21, 18]"
europe,JUN3.DE,1d,"['RSI_OVERSOLD', 'rebound', 'RSI_OVERSOLD', 'piercing_line', 'RSI_OVERSOLD']","[156, 153, 145, 139, 135]"
europe,JUP.L,1d,"['inverted_hammer', 'inverted_hammer', 'RSI_OVERSOLD', 'inverted_hammer', 'RSI_OVERSOLD']","[620, 549, 438, 405, 379]"
europe,JYSK.CO,1d,"['RSI_OVERSOLD', 'engulfing', 'RSI_OVERSOLD', 'inverted_hammer', 'hammer']","[481, 479, 373, 370, 3]"
europe,KALMAR.HE,1d,"['hammer', 'hammer', 'RSI_OVERSOLD', 'rebound', 'inverted_hammer']","[372, 367, 264, 258, 104]"
europe,KBC.BR,1d,"['RSI_OVERSOLD', 'RSI_OVERSOLD', 'inverted_hammer', 'rebound', 'RSI_OVERSOLD']","[797, 758, 757, 753, 384]"
europe,KBX.DE,1d,"['RSI_OVERSOLD', 'engulfing', 'RSI_OVERSOLD', 'RSI_OVERSOLD', 'RSI_OVERSOLD']","[486, 452, 382, 265, 262]"
europe,KCR.HE,1d,"['RSI_OVERSOLD', 'inverted_hammer', 'RSI_OVERSOLD', 'RSI_OVERSOLD', 'rebound']","[1018, 806, 803, 378, 376]"
europe,KEMIRA.HE,1d,"['RSI_OVERSOLD', 'engulfing', 'RSI_OVERSOLD', 'RSI_OVERSOLD', 'RSI_OVERSOLD']","[544, 484, 481, 473, 114]"
europe,KER.PA,1d,"['rebound', 'RSI_OVERSOLD', 'rebound', 'RSI_OVERSOLD', 'RSI_OVERSOLD']","[512, 399, 388, 141, 3]"
europe,KESKOA.HE,1d,"['RSI_OVERSOLD', 'RSI_OVERSOLD', 'RSI_OVERSOLD', 'rebound', 'inverted_hammer']","[862, 753, 744, 740, 487]"
europe,KESKOB.HE,1d,"['engulfing', 'RSI_OVERSOLD', 'engulfing', 'RSI_OVERSOLD', 'RSI_OVERSOLD']","[842, 746, 447, 305, 138]"
europe,KGF.L,1d,"['RSI_OVERSOLD', 'RSI_OVERSOLD', 'piercing_line', 'RSI_OVERSOLD', 'rebound']","[144, 139, 137, 136, 134]"
europe,KGH.L,1d,"['RSI_OVERSOLD', 'RSI_OVERSOLD', 'RSI_OVERSOLD', 'RSI_OVERSOLD', 'inverted_hammer']","[491, 379, 270, 153, 54]"
europe,KGX.DE,1d,"['RSI_OVERSOLD', 'RSI_OVERSOLD', 'rebound', 'rebound', 'rebound']","[153, 150, 149, 144, 139]"
europe,KIE.L,1d,"['RSI_OVERSOLD', 'RSI_OVERSOLD', 'inverted_hammer', 'RSI_OVERSOLD', 'inverted_hammer']","[278, 147, 140, 139, 138]"
europe,KINV-B.ST,1d,"['hammer', 'RSI_OVERSOLD', 'RSI_OVERSOLD', 'rebound', 'RSI_OVERSOLD, rebound']","[488, 396, 171, 161, 147]"
europe,KLR.L,1d,"['hammer', 'RSI_OVERSOLD', 'inverted_hammer', 'RSI_OVERSOLD', 'hammer']","[903, 761, 666, 441, 439]"
europe,KNEBV.HE,1d,"['RSI_OVERSOLD', 'RSI_OVERSOLD', 'RSI_OVERSOLD', 'RSI_OVERSOLD', 'RSI_OVERSOLD']","[1152, 794, 776, 110, 83]"
europe,KNIN.SW,1d,"['inverted_hammer', 'RSI_OVERSOLD', 'rebound', 'hammer', 'RSI_OVERSOLD']","[447, 377, 375, 319, 255]"
europe,KNOS.L,1d,"['RSI_OVERSOLD', 'RSI_OVERSOLD', 'RSI_OVERSOLD', 'rebound', 'rebound']","[403, 180, 171, 170, 165]"
europe,KOG.OL,1d,"['RSI_OVERSOLD', 'RSI_OVERSOLD', 'hammer, RSI_OVERSOLD', 'RSI_OVERSOLD', 'inverted_hammer, RSI_OVERSOLD']","[1108, 415, 291, 233, 216]"
europe,KPN.AS,1d,"['RSI_OVERSOLD', 'RSI_OVERSOLD', 'rebound', 'engulfing', 'RSI_OVERSOLD']","[1265, 1034, 1028, 1017, 1010]"
europe,KRN.DE,1d,"['RSI_OVERSOLD', 'RSI_OVERSOLD', 'RSI_OVERSOLD', 'RSI_OVERSOLD', 'engulfing']","[479, 476, 382, 141, 86]"
europe,KTN.DE,1d,"['engulfing', 'RSI_OVERSOLD', 'RSI_OVERSOLD', 'RSI_OVERSOLD', 'RSI_OVERSOLD']","[285, 238, 233, 141, 136]"
europe,LAND.L,1d,"['RSI_OVERSOLD', 'RSI_OVERSOLD', 'RSI_OVERSOLD', 'RSI_OVERSOLD', 'RSI_OVERSOLD']","[440, 402, 379, 278, 19]"
europe,LATO-B.ST,1d,"['inverted_hammer', 'inverted_hammer', 'RSI_OVERSOLD', 'RSI_OVERSOLD', 'rebound']","[340, 331, 258, 139, 137]"
europe,LDO.MI,1d,"['rebound', 'hammer', 'inverted_hammer', 'hammer', 'RSI_OVERSOLD']","[1232, 1039, 1034, 73, 20]"
europe,LEG.DE,1d,"['hammer', 'RSI_OVERSOLD', 'RSI_OVERSOLD', 'hammer', 'hammer']","[236, 234, 140, 26, 16]"
europe,LGEN.L,1d,"['hammer, RSI_OVERSOLD', 'RSI_OVERSOLD', 'rebound', 'RSI_OVERSOLD', 'hammer']","[550, 380, 379, 278, 147]"
europe,LHA.DE,1d,"['RSI_OVERSOLD', 'RSI_OVERSOLD', 'hammer', 'engulfing', 'RSI_OVERSOLD']","[443, 382, 240, 238, 149]"
europe,LIFCO-B.ST,1d,"['RSI_OVERSOLD', 'RSI_OVERSOLD', 'RSI_OVERSOLD', 'hammer', 'inverted_hammer']","[375, 373, 309, 173, 36]"
europe,LIN.DE,1d,"['inverted_hammer', 'RSI_OVERSOLD', 'RSI_OVERSOLD', 'engulfing', 'inverted_hammer']","[329, 237, 235, 233, 47]"
europe,LISP.SW,1d,"['engulfing', 'RSI_OVERSOLD', 'RSI_OVERSOLD', 'RSI_OVERSOLD', 'RSI_OVERSOLD']","[111, 109, 105, 24, 6]"
europe,LLOY.L,1d,"['RSI_OVERSOLD', 'RSI_OVERSOLD', 'engulfing', 'RSI_OVERSOLD', 'inverted_hammer']","[902, 683, 682, 489, 488]"
europe,LMP.L,1d,"['RSI_OVERSOLD', 'RSI_OVERSOLD', 'RSI_OVERSOLD', 'engulfing', 'RSI_OVERSOLD']","[138, 25, 20, 16, 4]"
europe,LOG.MC,1d,"['RSI_OVERSOLD', 'rebound', 'rebound', 'RSI_OVERSOLD', 'inverted_hammer']","[1693, 1690, 1674, 1030, 359]"
europe,LOGN.SW,1d,"['RSI_OVERSOLD, rebound', 'rebound', 'RSI_OVERSOLD', 'RSI_OVERSOLD, rebound', 'rebound']","[377, 375, 197, 189, 175]"
europe,LONN.SW,1d,"['hammer', 'engulfing', 'RSI_OVERSOLD', 'hammer', 'inverted_hammer']","[263, 257, 164, 147, 19]"
europe,LOTB.BR,1d,"['RSI_OVERSOLD', 'RSI_OVERSOLD', 'RSI_OVERSOLD', 'rebound', 'RSI_OVERSOLD']","[384, 321, 318, 317, 236]"
europe,LR.PA,1d,"['RSI_OVERSOLD', 'rebound', 'RSI_OVERSOLD', 'RSI_OVERSOLD', 'RSI_OVERSOLD']","[385, 383, 233, 225, 50]"
europe,LRE.L,1d,"['RSI_OVERSOLD', 'hammer', 'hammer, RSI_OVERSOLD', 'RSI_OVERSOLD', 'inverted_hammer']","[440, 277, 225, 213, 48]"
europe,LSEG.L,1d,"['rebound', 'RSI_OVERSOLD', 'RSI_OVERSOLD, rebound', 'hammer', 'RSI_OVERSOLD']","[264, 174, 171, 170, 166]"
europe,LTMC.MI,1d,"['RSI_OVERSOLD', 'hammer']","[230, 74]"
europe,LWDB.L,1d,"['RSI_OVERSOLD', 'inverted_hammer', 'RSI_OVERSOLD', 'RSI_OVERSOLD', 'rebound']","[1016, 836, 689, 380, 379]"
europe,LXS.DE,1d,"['RSI_OVERSOLD', 'engulfing', 'RSI_OVERSOLD', 'inverted_hammer', 'inverted_hammer']","[224, 222, 150, 149, 33]"
europe,MAB.L,1d,"['inverted_hammer', 'rebound', 'inverted_hammer', 'RSI_OVERSOLD', 'RSI_OVERSOLD']","[489, 482, 301, 280, 96]"
europe,MAERSK-A.CO,1d,"['RSI_OVERSOLD', 'RSI_OVERSOLD', 'rebound', 'engulfing', 'RSI_OVERSOLD']","[1425, 1025, 1015, 737, 728]"
europe,MAERSK-B.CO,1d,"['RSI_OVERSOLD', 'rebound', 'RSI_OVERSOLD', 'RSI_OVERSOLD', 'RSI_OVERSOLD']","[1024, 1014, 728, 647, 370]"
europe,MANTA.HE,1d,"['RSI_OVERSOLD', 'engulfing']","[110, 103]"
europe,MAP.MC,1d,"['hammer', 'hammer', 'RSI_OVERSOLD', 'RSI_OVERSOLD', 'hammer']","[1084, 1028, 909, 907, 456]"
europe,MB.MI,1d,"['RSI_OVERSOLD', 'RSI_OVERSOLD', 'rebound', 'RSI_OVERSOLD', 'RSI_OVERSOLD']","[751, 381, 380, 258, 2]"
europe,MBG.DE,1d,"['RSI_OVERSOLD', 'inverted_hammer, RSI_OVERSOLD', 'rebound', 'RSI_OVERSOLD', 'piercing_line']","[484, 383, 381, 141, 139]"
europe,MC.PA,1d,"['RSI_OVERSOLD, rebound', 'RSI_OVERSOLD', 'engulfing', 'RSI_OVERSOLD', 'RSI_OVERSOLD']","[177, 145, 139, 20, 5]"
europe,MEGP.L,1d,"['RSI_OVERSOLD', 'RSI_OVERSOLD', 'rebound', 'RSI_OVERSOLD', 'engulfing']","[257, 228, 152, 91, 87]"
europe,MEL.MC,1d,"['RSI_OVERSOLD', 'hammer', 'RSI_OVERSOLD', 'hammer', 'hammer']","[383, 263, 259, 224, 60]"
europe,MELE.BR,1d,"['RSI_OVERSOLD', 'RSI_OVERSOLD', 'hammer', 'rebound', 'RSI_OVERSOLD']","[233, 229, 227, 222, 171]"
europe,METSO.HE,1d,"['rebound', 'RSI_OVERSOLD', 'rebound', 'hammer', 'RSI_OVERSOLD']","[544, 378, 376, 372, 139]"
europe,MGAM.L,1d,"['RSI_OVERSOLD', 'RSI_OVERSOLD', 'RSI_OVERSOLD', 'RSI_OVERSOLD', 'RSI_OVERSOLD']","[745, 517, 405, 295, 151]"
europe,MGNS.L,1d,"['RSI_OVERSOLD', 'RSI_OVERSOLD', 'rebound', 'inverted_hammer', 'engulfing']","[1019, 406, 399, 226, 49]"
europe,MKS.L,1d,"['RSI_OVERSOLD', 'rebound', 'hammer', 'RSI_OVERSOLD', 'RSI_OVERSOLD']","[1172, 1164, 1162, 1039, 441]"
europe,ML.PA,1d,"['inverted_hammer', 'RSI_OVERSOLD', 'rebound', 'RSI_OVERSOLD', 'piercing_line']","[331, 251, 250, 140, 139]"
europe,MNDI.L,1d,"['RSI_OVERSOLD', 'RSI_OVERSOLD', 'piercing_line', 'RSI_OVERSOLD', 'engulfing']","[300, 254, 249, 115, 112]"
europe,MNG.L,1d,"['RSI_OVERSOLD', 'hammer', 'engulfing', 'RSI_OVERSOLD', 'RSI_OVERSOLD']","[488, 453, 382, 380, 4]"
europe,MNKS.L,1d,"['RSI_OVERSOLD', 'hammer', 'engulfing', 'hammer', 'inverted_hammer']","[377, 225, 222, 220, 169]"
europe,MNTN.L,1d,,
europe,MONC.MI,1d,"['RSI_OVERSOLD', 'inverted_hammer', 'RSI_OVERSOLD', 'inverted_hammer', 'RSI_OVERSOLD']","[330, 305, 186, 20, 19]"
europe,MONT.BR,1d,"['inverted_hammer, RSI_OVERSOLD', 'RSI_OVERSOLD', 'hammer, RSI_OVERSOLD', 'RSI_OVERSOLD', 'inverted_hammer']","[680, 457, 381, 139, 25]"
europe,MONY.L,1d,"['engulfing', 'RSI_OVERSOLD', 'RSI_OVERSOLD', 'rebound', 'RSI_OVERSOLD']","[307, 220, 170, 166, 10]"
europe,MOON.L,1d,"['inverted_hammer', 'RSI_OVERSOLD', 'RSI_OVERSOLD', 'inverted_hammer', 'inverted_hammer']","[1005, 999, 965, 453, 451]"
europe,MOWI.OL,1d,"['engulfing', 'rebound', 'RSI_OVERSOLD', 'inverted_hammer, RSI_OVERSOLD', 'RSI_OVERSOLD']","[1017, 1012, 618, 560, 177]"
europe,MPCC.OL,1d,"['RSI_OVERSOLD', 'hammer', 'RSI_OVERSOLD', 'RSI_OVERSOLD', 'rebound']","[704, 650, 638, 377, 375]"
europe,MRC.L,1d,"['rebound', 'RSI_OVERSOLD', 'hammer', 'RSI_OVERSOLD', 'RSI_OVERSOLD']","[379, 278, 147, 138, 133]"
europe,MRCH.L,1d,"['RSI_OVERSOLD', 'rebound', 'RSI_OVERSOLD', 'RSI_OVERSOLD', 'rebound']","[380, 379, 147, 139, 137]"
europe,MRK.DE,1d,"['RSI_OVERSOLD', 'engulfing', 'RSI_OVERSOLD', 'rebound', 'RSI_OVERSOLD']","[151, 144, 140, 139, 13]"
europe,MRL.MC,1d,"['hammer', 'engulfing', 'rebound', 'RSI_OVERSOLD', 'RSI_OVERSOLD']","[24, 23, 21, 17, 9]"
europe,MRO.L,1d,"['RSI_OVERSOLD', 'RSI_OVERSOLD', 'hammer', 'RSI_OVERSOLD', 'rebound']","[551, 400, 399, 151, 137]"
europe,MT.AS,1d,"['RSI_OVERSOLD', 'RSI_OVERSOLD', 'hammer', 'RSI_OVERSOLD', 'RSI_OVERSOLD']","[749, 591, 456, 384, 4]"
europe,MTLN.L,1d,,
europe,MTO.L,1d,"['inverted_hammer', 'RSI_OVERSOLD', 'RSI_OVERSOLD', 'inverted_hammer', 'RSI_OVERSOLD']","[1041, 1019, 482, 85, 81]"
europe,MTRO.L,1d,"['RSI_OVERSOLD', 'engulfing', 'RSI_OVERSOLD', 'RSI_OVERSOLD', 'inverted_hammer']","[295, 293, 245, 151, 150]"
europe,MTS.MC,1d,"['RSI_OVERSOLD', 'RSI_OVERSOLD', 'inverted_hammer', 'RSI_OVERSOLD', 'RSI_OVERSOLD']","[591, 556, 447, 384, 4]"
europe,MTX.DE,1d,"['RSI_OVERSOLD', 'rebound', 'RSI_OVERSOLD', 'hammer', 'inverted_hammer']","[780, 779, 381, 305, 270]"
europe,MUT.L,1d,"['engulfing', 'RSI_OVERSOLD', 'rebound', 'inverted_hammer, RSI_OVERSOLD', 'RSI_OVERSOLD']","[746, 380, 379, 220, 137]"
europe,MUV2.DE,1d,"['engulfing', 'hammer', 'RSI_OVERSOLD', 'RSI_OVERSOLD', 'RSI_OVERSOLD']","[1168, 1024, 905, 381, 106]"
europe,MYI.L,1d,"['RSI_OVERSOLD', 'RSI_OVERSOLD', 'RSI_OVERSOLD', 'rebound', 'RSI_OVERSOLD']","[1016, 824, 380, 379, 4]"
europe,N91.L,1d,"['RSI_OVERSOLD', 'hammer', 'RSI_OVERSOLD', 'inverted_hammer', 'RSI_OVERSOLD']","[593, 452, 449, 405, 381]"
europe,NAIT.L,1d,"['RSI_OVERSOLD', 'hammer', 'RSI_OVERSOLD', 'RSI_OVERSOLD', 'inverted_hammer']","[894, 761, 403, 377, 138]"
europe,NAS.L,1d,"['inverted_hammer', 'inverted_hammer', 'inverted_hammer', 'RSI_OVERSOLD', 'RSI_OVERSOLD']","[792, 647, 580, 380, 15]"
europe,NAS.OL,1d,"['RSI_OVERSOLD', 'hammer', 'hammer', 'RSI_OVERSOLD', 'RSI_OVERSOLD']","[485, 249, 179, 60, 17]"
europe,NBA.LS,1d,"['RSI_OVERSOLD', 'rebound', 'hammer', 'RSI_OVERSOLD', 'rebound']","[842, 837, 85, 78, 63]"
europe,NBPE.L,1d,"['RSI_OVERSOLD', 'inverted_hammer', 'hammer', 'RSI_OVERSOLD', 'RSI_OVERSOLD']","[791, 174, 152, 151, 138]"
europe,NCC.L,1d,"['inverted_hammer', 'RSI_OVERSOLD', 'inverted_hammer', 'RSI_OVERSOLD', 'engulfing']","[485, 460, 415, 406, 140]"
europe,NDA-FI.HE,1d,"['engulfing', 'RSI_OVERSOLD', 'inverted_hammer', 'RSI_OVERSOLD', 'rebound']","[1647, 1183, 842, 377, 376]"
europe,NDA-SE.ST,1d,"['RSI_OVERSOLD', 'piercing_line', 'RSI_OVERSOLD, rebound', 'inverted_hammer', 'RSI_OVERSOLD']","[892, 889, 885, 841, 135]"
europe,NDA.DE,1d,"['RSI_OVERSOLD', 'RSI_OVERSOLD', 'RSI_OVERSOLD', 'RSI_OVERSOLD', 'inverted_hammer']","[674, 672, 551, 381, 220]"
europe,NDX1.DE,1d,"['RSI_OVERSOLD', 'hammer', 'hammer', 'RSI_OVERSOLD', 'RSI_OVERSOLD']","[782, 587, 578, 577, 85]"
europe,NEM.DE,1d,"['engulfing', 'RSI_OVERSOLD', 'rebound', 'hammer, rebound', 'hammer']","[220, 185, 182, 170, 73]"
europe,NESN.SW,1d,"['rebound', 'RSI_OVERSOLD', 'engulfing, rebound', 'RSI_OVERSOLD', 'RSI_OVERSOLD, rebound']","[319, 302, 296, 189, 177]"
europe,NESTE.HE,1d,"['RSI_OVERSOLD', 'rebound', 'RSI_OVERSOLD', 'rebound', 'RSI_OVERSOLD']","[451, 446, 413, 407, 377]"
europe,NETC.CO,1d,"['RSI_OVERSOLD', 'RSI_OVERSOLD', 'RSI_OVERSOLD', 'hammer', 'rebound']","[417, 321, 300, 297, 295]"
europe,NEXI.MI,1d,"['RSI_OVERSOLD, rebound', 'RSI_OVERSOLD', 'rebound', 'RSI_OVERSOLD, rebound', 'engulfing']","[173, 167, 164, 151, 149]"
europe,NG.L,1d,"['RSI_OVERSOLD', 'rebound', 'inverted_hammer', 'RSI_OVERSOLD', 'RSI_OVERSOLD']","[601, 598, 489, 101, 17]"
europe,NHY.OL,1d,"['RSI_OVERSOLD', 'rebound', 'RSI_OVERSOLD', 'rebound', 'RSI_OVERSOLD']","[549, 545, 77, 70, 4]"
europe,NIBE-B.ST,1d,"['hammer', 'RSI_OVERSOLD', 'RSI_OVERSOLD', 'RSI_OVERSOLD', 'RSI_OVERSOLD']","[445, 436, 376, 373, 220]"
europe,NKT.CO,1d,"['rebound', 'RSI_OVERSOLD', 'RSI_OVERSOLD', 'hammer', 'RSI_OVERSOLD']","[896, 456, 415, 58, 51]"
europe,NN.AS,1d,"['RSI_OVERSOLD', 'RSI_OVERSOLD', 'hammer', 'RSI_OVERSOLD', 'hammer']","[555, 468, 456, 383, 279]"
europe,NOD.OL,1d,"['RSI_OVERSOLD', 'inverted_hammer', 'RSI_OVERSOLD', 'inverted_hammer', 'RSI_OVERSOLD']","[376, 231, 229, 61, 57]"
europe,NOKIA.HE,1d,"['RSI_OVERSOLD', 'RSI_OVERSOLD, rebound', 'rebound', 'RSI_OVERSOLD', 'engulfing']","[310, 304, 300, 53, 49]"
europe,NOS.LS,1d,"['inverted_hammer', 'RSI_OVERSOLD', 'rebound', 'RSI_OVERSOLD', 'RSI_OVERSOLD']","[831, 719, 714, 489, 310]"
europe,NOVN.SW,1d,"['hammer', 'RSI_OVERSOLD', 'RSI_OVERSOLD', 'RSI_OVERSOLD', 'RSI_OVERSOLD']","[772, 481, 375, 373, 21]"
europe,NOVO-B.CO,1d,"['RSI_OVERSOLD', 'RSI_OVERSOLD', 'RSI_OVERSOLD', 'RSI_OVERSOLD', 'engulfing']","[225, 166, 154, 12, 5]"
europe,NSIS-B.CO,1d,"['piercing_line', 'RSI_OVERSOLD', 'RSI_OVERSOLD, rebound', 'inverted_hammer', 'hammer, RSI_OVERSOLD']","[466, 285, 281, 260, 136]"
europe,NTGY.MC,1d,"['engulfing', 'rebound', 'rebound', 'RSI_OVERSOLD', 'RSI_OVERSOLD']","[671, 663, 655, 594, 208]"
europe,NVG.LS,1d,"['RSI_OVERSOLD', 'rebound', 'RSI_OVERSOLD', 'hammer', 'RSI_OVERSOLD']","[241, 240, 223, 222, 2]"
europe,NWG.L,1d,"['engulfing', 'RSI_OVERSOLD', 'inverted_hammer, RSI_OVERSOLD', 'rebound', 'RSI_OVERSOLD']","[915, 898, 747, 744, 138]"
europe,NXT.L,1d,"['RSI_OVERSOLD', 'RSI_OVERSOLD, rebound', 'inverted_hammer', 'inverted_hammer', 'engulfing']","[1018, 1016, 850, 477, 16]"
europe,OBCK.DE,1d,"['RSI_OVERSOLD', 'RSI_OVERSOLD']","[140, 4]"
europe,OCDO.L,1d,"['RSI_OVERSOLD', 'RSI_OVERSOLD', 'RSI_OVERSOLD', 'RSI_OVERSOLD, rebound', 'RSI_OVERSOLD']","[403, 270, 234, 223, 219]"
europe,OCI.AS,1d,"['RSI_OVERSOLD', 'RSI_OVERSOLD', 'rebound', 'rebound', 'RSI_OVERSOLD']","[266, 263, 253, 251, 210]"
europe,OCI.L,1d,"['RSI_OVERSOLD', 'RSI_OVERSOLD', 'RSI_OVERSOLD', 'inverted_hammer', 'inverted_hammer']","[379, 174, 170, 147, 73]"
europe,OHB.DE,1d,"['RSI_OVERSOLD', 'RSI_OVERSOLD', 'RSI_OVERSOLD', 'inverted_hammer', 'RSI_OVERSOLD']","[1512, 1238, 1026, 460, 31]"
europe,ONT.L,1d,"['RSI_OVERSOLD', 'engulfing', 'RSI_OVERSOLD', 'engulfing', 'RSI_OVERSOLD']","[581, 405, 278, 163, 152]"
europe,OR.PA,1d,"['RSI_OVERSOLD', 'RSI_OVERSOLD', 'RSI_OVERSOLD', 'RSI_OVERSOLD', 'RSI_OVERSOLD']","[488, 483, 266, 141, 139]"
europe,ORA.PA,1d,"['hammer', 'RSI_OVERSOLD', 'RSI_OVERSOLD', 'RSI_OVERSOLD', 'RSI_OVERSOLD']","[655, 593, 512, 70, 11]"
europe,ORK.OL,1d,"['RSI_OVERSOLD', 'RSI_OVERSOLD', 'RSI_OVERSOLD', 'RSI_OVERSOLD', 'rebound']","[665, 262, 93, 34, 20]"
europe,ORNBV.HE,1d,"['hammer', 'RSI_OVERSOLD', 'RSI_OVERSOLD', 'hammer', 'RSI_OVERSOLD']","[618, 451, 374, 372, 235]"
europe,ORSTED.CO,1d,"['RSI_OVERSOLD', 'hammer', 'RSI_OVERSOLD', 'inverted_hammer', 'RSI_OVERSOLD']","[372, 347, 289, 269, 194]"
europe,OSB.L,1d,"['RSI_OVERSOLD', 'RSI_OVERSOLD', 'RSI_OVERSOLD', 'inverted_hammer', 'RSI_OVERSOLD']","[537, 534, 485, 232, 138]"
europe,OUT1V.HE,1d,"['hammer', 'RSI_OVERSOLD', 'hammer', 'RSI_OVERSOLD', 'RSI_OVERSOLD']","[298, 229, 76, 72, 70]"
europe,OXB.L,1d,"['inverted_hammer', 'RSI_OVERSOLD', 'inverted_hammer', 'RSI_OVERSOLD', 'RSI_OVERSOLD']","[200, 156, 51, 41, 25]"
europe,OXIG.L,1d,"['RSI_OVERSOLD', 'RSI_OVERSOLD', 'rebound', 'inverted_hammer, RSI_OVERSOLD', 'inverted_hammer']","[761, 755, 745, 527, 520]"
europe,P911.DE,1d,"['rebound', 'RSI_OVERSOLD', 'hammer, RSI_OVERSOLD', 'RSI_OVERSOLD', 'RSI_OVERSOLD']","[381, 264, 184, 173, 149]"
europe,PAF.L,1d,"['RSI_OVERSOLD', 'inverted_hammer', 'rebound', 'RSI_OVERSOLD', 'RSI_OVERSOLD']","[923, 920, 912, 852, 91]"
europe,PAG.L,1d,"['RSI_OVERSOLD', 'RSI_OVERSOLD', 'inverted_hammer', 'inverted_hammer', 'inverted_hammer']","[484, 149, 28, 13, 5]"
europe,PAGE.L,1d,"['inverted_hammer', 'RSI_OVERSOLD', 'RSI_OVERSOLD', 'RSI_OVERSOLD', 'RSI_OVERSOLD']","[208, 185, 149, 102, 76]"
europe,PAH3.DE,1d,"['RSI_OVERSOLD', 'RSI_OVERSOLD', 'engulfing', 'hammer', 'RSI_OVERSOLD']","[264, 184, 182, 170, 149]"
europe,PCGH.L,1d,"['RSI_OVERSOLD', 'rebound', 'RSI_OVERSOLD', 'rebound', 'engulfing']","[498, 379, 148, 139, 137]"
europe,PCT.L,1d,"['RSI_OVERSOLD', 'RSI_OVERSOLD', 'rebound', 'rebound', 'RSI_OVERSOLD']","[384, 381, 380, 379, 377]"
europe,PETS.L,1d,"['RSI_OVERSOLD', 'inverted_hammer', 'engulfing', 'RSI_OVERSOLD', 'inverted_hammer']","[266, 224, 223, 151, 112]"
europe,PEY.L,1d,"['inverted_hammer', 'inverted_hammer', 'RSI_OVERSOLD', 'RSI_OVERSOLD', 'RSI_OVERSOLD']","[171, 170, 132, 126, 74]"
europe,PFD.L,1d,"['engulfing', 'RSI_OVERSOLD', 'RSI_OVERSOLD', 'engulfing', 'inverted_hammer']","[1015, 310, 228, 134, 3]"
europe,PGHN.SW,1d,"['RSI_OVERSOLD', 'RSI_OVERSOLD', 'RSI_OVERSOLD', 'RSI_OVERSOLD', 'RSI_OVERSOLD']","[147, 90, 78, 16, 9]"
europe,PHI.L,1d,"['inverted_hammer', 'hammer', 'RSI_OVERSOLD', 'hammer', 'hammer']","[499, 493, 379, 137, 50]"
europe,PHIA.AS,1d,"['RSI_OVERSOLD', 'rebound', 'engulfing', 'RSI_OVERSOLD', 'piercing_line']","[385, 384, 333, 140, 139]"
europe,PHP.L,1d,"['inverted_hammer', 'RSI_OVERSOLD', 'RSI_OVERSOLD', 'inverted_hammer', 'RSI_OVERSOLD']","[294, 290, 278, 144, 139]"
europe,PHR.LS,1d,"['RSI_OVERSOLD', 'rebound', 'inverted_hammer, RSI_OVERSOLD', 'rebound', 'RSI_OVERSOLD']","[715, 709, 584, 467, 200]"
europe,PIN.L,1d,"['rebound', 'RSI_OVERSOLD', 'inverted_hammer', 'RSI_OVERSOLD', 'RSI_OVERSOLD']","[379, 377, 169, 15, 13]"
europe,PINE.L,1d,"['engulfing', 'RSI_OVERSOLD', 'RSI_OVERSOLD', 'rebound', 'RSI_OVERSOLD']","[612, 380, 262, 248, 162]"
europe,PINT.L,1d,"['rebound', 'RSI_OVERSOLD', 'RSI_OVERSOLD', 'inverted_hammer', 'RSI_OVERSOLD']","[1007, 838, 830, 829, 649]"
europe,PKN.WA,1d,"['hammer', 'RSI_OVERSOLD', 'RSI_OVERSOLD', 'RSI_OVERSOLD', 'RSI_OVERSOLD']","[887, 770, 749, 680, 449]"
europe,PLUS.L,1d,"['RSI_OVERSOLD', 'RSI_OVERSOLD', 'inverted_hammer', 'RSI_OVERSOLD, rebound', 'RSI_OVERSOLD']","[42, 16, 7, 3, 1]"
europe,PNDORA.CO,1d,"['RSI_OVERSOLD', 'engulfing', 'RSI_OVERSOLD', 'RSI_OVERSOLD, rebound', 'rebound']","[227, 188, 187, 185, 179]"
europe,PNL.AS,1d,"['RSI_OVERSOLD', 'RSI_OVERSOLD', 'inverted_hammer', 'RSI_OVERSOLD', 'RSI_OVERSOLD']","[436, 365, 239, 236, 114]"
europe,PNL.L,1d,"['inverted_hammer', 'RSI_OVERSOLD', 'hammer', 'RSI_OVERSOLD', 'RSI_OVERSOLD']","[762, 379, 147, 140, 133]"
europe,PNN.L,1d,"['hammer', 'RSI_OVERSOLD', 'inverted_hammer', 'RSI_OVERSOLD', 'inverted_hammer']","[507, 504, 341, 278, 145]"
europe,POLN.L,1d,"['engulfing', 'RSI_OVERSOLD', 'rebound', 'inverted_hammer', 'inverted_hammer']","[401, 156, 153, 150, 141]"
europe,PPET.L,1d,"['RSI_OVERSOLD', 'rebound', 'RSI_OVERSOLD', 'RSI_OVERSOLD', 'inverted_hammer']","[1160, 1157, 1115, 380, 319]"
europe,PPH.L,1d,"['RSI_OVERSOLD', 'RSI_OVERSOLD', 'RSI_OVERSOLD', 'RSI_OVERSOLD', 'RSI_OVERSOLD']","[806, 600, 585, 281, 112]"
europe,PRN.L,1d,"['RSI_OVERSOLD', 'RSI_OVERSOLD', 'RSI_OVERSOLD', 'RSI_OVERSOLD', 'RSI_OVERSOLD']","[163, 147, 99, 27, 19]"
europe,PRU.L,1d,"['RSI_OVERSOLD', 'hammer', 'RSI_OVERSOLD', 'hammer', 'RSI_OVERSOLD']","[526, 245, 164, 132, 88]"
europe,PRX.AS,1d,"['RSI_OVERSOLD', 'rebound', 'RSI_OVERSOLD', 'rebound', 'rebound']","[175, 168, 154, 142, 139]"
europe,PRY.MI,1d,"['hammer', 'RSI_OVERSOLD', 'rebound', 'inverted_hammer', 'RSI_OVERSOLD']","[383, 382, 380, 223, 50]"
europe,PSH.L,1d,"['RSI_OVERSOLD', 'RSI_OVERSOLD', 'RSI_OVERSOLD', 'inverted_hammer', 'inverted_hammer']","[399, 380, 377, 85, 15]"
europe,PSM.DE,1d,"['rebound', 'engulfing', 'inverted_hammer', 'RSI_OVERSOLD', 'RSI_OVERSOLD']","[479, 471, 387, 228, 141]"
europe,PSN.L,1d,"['RSI_OVERSOLD', 'rebound', 'RSI_OVERSOLD', 'piercing_line', 'RSI_OVERSOLD']","[290, 278, 144, 137, 112]"
europe,PSON.L,1d,"['engulfing', 'RSI_OVERSOLD', 'RSI_OVERSOLD', 'RSI_OVERSOLD', 'engulfing']","[793, 379, 342, 183, 181]"
europe,PSPN.SW,1d,"['engulfing', 'RSI_OVERSOLD', 'RSI_OVERSOLD', 'RSI_OVERSOLD', 'hammer']","[1009, 906, 902, 890, 823]"
europe,PST.MI,1d,"['RSI_OVERSOLD', 'RSI_OVERSOLD', 'RSI_OVERSOLD', 'RSI_OVERSOLD', 'hammer']","[900, 749, 139, 53, 19]"
europe,PTEC.L,1d,"['inverted_hammer', 'RSI_OVERSOLD', 'RSI_OVERSOLD', 'rebound', 'inverted_hammer']","[398, 359, 243, 232, 231]"
europe,PUB.PA,1d,"['RSI_OVERSOLD', 'RSI_OVERSOLD', 'rebound', 'piercing_line', 'RSI_OVERSOLD']","[409, 385, 383, 310, 167]"
europe,PUIG.MC,1d,"['RSI_OVERSOLD', 'RSI_OVERSOLD', 'RSI_OVERSOLD', 'RSI_OVERSOLD', 'RSI_OVERSOLD']","[504, 456, 385, 273, 98]"
europe,PUM.DE,1d,"['RSI_OVERSOLD', 'RSI_OVERSOLD', 'hammer', 'RSI_OVERSOLD', 'rebound']","[299, 234, 24, 22, 17]"
europe,QIA.DE,1d,"['RSI_OVERSOLD', 'rebound', 'RSI_OVERSOLD', 'RSI_OVERSOLD, rebound', 'piercing_line']","[149, 135, 118, 115, 113]"
europe,QLT.L,1d,"['rebound', 'rebound', 'inverted_hammer', 'inverted_hammer', 'RSI_OVERSOLD']","[1157, 1076, 517, 276, 6]"
europe,QQ.L,1d,"['RSI_OVERSOLD', 'RSI_OVERSOLD', 'RSI_OVERSOLD', 'RSI_OVERSOLD', 'RSI_OVERSOLD']","[427, 231, 218, 132, 1]"
europe,QTCOM.HE,1d,"['RSI_OVERSOLD', 'rebound', 'RSI_OVERSOLD', 'RSI_OVERSOLD', 'rebound']","[233, 228, 174, 154, 146]"
europe,RAA.DE,1d,"['rebound', 'RSI_OVERSOLD', 'RSI_OVERSOLD', 'RSI_OVERSOLD', 'RSI_OVERSOLD']","[381, 297, 278, 140, 20]"
europe,RACE.MI,1d,"['piercing_line', 'RSI_OVERSOLD', 'RSI_OVERSOLD', 'RSI_OVERSOLD', 'RSI_OVERSOLD']","[387, 380, 300, 251, 207]"
europe,RAND.AS,1d,"['RSI_OVERSOLD', 'RSI_OVERSOLD', 'RSI_OVERSOLD', 'piercing_line', 'rebound']","[383, 274, 184, 182, 140]"
europe,RAT.L,1d,"['RSI_OVERSOLD', 'RSI_OVERSOLD', 'inverted_hammer', 'RSI_OVERSOLD', 'RSI_OVERSOLD']","[376, 80, 77, 9, 4]"
europe,RBREW.CO,1d,"['hammer, RSI_OVERSOLD', 'RSI_OVERSOLD', 'RSI_OVERSOLD', 'RSI_OVERSOLD, rebound', 'hammer']","[426, 278, 131, 117, 36]"
europe,RCP.L,1d,"['inverted_hammer', 'RSI_OVERSOLD', 'inverted_hammer', 'RSI_OVERSOLD', 'rebound']","[655, 585, 408, 380, 379]"
europe,RDC.DE,1d,"['hammer', 'RSI_OVERSOLD', 'hammer', 'rebound', 'rebound']","[232, 152, 149, 141, 139]"
europe,REC.MI,1d,"['RSI_OVERSOLD', 'RSI_OVERSOLD', 'engulfing', 'hammer', 'RSI_OVERSOLD']","[1119, 1098, 1023, 514, 380]"
europe,RED.MC,1d,"['RSI_OVERSOLD', 'RSI_OVERSOLD', 'RSI_OVERSOLD', 'RSI_OVERSOLD', 'inverted_hammer']","[919, 302, 237, 208, 152]"
europe,REL.L,1d,"['RSI_OVERSOLD', 'rebound', 'RSI_OVERSOLD', 'rebound', 'rebound']","[296, 283, 177, 174, 171]"
europe,REN.AS,1d,"['RSI_OVERSOLD', 'RSI_OVERSOLD', 'RSI_OVERSOLD', 'rebound', 'engulfing']","[231, 227, 178, 173, 168]"
europe,RENE.LS,1d,"['RSI_OVERSOLD', 'RSI_OVERSOLD', 'RSI_OVERSOLD', 'RSI_OVERSOLD, rebound', 'hammer']","[769, 497, 493, 488, 267]"
europe,REP.MC,1d,"['hammer', 'RSI_OVERSOLD', 'inverted_hammer', 'RSI_OVERSOLD', 'rebound']","[562, 534, 533, 384, 382]"
europe,RHIM.L,1d,"['rebound', 'inverted_hammer', 'RSI_OVERSOLD', 'engulfing', 'RSI_OVERSOLD']","[379, 346, 300, 141, 139]"
europe,RHM.DE,1d,"['hammer', 'RSI_OVERSOLD', 'RSI_OVERSOLD', 'RSI_OVERSOLD', 'RSI_OVERSOLD']","[858, 853, 219, 107, 75]"
europe,RI.PA,1d,"['RSI_OVERSOLD', 'hammer', 'hammer', 'RSI_OVERSOLD', 'RSI_OVERSOLD']","[383, 270, 260, 225, 142]"
europe,RICA.L,1d,"['RSI_OVERSOLD', 'inverted_hammer', 'hammer', 'RSI_OVERSOLD', 'inverted_hammer']","[791, 690, 445, 440, 87]"
europe,RIO.L,1d,"['inverted_hammer', 'RSI_OVERSOLD', 'RSI_OVERSOLD', 'RSI_OVERSOLD', 'RSI_OVERSOLD']","[1124, 1075, 650, 541, 379]"
europe,RKT.L,1d,"['RSI_OVERSOLD', 'hammer', 'RSI_OVERSOLD', 'rebound', 'RSI_OVERSOLD']","[379, 177, 149, 143, 117]"
europe,RMS.PA,1d,"['RSI_OVERSOLD', 'inverted_hammer', 'RSI_OVERSOLD', 'rebound', 'hammer']","[153, 151, 141, 140, 2]"
europe,RMV.L,1d,"['RSI_OVERSOLD', 'RSI_OVERSOLD', 'RSI_OVERSOLD', 'RSI_OVERSOLD', 'rebound']","[230, 203, 191, 171, 165]"
europe,RNK.L,1d,"['RSI_OVERSOLD', 'RSI_OVERSOLD', 'RSI_OVERSOLD', 'RSI_OVERSOLD', 'RSI_OVERSOLD']","[406, 283, 177, 21, 13]"
europe,RNO.PA,1d,"['RSI_OVERSOLD', 'RSI_OVERSOLD', 'RSI_OVERSOLD', 'RSI_OVERSOLD', 'hammer']","[314, 303, 185, 173, 71]"
europe,RO.SW,1d,"['RSI_OVERSOLD', 'RSI_OVERSOLD', 'engulfing', 'inverted_hammer', 'RSI_OVERSOLD']","[741, 736, 663, 520, 470]"
europe,ROCK-B.CO,1d,"['RSI_OVERSOLD', 'RSI_OVERSOLD', 'RSI_OVERSOLD', 'inverted_hammer', 'RSI_OVERSOLD']","[373, 282, 148, 144, 136]"
europe,ROP.SW,1d,"['RSI_OVERSOLD', 'hammer', 'engulfing', 'RSI_OVERSOLD', 'rebound']","[666, 664, 663, 376, 375]"
europe,ROR.L,1d,"['RSI_OVERSOLD', 'engulfing', 'RSI_OVERSOLD', 'RSI_OVERSOLD', 'engulfing']","[489, 485, 380, 146, 144]"
europe,ROSE.L,1d,"['hammer', 'RSI_OVERSOLD', 'rebound', 'RSI_OVERSOLD']","[527, 422, 412, 338]"
europe,ROVI.MC,1d,"['RSI_OVERSOLD, rebound', 'RSI_OVERSOLD', 'RSI_OVERSOLD', 'RSI_OVERSOLD', 'rebound']","[383, 381, 233, 110, 105]"
europe,RPI.L,1d,"['inverted_hammer', 'rebound', 'RSI_OVERSOLD', 'RSI_OVERSOLD', 'RSI_OVERSOLD']","[381, 379, 300, 192, 17]"
europe,RR.L,1d,"['RSI_OVERSOLD', 'RSI_OVERSOLD', 'RSI_OVERSOLD', 'hammer', 'engulfing']","[1160, 1034, 1016, 247, 218]"
europe,RRTL.DE,1d,"['RSI_OVERSOLD', 'rebound', 'RSI_OVERSOLD', 'RSI_OVERSOLD', 'RSI_OVERSOLD']","[480, 479, 233, 105, 6]"
europe,RS1.L,1d,"['engulfing', 'engulfing', 'RSI_OVERSOLD', 'RSI_OVERSOLD', 'inverted_hammer, RSI_OVERSOLD']","[592, 497, 403, 139, 129]"
europe,RSW.L,1d,"['RSI_OVERSOLD', 'rebound', 'inverted_hammer', 'RSI_OVERSOLD', 'rebound']","[748, 745, 578, 403, 380]"
europe,RTO.L,1d,"['RSI_OVERSOLD', 'engulfing', 'inverted_hammer, RSI_OVERSOLD', 'RSI_OVERSOLD', 'rebound']","[48, 46, 16, 9, 8]"
europe,RTW.L,1d,"['RSI_OVERSOLD', 'RSI_OVERSOLD', 'RSI_OVERSOLD', 'RSI_OVERSOLD', 'engulfing, rebound']","[670, 431, 396, 386, 378]"
europe,RWE.DE,1d,"['engulfing', 'RSI_OVERSOLD', 'RSI_OVERSOLD, rebound', 'RSI_OVERSOLD', 'engulfing']","[662, 488, 484, 456, 453]"
europe,S92.DE,1d,"['RSI_OVERSOLD', 'RSI_OVERSOLD, rebound', 'piercing_line', 'RSI_OVERSOLD', 'RSI_OVERSOLD']","[484, 478, 381, 379, 278]"
europe,SAAB-B.ST,1d,"['RSI_OVERSOLD', 'RSI_OVERSOLD', 'RSI_OVERSOLD', 'hammer', 'RSI_OVERSOLD']","[1331, 1314, 1214, 1030, 753]"
europe,SAB.MC,1d,"['RSI_OVERSOLD', 'engulfing', 'RSI_OVERSOLD', 'RSI_OVERSOLD', 'hammer']","[716, 711, 555, 383, 183]"
europe,SAF.PA,1d,"['rebound', 'RSI_OVERSOLD', 'RSI_OVERSOLD', 'inverted_hammer', 'inverted_hammer']","[383, 381, 140, 134, 25]"
europe,SAFE.L,1d,"['RSI_OVERSOLD', 'rebound', 'inverted_hammer, RSI_OVERSOLD', 'RSI_OVERSOLD', 'RSI_OVERSOLD']","[140, 137, 24, 13, 4]"
europe,SAGA-B.ST,1d,"['engulfing', 'hammer', 'RSI_OVERSOLD', 'RSI_OVERSOLD', 'RSI_OVERSOLD']","[741, 681, 467, 375, 80]"
europe,SAGA.L,1d,"['engulfing', 'RSI_OVERSOLD', 'RSI_OVERSOLD', 'RSI_OVERSOLD', 'inverted_hammer']","[1007, 898, 769, 626, 580]"
europe,SAIN.L,1d,"['rebound', 'inverted_hammer', 'inverted_hammer', 'RSI_OVERSOLD', 'hammer']","[745, 678, 144, 138, 75]"
europe,SALM.OL,1d,"['rebound', 'hammer', 'RSI_OVERSOLD', 'RSI_OVERSOLD', 'engulfing']","[375, 347, 177, 71, 69]"
europe,SAMPO.HE,1d,"['hammer', 'RSI_OVERSOLD', 'inverted_hammer', 'RSI_OVERSOLD', 'engulfing']","[175, 166, 19, 10, 4]"
europe,SAN.MC,1d,"['RSI_OVERSOLD', 'RSI_OVERSOLD', 'RSI_OVERSOLD', 'RSI_OVERSOLD', 'RSI_OVERSOLD']","[1583, 1547, 1242, 1173, 555]"
europe,SAN.PA,1d,"['RSI_OVERSOLD', 'RSI_OVERSOLD', 'RSI_OVERSOLD', 'RSI_OVERSOLD', 'rebound']","[750, 481, 461, 384, 381]"
europe,SAND.ST,1d,"['RSI_OVERSOLD', 'hammer', 'hammer', 'RSI_OVERSOLD', 'RSI_OVERSOLD']","[740, 583, 378, 371, 57]"
europe,SAP.DE,1d,"['RSI_OVERSOLD', 'RSI_OVERSOLD', 'RSI_OVERSOLD, rebound', 'hammer', 'RSI_OVERSOLD']","[269, 181, 176, 172, 138]"
europe,SASA.IS,1d,"['hammer', 'RSI_OVERSOLD', 'RSI_OVERSOLD', 'rebound', 'RSI_OVERSOLD']","[706, 523, 344, 332, 252]"
europe,SAX.DE,1d,"['RSI_OVERSOLD', 'rebound', 'RSI_OVERSOLD', 'rebound', 'RSI_OVERSOLD']","[292, 278, 264, 262, 173]"
europe,SBMO.AS,1d,"['RSI_OVERSOLD', 'hammer, rebound', 'RSI_OVERSOLD', 'rebound', 'RSI_OVERSOLD']","[770, 768, 384, 383, 381]"
europe,SBRY.L,1d,"['rebound', 'RSI_OVERSOLD', 'RSI_OVERSOLD', 'RSI_OVERSOLD', 'RSI_OVERSOLD']","[480, 440, 438, 395, 92]"
europe,SCA-B.ST,1d,"['RSI_OVERSOLD', 'RSI_OVERSOLD', 'rebound', 'RSI_OVERSOLD', 'RSI_OVERSOLD']","[545, 386, 376, 173, 102]"
europe,SCHP.SW,1d,"['RSI_OVERSOLD', 'RSI_OVERSOLD', 'RSI_OVERSOLD', 'RSI_OVERSOLD', 'inverted_hammer']","[759, 756, 375, 55, 20]"
europe,SCMN.SW,1d,"['rebound', 'hammer', 'hammer', 'RSI_OVERSOLD', 'RSI_OVERSOLD']","[466, 446, 210, 80, 70]"
europe,SCT.L,1d,"['inverted_hammer', 'inverted_hammer', 'RSI_OVERSOLD', 'RSI_OVERSOLD', 'rebound']","[439, 438, 223, 170, 162]"
europe,SCYR.MC,1d,"['RSI_OVERSOLD', 'rebound', 'hammer', 'RSI_OVERSOLD', 'RSI_OVERSOLD']","[384, 383, 263, 32, 25]"
europe,SDF.DE,1d,"['rebound', 'RSI_OVERSOLD', 'RSI_OVERSOLD', 'engulfing', 'RSI_OVERSOLD']","[540, 525, 303, 293, 87]"
europe,SDLF.L,1d,"['hammer', 'RSI_OVERSOLD', 'RSI_OVERSOLD', 'RSI_OVERSOLD', 'RSI_OVERSOLD']","[689, 488, 440, 274, 137]"
europe,SDP.L,1d,"['inverted_hammer', 'inverted_hammer', 'RSI_OVERSOLD', 'rebound', 'inverted_hammer']","[748, 525, 381, 380, 51]"
europe,SDR.L,1d,"['RSI_OVERSOLD', 'RSI_OVERSOLD', 'RSI_OVERSOLD', 'inverted_hammer', 'RSI_OVERSOLD']","[618, 548, 478, 477, 276]"
europe,SDZ.SW,1d,"['RSI_OVERSOLD', 'RSI_OVERSOLD', 'rebound', 'RSI_OVERSOLD', 'inverted_hammer']","[395, 376, 375, 373, 15]"
europe,SEB-A.ST,1d,"['rebound', 'RSI_OVERSOLD', 'hammer', 'RSI_OVERSOLD', 'rebound']","[1152, 892, 378, 377, 376]"
europe,SEIT.L,1d,"['inverted_hammer', 'RSI_OVERSOLD', 'RSI_OVERSOLD', 'engulfing', 'RSI_OVERSOLD']","[182, 138, 80, 34, 6]"
europe,SEM.LS,1d,"['RSI_OVERSOLD', 'RSI_OVERSOLD', 'RSI_OVERSOLD', 'RSI_OVERSOLD', 'RSI_OVERSOLD']","[1031, 1018, 591, 488, 3]"
europe,SEQI.L,1d,"['RSI_OVERSOLD', 'rebound', 'RSI_OVERSOLD', 'inverted_hammer', 'RSI_OVERSOLD']","[840, 834, 761, 584, 132]"
europe,SGE.L,1d,"['RSI_OVERSOLD', 'RSI_OVERSOLD', 'RSI_OVERSOLD', 'RSI_OVERSOLD', 'rebound']","[379, 283, 174, 171, 170]"
europe,SGL.DE,1d,"['RSI_OVERSOLD', 'RSI_OVERSOLD', 'hammer, rebound', 'RSI_OVERSOLD', 'RSI_OVERSOLD']","[234, 227, 225, 141, 51]"
europe,SGO.PA,1d,"['RSI_OVERSOLD', 'RSI_OVERSOLD', 'rebound', 'RSI_OVERSOLD', 'RSI_OVERSOLD']","[237, 153, 141, 20, 4]"
europe,SGRO.L,1d,"['rebound', 'inverted_hammer', 'engulfing', 'RSI_OVERSOLD', 'RSI_OVERSOLD']","[473, 454, 452, 379, 377]"
europe,SGSN.SW,1d,"['RSI_OVERSOLD', 'RSI_OVERSOLD', 'RSI_OVERSOLD', 'hammer', 'RSI_OVERSOLD']","[736, 432, 375, 322, 139]"
europe,SHAW.L,1d,"['RSI_OVERSOLD', 'RSI_OVERSOLD', 'inverted_hammer']","[154, 147, 3]"
europe,SHB-A.ST,1d,"['RSI_OVERSOLD', 'hammer', 'RSI_OVERSOLD', 'rebound', 'RSI_OVERSOLD']","[612, 445, 376, 375, 309]"
europe,SHC.L,1d,"['inverted_hammer', 'RSI_OVERSOLD', 'RSI_OVERSOLD', 'RSI_OVERSOLD', 'inverted_hammer']","[509, 484, 443, 278, 206]"
europe,SHEL.L,1d,"['hammer', 'RSI_OVERSOLD', 'inverted_hammer', 'RSI_OVERSOLD', 'RSI_OVERSOLD']","[550, 513, 453, 379, 189]"
europe,SHELL.AS,1d,"['hammer', 'RSI_OVERSOLD', 'RSI_OVERSOLD', 'rebound', 'RSI_OVERSOLD']","[555, 531, 384, 383, 205]"
europe,SHL.DE,1d,"['RSI_OVERSOLD', 'RSI_OVERSOLD', 'RSI_OVERSOLD', 'RSI_OVERSOLD', 'RSI_OVERSOLD']","[230, 224, 167, 142, 114]"
europe,SIE.DE,1d,"['RSI_OVERSOLD', 'RSI_OVERSOLD', 'RSI_OVERSOLD', 'RSI_OVERSOLD', 'RSI_OVERSOLD']","[801, 747, 552, 382, 140]"
europe,SIGN.SW,1d,"['RSI_OVERSOLD', 'RSI_OVERSOLD', 'RSI_OVERSOLD, rebound', 'engulfing', 'rebound']","[299, 279, 263, 260, 257]"
europe,SIKA.SW,1d,"['RSI_OVERSOLD', 'RSI_OVERSOLD', 'RSI_OVERSOLD', 'rebound', 'hammer']","[186, 147, 139, 137, 16]"
europe,SINCH.ST,1d,"['rebound', 'RSI_OVERSOLD', 'rebound', 'RSI_OVERSOLD', 'RSI_OVERSOLD, rebound']","[467, 377, 375, 171, 161]"
europe,SKA-B.ST,1d,"['rebound', 'RSI_OVERSOLD', 'RSI_OVERSOLD', 'rebound', 'RSI_OVERSOLD']","[886, 733, 377, 375, 138]"
europe,SKF-B.ST,1d,"['RSI_OVERSOLD', 'inverted_hammer', 'RSI_OVERSOLD', 'RSI_OVERSOLD', 'piercing_line, rebound']","[518, 446, 147, 139, 137]"
europe,SLHN.SW,1d,"['RSI_OVERSOLD', 'RSI_OVERSOLD', 'RSI_OVERSOLD', 'RSI_OVERSOLD', 'hammer']","[544, 375, 274, 178, 144]"
europe,SLR.MC,1d,"['RSI_OVERSOLD', 'RSI_OVERSOLD', 'hammer', 'rebound', 'RSI_OVERSOLD']","[381, 71, 67, 58, 48]"
europe,SMHN.DE,1d,"['hammer', 'RSI_OVERSOLD', 'RSI_OVERSOLD', 'RSI_OVERSOLD', 'inverted_hammer']","[1015, 747, 382, 303, 32]"
europe,SMIN.L,1d,"['inverted_hammer', 'RSI_OVERSOLD', 'hammer', 'RSI_OVERSOLD', 'RSI_OVERSOLD']","[489, 488, 482, 380, 138]"
europe,SMT.L,1d,"['RSI_OVERSOLD', 'rebound', 'RSI_OVERSOLD', 'hammer', 'hammer']","[551, 550, 380, 147, 75]"
europe,SMWH.L,1d,"['rebound', 'RSI_OVERSOLD', 'RSI_OVERSOLD', 'RSI_OVERSOLD', 'RSI_OVERSOLD']","[138, 109, 84, 77, 24]"
europe,SN.L,1d,"['engulfing', 'RSI_OVERSOLD', 'RSI_OVERSOLD', 'RSI_OVERSOLD', 'RSI_OVERSOLD']","[654, 504, 487, 379, 377]"
europe,SNR.L,1d,"['inverted_hammer', 'RSI_OVERSOLD', 'rebound', 'RSI_OVERSOLD', 'RSI_OVERSOLD']","[382, 381, 379, 370, 221]"
europe,SOF.BR,1d,"['RSI_OVERSOLD', 'RSI_OVERSOLD', 'RSI_OVERSOLD', 'RSI_OVERSOLD, rebound', 'RSI_OVERSOLD']","[276, 147, 140, 135, 133]"
europe,SOI.L,1d,"['RSI_OVERSOLD', 'inverted_hammer', 'inverted_hammer', 'RSI_OVERSOLD', 'rebound']","[748, 745, 626, 380, 379]"
europe,SOLB.BR,1d,"['RSI_OVERSOLD', 'hammer', 'RSI_OVERSOLD', 'inverted_hammer', 'hammer']","[907, 681, 555, 487, 235]"
europe,SON.LS,1d,"['RSI_OVERSOLD', 'hammer', 'RSI_OVERSOLD', 'inverted_hammer', 'RSI_OVERSOLD']","[768, 695, 494, 493, 140]"
europe,SOON.SW,1d,"['piercing_line', 'hammer', 'RSI_OVERSOLD', 'RSI_OVERSOLD', 'RSI_OVERSOLD']","[319, 230, 220, 162, 137]"
europe,SPI.L,1d,"['RSI_OVERSOLD', 'rebound', 'RSI_OVERSOLD', 'RSI_OVERSOLD', 'RSI_OVERSOLD']","[401, 399, 212, 137, 134]"
europe,SPM.MI,1d,"['RSI_OVERSOLD', 'RSI_OVERSOLD', 'RSI_OVERSOLD', 'RSI_OVERSOLD', 'RSI_OVERSOLD']","[902, 549, 524, 404, 381]"
europe,SPSN.SW,1d,"['RSI_OVERSOLD', 'RSI_OVERSOLD', 'hammer', 'RSI_OVERSOLD', 'RSI_OVERSOLD']","[1011, 664, 302, 35, 4]"
europe,SPX.L,1d,"['RSI_OVERSOLD', 'RSI_OVERSOLD', 'rebound', 'rebound', 'RSI_OVERSOLD']","[398, 385, 384, 380, 138]"
europe,SQN.SW,1d,"['hammer', 'engulfing', 'hammer', 'hammer', 'RSI_OVERSOLD']","[554, 519, 327, 168, 165]"
europe,SRE.L,1d,"['piercing_line', 'RSI_OVERSOLD', 'inverted_hammer', 'RSI_OVERSOLD', 'RSI_OVERSOLD']","[1034, 898, 489, 487, 443]"
europe,SREN.SW,1d,"['RSI_OVERSOLD', 'RSI_OVERSOLD', 'hammer', 'RSI_OVERSOLD', 'inverted_hammer']","[544, 375, 274, 207, 180]"
europe,SRG.MI,1d,"['engulfing', 'RSI_OVERSOLD', 'RSI_OVERSOLD', 'RSI_OVERSOLD', 'RSI_OVERSOLD']","[1018, 482, 48, 44, 20]"
europe,SRP.L,1d,"['inverted_hammer', 'RSI_OVERSOLD', 'inverted_hammer', 'RSI_OVERSOLD', 'rebound']","[479, 462, 128, 91, 76]"
europe,SRT.DE,1d,"['inverted_hammer, RSI_OVERSOLD', 'RSI_OVERSOLD', 'RSI_OVERSOLD', 'RSI_OVERSOLD', 'RSI_OVERSOLD']","[600, 584, 382, 379, 344]"
europe,SRT3.DE,1d,"['hammer', 'RSI_OVERSOLD', 'rebound', 'inverted_hammer', 'hammer']","[384, 383, 381, 175, 144]"
europe,SSAB-A.ST,1d,"['rebound', 'RSI_OVERSOLD', 'RSI_OVERSOLD', 'RSI_OVERSOLD', 'RSI_OVERSOLD']","[616, 527, 523, 446, 375]"
europe,SSE.L,1d,"['rebound', 'inverted_hammer', 'RSI_OVERSOLD', 'RSI_OVERSOLD', 'RSI_OVERSOLD']","[793, 761, 417, 279, 101]"
europe,SSIT.L,1d,"['RSI_OVERSOLD', 'RSI_OVERSOLD', 'RSI_OVERSOLD', 'RSI_OVERSOLD', 'RSI_OVERSOLD']","[550, 495, 283, 272, 57]"
europe,SSPG.L,1d,"['RSI_OVERSOLD', 'RSI_OVERSOLD', 'RSI_OVERSOLD', 'RSI_OVERSOLD', 'hammer']","[601, 582, 401, 278, 225]"
europe,STAN.L,1d,"['RSI_OVERSOLD', 'engulfing', 'RSI_OVERSOLD', 'rebound', 'hammer']","[690, 686, 381, 379, 147]"
europe,STB.OL,1d,"['piercing_line', 'inverted_hammer', 'hammer, RSI_OVERSOLD', 'inverted_hammer', 'RSI_OVERSOLD']","[888, 781, 545, 413, 375]"
europe,STERV.HE,1d,"['rebound', 'RSI_OVERSOLD', 'rebound', 'RSI_OVERSOLD', 'engulfing']","[544, 381, 376, 138, 111]"
europe,STJ.L,1d,"['inverted_hammer', 'rebound', 'inverted_hammer', 'RSI_OVERSOLD', 'inverted_hammer']","[655, 648, 647, 165, 56]"
europe,STLAM.MI,1d,"['inverted_hammer', 'RSI_OVERSOLD', 'hammer', 'RSI_OVERSOLD', 'RSI_OVERSOLD']","[378, 170, 84, 76, 65]"
europe,STLAP.PA,1d,"['hammer', 'RSI_OVERSOLD, rebound', 'inverted_hammer', 'hammer', 'RSI_OVERSOLD']","[178, 170, 86, 84, 76]"
europe,STM.DE,1d,"['RSI_OVERSOLD', 'RSI_OVERSOLD', 'RSI_OVERSOLD', 'rebound', 'RSI_OVERSOLD']","[153, 150, 145, 141, 54]"
europe,STMMI.MI,1d,"['RSI_OVERSOLD', 'RSI_OVERSOLD', 'rebound', 'RSI_OVERSOLD', 'engulfing']","[427, 382, 380, 52, 49]"
europe,STMN.SW,1d,"['hammer', 'RSI_OVERSOLD', 'hammer', 'rebound', 'RSI_OVERSOLD']","[151, 149, 142, 137, 31]"
europe,STMPA.PA,1d,"['RSI_OVERSOLD', 'RSI_OVERSOLD', 'rebound', 'RSI_OVERSOLD', 'engulfing']","[430, 385, 383, 52, 49]"
europe,SU.PA,1d,"['RSI_OVERSOLD', 'RSI_OVERSOLD', 'RSI_OVERSOLD', 'RSI_OVERSOLD', 'engulfing']","[1131, 755, 384, 381, 133]"
europe,SUNN.SW,1d,"['hammer', 'rebound', 'RSI_OVERSOLD', 'RSI_OVERSOLD', 'RSI_OVERSOLD']","[230, 225, 223, 218, 70]"
europe,SUPR.L,1d,"['RSI_OVERSOLD', 'engulfing', 'RSI_OVERSOLD', 'RSI_OVERSOLD', 'RSI_OVERSOLD']","[853, 628, 484, 479, 18]"
europe,SVS.L,1d,"['RSI_OVERSOLD', 'RSI_OVERSOLD', 'RSI_OVERSOLD', 'RSI_OVERSOLD', 'rebound']","[396, 164, 144, 140, 138]"
europe,SVT.L,1d,"['RSI_OVERSOLD', 'hammer', 'rebound', 'RSI_OVERSOLD', 'inverted_hammer']","[829, 827, 825, 800, 627]"
europe,SW.PA,1d,"['RSI_OVERSOLD', 'rebound', 'RSI_OVERSOLD', 'RSI_OVERSOLD', 'rebound']","[395, 384, 334, 140, 127]"
europe,SWED-A.ST,1d,"['inverted_hammer', 'RSI_OVERSOLD', 'RSI_OVERSOLD', 'RSI_OVERSOLD', 'rebound']","[1151, 891, 737, 376, 375]"
europe,SY1.DE,1d,"['RSI_OVERSOLD', 'RSI_OVERSOLD', 'RSI_OVERSOLD, rebound', 'RSI_OVERSOLD', 'engulfing']","[440, 330, 324, 265, 259]"
europe,SYENS.BR,1d,"['hammer', 'RSI_OVERSOLD', 'hammer', 'RSI_OVERSOLD', 'rebound']","[456, 268, 264, 156, 154]"
europe,SYNC.L,1d,"['engulfing', 'RSI_OVERSOLD', 'RSI_OVERSOLD', 'inverted_hammer', 'RSI_OVERSOLD']","[498, 442, 380, 353, 344]"
europe,TATE.L,1d,"['rebound', 'RSI_OVERSOLD', 'rebound', 'inverted_hammer', 'RSI_OVERSOLD']","[403, 264, 257, 255, 151]"
europe,TBCG.L,1d,"['RSI_OVERSOLD', 'hammer', 'inverted_hammer', 'RSI_OVERSOLD', 'engulfing']","[587, 586, 520, 231, 229]"
europe,TCAP.L,1d,"['inverted_hammer', 'RSI_OVERSOLD', 'RSI_OVERSOLD', 'engulfing', 'RSI_OVERSOLD']","[669, 380, 377, 224, 43]"
europe,TEF.MC,1d,"['RSI_OVERSOLD', 'RSI_OVERSOLD', 'hammer, RSI_OVERSOLD', 'RSI_OVERSOLD', 'RSI_OVERSOLD']","[434, 381, 265, 235, 70]"
europe,TEG.DE,1d,"['rebound', 'RSI_OVERSOLD', 'RSI_OVERSOLD', 'RSI_OVERSOLD', 'RSI_OVERSOLD']","[985, 903, 444, 19, 13]"
europe,TEL.OL,1d,"['rebound', 'RSI_OVERSOLD', 'hammer', 'RSI_OVERSOLD', 'RSI_OVERSOLD, rebound']","[224, 113, 78, 71, 59]"
europe,TEL2-B.ST,1d,"['RSI_OVERSOLD', 'RSI_OVERSOLD', 'RSI_OVERSOLD', 'rebound', 'RSI_OVERSOLD']","[1003, 953, 809, 795, 1]"
europe,TELIA.ST,1d,"['engulfing', 'RSI_OVERSOLD', 'rebound', 'RSI_OVERSOLD', 'RSI_OVERSOLD']","[838, 837, 827, 798, 67]"
europe,TEM.L,1d,"['inverted_hammer', 'RSI_OVERSOLD', 'RSI_OVERSOLD', 'rebound', 'hammer']","[995, 902, 380, 379, 50]"
europe,TEMN.SW,1d,"['RSI_OVERSOLD', 'RSI_OVERSOLD', 'RSI_OVERSOLD', 'RSI_OVERSOLD', 'RSI_OVERSOLD']","[373, 304, 272, 174, 54]"
europe,TEN.MI,1d,"['RSI_OVERSOLD', 'RSI_OVERSOLD', 'rebound', 'RSI_OVERSOLD', 'rebound']","[594, 551, 549, 381, 378]"
europe,TEP.L,1d,"['RSI_OVERSOLD', 'RSI_OVERSOLD', 'RSI_OVERSOLD', 'RSI_OVERSOLD', 'RSI_OVERSOLD, rebound']","[137, 113, 108, 78, 75]"
europe,TEP.PA,1d,"['RSI_OVERSOLD', 'RSI_OVERSOLD', 'engulfing', 'rebound', 'RSI_OVERSOLD']","[302, 282, 270, 138, 71]"
europe,TFIF.L,1d,"['RSI_OVERSOLD', 'RSI_OVERSOLD', 'RSI_OVERSOLD', 'RSI_OVERSOLD', 'RSI_OVERSOLD, rebound']","[1140, 1016, 379, 151, 142]"
europe,TGS.OL,1d,"['RSI_OVERSOLD', 'RSI_OVERSOLD', 'RSI_OVERSOLD', 'rebound', 'engulfing']","[503, 394, 377, 375, 307]"
europe,THG.L,1d,"['inverted_hammer', 'RSI_OVERSOLD', 'rebound', 'inverted_hammer', 'RSI_OVERSOLD']","[171, 152, 137, 72, 19]"
europe,THRL.L,1d,"['rebound', 'hammer, rebound', 'hammer', 'inverted_hammer', 'inverted_hammer']","[892, 891, 835, 745, 133]"
europe,THYAO.IS,1d,"['rebound', 'hammer', 'engulfing', 'RSI_OVERSOLD', 'RSI_OVERSOLD']","[1654, 1642, 1365, 98, 15]"
europe,TIETO.HE,1d,"['hammer', 'RSI_OVERSOLD', 'RSI_OVERSOLD, rebound', 'RSI_OVERSOLD', 'RSI_OVERSOLD']","[618, 617, 613, 305, 70]"
europe,TIT.MI,1d,"['RSI_OVERSOLD', 'RSI_OVERSOLD', 'inverted_hammer', 'inverted_hammer', 'RSI_OVERSOLD']","[483, 479, 56, 55, 53]"
europe,TKA.DE,1d,"['RSI_OVERSOLD', 'rebound', 'RSI_OVERSOLD', 'RSI_OVERSOLD', 'RSI_OVERSOLD']","[557, 544, 526, 290, 145]"
europe,TLX.DE,1d,"['RSI_OVERSOLD', 'rebound', 'RSI_OVERSOLD', 'engulfing', 'engulfing']","[907, 905, 903, 627, 86]"
europe,TMPL.L,1d,"['hammer', 'RSI_OVERSOLD', 'RSI_OVERSOLD', 'rebound', 'RSI_OVERSOLD']","[748, 689, 380, 379, 138]"
europe,TMV.DE,1d,"['hammer', 'RSI_OVERSOLD', 'hammer', 'RSI_OVERSOLD', 'inverted_hammer']","[455, 332, 245, 242, 220]"
europe,TOM.OL,1d,"['RSI_OVERSOLD, rebound', 'RSI_OVERSOLD', 'RSI_OVERSOLD', 'engulfing', 'RSI_OVERSOLD']","[242, 115, 22, 21, 19]"
europe,TPE.DE,1d,"['hammer', 'hammer', 'inverted_hammer', 'RSI_OVERSOLD', 'engulfing']","[545, 431, 226, 172, 170]"
europe,TPK.L,1d,"['rebound', 'RSI_OVERSOLD, rebound', 'RSI_OVERSOLD', 'RSI_OVERSOLD', 'RSI_OVERSOLD']","[395, 383, 299, 147, 143]"
europe,TREL-B.ST,1d,"['RSI_OVERSOLD', 'RSI_OVERSOLD', 'rebound', 'hammer', 'RSI_OVERSOLD']","[1269, 1159, 1155, 740, 139]"
europe,TRIG.L,1d,"['rebound', 'RSI_OVERSOLD', 'rebound', 'RSI_OVERSOLD', 'RSI_OVERSOLD']","[453, 296, 290, 269, 157]"
europe,TRN.L,1d,"['RSI_OVERSOLD', 'RSI_OVERSOLD', 'RSI_OVERSOLD', 'RSI_OVERSOLD', 'RSI_OVERSOLD']","[405, 396, 210, 104, 33]"
europe,TRN.MI,1d,"['RSI_OVERSOLD', 'engulfing', 'RSI_OVERSOLD', 'hammer', 'rebound']","[452, 451, 23, 21, 17]"
europe,TRST.L,1d,"['RSI_OVERSOLD', 'RSI_OVERSOLD', 'RSI_OVERSOLD', 'engulfing', 'RSI_OVERSOLD']","[228, 211, 165, 159, 16]"
europe,TRY.L,1d,"['inverted_hammer, RSI_OVERSOLD', 'inverted_hammer', 'inverted_hammer', 'inverted_hammer', 'RSI_OVERSOLD']","[134, 133, 112, 109, 20]"
europe,TRYG.CO,1d,"['RSI_OVERSOLD', 'hammer', 'RSI_OVERSOLD', 'RSI_OVERSOLD', 'hammer']","[788, 678, 372, 10, 6]"
europe,TSCO.L,1d,"['RSI_OVERSOLD', 'rebound', 'RSI_OVERSOLD', 'RSI_OVERSOLD', 'RSI_OVERSOLD']","[1036, 1026, 1012, 829, 395]"
europe,TTE.PA,1d,"['RSI_OVERSOLD', 'RSI_OVERSOLD', 'RSI_OVERSOLD', 'RSI_OVERSOLD', 'RSI_OVERSOLD']","[591, 484, 473, 383, 79]"
europe,TUI1.DE,1d,"['RSI_OVERSOLD', 'RSI_OVERSOLD', 'hammer', 'RSI_OVERSOLD', 'RSI_OVERSOLD']","[233, 154, 153, 149, 146]"
europe,TW.L,1d,"['RSI_OVERSOLD', 'RSI_OVERSOLD', 'RSI_OVERSOLD', 'rebound', 'RSI_OVERSOLD']","[296, 278, 150, 139, 113]"
europe,TWEKA.AS,1d,"['RSI_OVERSOLD, rebound', 'RSI_OVERSOLD', 'RSI_OVERSOLD', 'RSI_OVERSOLD', 'piercing_line']","[549, 484, 384, 295, 203]"
europe,TYRES.HE,1d,"['RSI_OVERSOLD', 'rebound', 'rebound', 'RSI_OVERSOLD', 'RSI_OVERSOLD']","[904, 896, 895, 738, 419]"
europe,UBSG.SW,1d,"['RSI_OVERSOLD', 'rebound', 'RSI_OVERSOLD', 'RSI_OVERSOLD', 'inverted_hammer']","[377, 375, 165, 151, 13]"
europe,UCB.BR,1d,"['rebound', 'RSI_OVERSOLD', 'engulfing', 'RSI_OVERSOLD', 'RSI_OVERSOLD']","[381, 115, 113, 49, 19]"
europe,UCG.MI,1d,"['hammer', 'inverted_hammer', 'RSI_OVERSOLD', 'RSI_OVERSOLD', 'RSI_OVERSOLD']","[1097, 550, 549, 381, 140]"
europe,UEM.L,1d,"['RSI_OVERSOLD', 'rebound', 'rebound', 'inverted_hammer', 'inverted_hammer']","[1668, 1661, 1651, 517, 25]"
europe,UHR.SW,1d,"['rebound', 'hammer', 'RSI_OVERSOLD', 'rebound', 'RSI_OVERSOLD']","[519, 509, 379, 376, 55]"
europe,UKW.L,1d,"['RSI_OVERSOLD', 'hammer', 'RSI_OVERSOLD', 'RSI_OVERSOLD', 'rebound']","[379, 301, 287, 278, 277]"
europe,ULVR.L,1d,"['RSI_OVERSOLD', 'inverted_hammer', 'RSI_OVERSOLD', 'engulfing', 'inverted_hammer']","[1157, 850, 494, 221, 137]"
europe,UMG.AS,1d,"['RSI_OVERSOLD', 'rebound', 'inverted_hammer', 'RSI_OVERSOLD', 'inverted_hammer']","[142, 138, 85, 48, 47]"
europe,UMI.BR,1d,"['RSI_OVERSOLD', 'RSI_OVERSOLD', 'hammer', 'RSI_OVERSOLD', 'hammer']","[837, 774, 590, 586, 58]"
europe,UNA.AS,1d,"['hammer', 'RSI_OVERSOLD', 'RSI_OVERSOLD', 'hammer', 'inverted_hammer']","[456, 259, 256, 149, 139]"
europe,UNI.MC,1d,"['RSI_OVERSOLD', 'RSI_OVERSOLD', 'RSI_OVERSOLD', 'RSI_OVERSOLD', 'RSI_OVERSOLD']","[718, 693, 556, 514, 383]"
europe,UNI.MI,1d,"['RSI_OVERSOLD', 'RSI_OVERSOLD', 'RSI_OVERSOLD', 'rebound', 'RSI_OVERSOLD']","[902, 900, 381, 380, 179]"
europe,UPM.HE,1d,"['engulfing', 'inverted_hammer', 'RSI_OVERSOLD', 'RSI_OVERSOLD', 'RSI_OVERSOLD']","[330, 250, 75, 73, 65]"
europe,URW.PA,1d,"['rebound', 'RSI_OVERSOLD', 'rebound', 'RSI_OVERSOLD', 'rebound']","[381, 29, 21, 13, 4]"
europe,USA.L,1d,"['RSI_OVERSOLD', 'rebound', 'rebound', 'inverted_hammer', 'inverted_hammer']","[381, 380, 379, 180, 151]"
europe,UTDI.DE,1d,"['RSI_OVERSOLD', 'RSI_OVERSOLD', 'RSI_OVERSOLD', 'RSI_OVERSOLD', 'RSI_OVERSOLD']","[548, 480, 225, 78, 71]"
europe,UTG.L,1d,"['RSI_OVERSOLD', 'RSI_OVERSOLD', 'RSI_OVERSOLD', 'RSI_OVERSOLD', 'RSI_OVERSOLD']","[214, 212, 156, 137, 26]"
europe,UU.L,1d,"['RSI_OVERSOLD', 'RSI_OVERSOLD', 'RSI_OVERSOLD', 'RSI_OVERSOLD', 'hammer']","[854, 829, 599, 442, 24]"
europe,VACN.SW,1d,"['inverted_hammer', 'RSI_OVERSOLD', 'RSI_OVERSOLD', 'rebound', 'RSI_OVERSOLD']","[492, 467, 377, 375, 277]"
europe,VALMT.HE,1d,"['hammer', 'RSI_OVERSOLD', 'piercing_line', 'RSI_OVERSOLD', 'engulfing']","[255, 139, 137, 113, 111]"
europe,VAR.OL,1d,"['RSI_OVERSOLD', 'RSI_OVERSOLD', 'hammer', 'RSI_OVERSOLD', 'RSI_OVERSOLD']","[891, 680, 545, 399, 373]"
europe,VBK.DE,1d,"['RSI_OVERSOLD', 'RSI_OVERSOLD', 'RSI_OVERSOLD, rebound', 'RSI_OVERSOLD', 'rebound']","[552, 484, 480, 453, 438]"
europe,VCT.L,1d,"['engulfing', 'inverted_hammer', 'engulfing', 'RSI_OVERSOLD', 'engulfing']","[543, 411, 378, 140, 137]"
europe,VEIL.L,1d,"['rebound', 'inverted_hammer', 'RSI_OVERSOLD', 'inverted_hammer', 'RSI_OVERSOLD']","[377, 142, 138, 77, 55]"
europe,VIE.PA,1d,"['engulfing', 'RSI_OVERSOLD', 'RSI_OVERSOLD', 'rebound', 'engulfing']","[279, 29, 27, 17, 16]"
europe,VIV.PA,1d,"['RSI_OVERSOLD', 'inverted_hammer', 'RSI_OVERSOLD', 'RSI_OVERSOLD', 'RSI_OVERSOLD']","[384, 383, 224, 48, 23]"
europe,VLX.L,1d,"['RSI_OVERSOLD', 'RSI_OVERSOLD', 'rebound', 'RSI_OVERSOLD', 'RSI_OVERSOLD']","[520, 384, 380, 72, 65]"
europe,VNA.DE,1d,"['RSI_OVERSOLD', 'inverted_hammer', 'rebound', 'engulfing', 'RSI_OVERSOLD']","[26, 20, 17, 16, 5]"
europe,VOD.L,1d,"['rebound', 'hammer', 'RSI_OVERSOLD', 'inverted_hammer', 'RSI_OVERSOLD']","[850, 721, 708, 586, 479]"
europe,VOF.L,1d,"['RSI_OVERSOLD, rebound', 'hammer', 'engulfing, rebound', 'RSI_OVERSOLD', 'RSI_OVERSOLD']","[381, 380, 379, 244, 54]"
europe,VOLV-B.ST,1d,"['rebound', 'hammer', 'RSI_OVERSOLD', 'RSI_OVERSOLD', 'engulfing']","[375, 271, 242, 139, 137]"
europe,VOW.DE,1d,"['inverted_hammer', 'RSI_OVERSOLD', 'RSI_OVERSOLD', 'RSI_OVERSOLD', 'RSI_OVERSOLD']","[265, 264, 150, 140, 72]"
europe,VOW3.DE,1d,"['RSI_OVERSOLD', 'inverted_hammer', 'RSI_OVERSOLD', 'RSI_OVERSOLD', 'RSI_OVERSOLD']","[264, 151, 150, 141, 72]"
europe,VPK.AS,1d,"['RSI_OVERSOLD', 'hammer', 'RSI_OVERSOLD', 'rebound', 'RSI_OVERSOLD']","[384, 307, 270, 267, 232]"
europe,VSVS.L,1d,"['inverted_hammer', 'RSI_OVERSOLD', 'inverted_hammer', 'RSI_OVERSOLD', 'inverted_hammer']","[398, 139, 138, 51, 13]"
europe,VTY.L,1d,"['RSI_OVERSOLD', 'rebound', 'RSI_OVERSOLD', 'piercing_line', 'RSI_OVERSOLD']","[150, 140, 103, 98, 81]"
europe,VWS.CO,1d,"['rebound', 'RSI_OVERSOLD', 'RSI_OVERSOLD', 'inverted_hammer, RSI_OVERSOLD', 'engulfing']","[554, 500, 492, 475, 474]"
europe,WAF.DE,1d,"['rebound', 'rebound', 'hammer', 'RSI_OVERSOLD', 'hammer']","[490, 488, 477, 382, 227]"
europe,WAWI.OL,1d,"['RSI_OVERSOLD', 'RSI_OVERSOLD', 'RSI_OVERSOLD', 'RSI_OVERSOLD', 'hammer, RSI_OVERSOLD']","[859, 482, 449, 376, 246]"
europe,WCH.DE,1d,"['RSI_OVERSOLD', 'rebound', 'RSI_OVERSOLD', 'inverted_hammer', 'hammer']","[442, 440, 382, 379, 51]"
europe,WDP.BR,1d,"['engulfing', 'RSI_OVERSOLD', 'RSI_OVERSOLD', 'RSI_OVERSOLD', 'RSI_OVERSOLD']","[456, 448, 383, 381, 5]"
europe,WEIR.L,1d,"['RSI_OVERSOLD', 'RSI_OVERSOLD', 'RSI_OVERSOLD', 'rebound', 'RSI_OVERSOLD']","[380, 377, 150, 139, 110]"
europe,WIX.L,1d,"['RSI_OVERSOLD', 'RSI_OVERSOLD', 'RSI_OVERSOLD', 'engulfing', 'RSI_OVERSOLD']","[283, 139, 104, 98, 17]"
europe,WIZZ.L,1d,"['RSI_OVERSOLD', 'RSI_OVERSOLD', 'RSI_OVERSOLD', 'rebound', 'RSI_OVERSOLD']","[231, 151, 149, 147, 16]"
europe,WKL.AS,1d,"['RSI_OVERSOLD', 'inverted_hammer', 'RSI_OVERSOLD, rebound', 'rebound', 'RSI_OVERSOLD']","[178, 175, 173, 166, 105]"
europe,WKP.L,1d,"['rebound', 'RSI_OVERSOLD', 'RSI_OVERSOLD', 'engulfing', 'engulfing']","[431, 404, 221, 218, 135]"
europe,WLN.PA,1d,"['RSI_OVERSOLD', 'RSI_OVERSOLD', 'RSI_OVERSOLD', 'inverted_hammer', 'hammer']","[411, 329, 247, 212, 61]"
europe,WOSG.L,1d,"['RSI_OVERSOLD', 'RSI_OVERSOLD', 'RSI_OVERSOLD, rebound', 'RSI_OVERSOLD', 'engulfing']","[405, 384, 381, 299, 30]"
europe,WPP.L,1d,"['RSI_OVERSOLD', 'engulfing', 'RSI_OVERSOLD', 'engulfing', 'piercing_line']","[236, 230, 171, 168, 69]"
europe,WRT1V.HE,1d,"['RSI_OVERSOLD', 'RSI_OVERSOLD', 'RSI_OVERSOLD', 'RSI_OVERSOLD', 'inverted_hammer']","[893, 891, 753, 483, 482]"
europe,WTB.L,1d,"['hammer', 'RSI_OVERSOLD', 'inverted_hammer', 'inverted_hammer', 'RSI_OVERSOLD']","[224, 215, 214, 212, 139]"
europe,WWH.L,1d,"['RSI_OVERSOLD', 'rebound', 'piercing_line', 'RSI_OVERSOLD', 'inverted_hammer']","[380, 379, 173, 139, 45]"
europe,XPP.L,1d,"['engulfing', 'inverted_hammer', 'inverted_hammer', 'inverted_hammer', 'RSI_OVERSOLD']","[552, 520, 220, 52, 49]"
europe,XPS.L,1d,"['RSI_OVERSOLD', 'hammer', 'RSI_OVERSOLD', 'RSI_OVERSOLD', 'RSI_OVERSOLD']","[691, 441, 330, 278, 221]"
europe,YAR.OL,1d,"['RSI_OVERSOLD', 'RSI_OVERSOLD', 'RSI_OVERSOLD', 'hammer', 'inverted_hammer, RSI_OVERSOLD']","[835, 741, 678, 446, 376]"
europe,ZAL.DE,1d,"['RSI_OVERSOLD', 'inverted_hammer', 'inverted_hammer', 'engulfing', 'RSI_OVERSOLD']","[297, 111, 108, 107, 106]"
europe,ZEAL.CO,1d,"['RSI_OVERSOLD', 'RSI_OVERSOLD', 'rebound', 'RSI_OVERSOLD, rebound', 'RSI_OVERSOLD']","[1140, 397, 392, 145, 4]"
europe,ZIG.L,1d,"['rebound', 'inverted_hammer', 'RSI_OVERSOLD', 'RSI_OVERSOLD', 'RSI_OVERSOLD']","[439, 381, 380, 278, 28]"
europe,ZURN.SW,1d,"['RSI_OVERSOLD', 'RSI_OVERSOLD', 'hammer', 'RSI_OVERSOLD', 'hammer']","[375, 318, 242, 180, 34]"
europe,3IN.L,1w,"['RSI_OVERSOLD', 'RSI_OVERSOLD']","[448, 343]"
europe,8TRA.DE,1w,"['RSI_OVERSOLD', 'RSI_OVERSOLD', 'piercing_line', 'RSI_OVERSOLD']","[346, 241, 240, 236]"
europe,A2A.MI,1w,"['RSI_OVERSOLD', 'engulfing', 'hammer', 'hammer', 'engulfing']","[344, 342, 226, 214, 209]"
europe,AAF.L,1w,"['hammer', 'hammer', 'engulfing']","[343, 138, 137]"
europe,AAL.L,1w,"['RSI_OVERSOLD', 'engulfing', 'RSI_OVERSOLD']","[344, 342, 80]"
europe,AALB.AS,1w,"['RSI_OVERSOLD', 'RSI_OVERSOLD']","[417, 345]"
europe,AAS.L,1w,['RSI_OVERSOLD'],[345]
europe,ABB.ST,1w,"['RSI_OVERSOLD', 'RSI_OVERSOLD']","[344, 80]"
europe,ABBN.SW,1w,['RSI_OVERSOLD'],[344]
europe,ABDN.L,1w,"['RSI_OVERSOLD', 'RSI_OVERSOLD', 'RSI_OVERSOLD', 'piercing_line', 'engulfing']","[400, 344, 242, 240, 163]"
europe,ABF.L,1w,"['RSI_OVERSOLD', 'inverted_hammer', 'engulfing', 'RSI_OVERSOLD', 'RSI_OVERSOLD']","[214, 210, 108, 95, 90]"
europe,ABI.BR,1w,"['RSI_OVERSOLD', 'RSI_OVERSOLD', 'inverted_hammer', 'engulfing', 'RSI_OVERSOLD']","[416, 346, 97, 96, 92]"
europe,ABN.AS,1w,"['RSI_OVERSOLD', 'RSI_OVERSOLD']","[375, 346]"
europe,AC.PA,1w,"['RSI_OVERSOLD', 'RSI_OVERSOLD']","[408, 345]"
europe,ACA.PA,1w,"['RSI_OVERSOLD', 'RSI_OVERSOLD', 'hammer']","[408, 344, 343]"
europe,ACKB.BR,1w,['RSI_OVERSOLD'],[344]
europe,ACLN.SW,1w,,
europe,ACS.MC,1w,"['RSI_OVERSOLD', 'engulfing', 'hammer']","[346, 342, 6]"
europe,ACX.MC,1w,['RSI_OVERSOLD'],[344]
europe,AD.AS,1w,"['RSI_OVERSOLD', 'hammer']","[477, 37]"
europe,ADDT-B.ST,1w,"['hammer', 'inverted_hammer']","[242, 157]"
europe,ADEN.SW,1w,"['RSI_OVERSOLD', 'RSI_OVERSOLD', 'RSI_OVERSOLD', 'RSI_OVERSOLD']","[421, 345, 100, 30]"
europe,ADM.L,1w,"['RSI_OVERSOLD', 'RSI_OVERSOLD', 'RSI_OVERSOLD']","[241, 222, 38]"
europe,ADS.DE,1w,"['RSI_OVERSOLD', 'RSI_OVERSOLD', 'piercing_line', 'RSI_OVERSOLD', 'inverted_hammer']","[344, 242, 240, 213, 210]"
europe,ADYEN.AS,1w,"['RSI_OVERSOLD', 'RSI_OVERSOLD', 'inverted_hammer', 'RSI_OVERSOLD', 'inverted_hammer']","[165, 35, 31, 30, 29]"
europe,AED.BR,1w,"['RSI_OVERSOLD', 'hammer, RSI_OVERSOLD', 'hammer', 'RSI_OVERSOLD', 'hammer']","[245, 211, 176, 173, 159]"
europe,AENA.MC,1w,"['RSI_OVERSOLD', 'piercing_line']","[346, 343]"
europe,AEP.L,1w,"['RSI_OVERSOLD', 'RSI_OVERSOLD']","[387, 116]"
europe,AF.PA,1w,"['RSI_OVERSOLD', 'RSI_OVERSOLD', 'RSI_OVERSOLD', 'inverted_hammer', 'RSI_OVERSOLD']","[226, 159, 155, 135, 120]"
europe,AFX.DE,1w,"['RSI_OVERSOLD', 'engulfing', 'RSI_OVERSOLD', 'RSI_OVERSOLD', 'hammer']","[121, 114, 95, 38, 30]"
europe,AGN.AS,1w,"['RSI_OVERSOLD', 'RSI_OVERSOLD', 'piercing_line']","[409, 346, 343]"
europe,AGS.BR,1w,['RSI_OVERSOLD'],[346]
europe,AGT.L,1w,"['RSI_OVERSOLD', 'RSI_OVERSOLD']","[344, 80]"
europe,AI.PA,1w,['hammer'],[40]
europe,AIE.L,1w,"['RSI_OVERSOLD', 'RSI_OVERSOLD', 'hammer', 'inverted_hammer']","[343, 341, 37, 29]"
europe,AIR.PA,1w,"['RSI_OVERSOLD', 'RSI_OVERSOLD', 'engulfing', 'inverted_hammer']","[408, 345, 342, 29]"
europe,AIXA.DE,1w,"['hammer', 'RSI_OVERSOLD', 'inverted_hammer', 'engulfing', 'RSI_OVERSOLD']","[418, 131, 130, 129, 110]"
europe,AJB.L,1w,"['RSI_OVERSOLD', 'inverted_hammer']","[344, 43]"
europe,AKRBP.OL,1w,"['RSI_OVERSOLD', 'engulfing']","[344, 342]"
europe,AKZA.AS,1w,"['RSI_OVERSOLD', 'RSI_OVERSOLD', 'RSI_OVERSOLD']","[346, 241, 30]"
europe,ALC.SW,1w,"['RSI_OVERSOLD', 'piercing_line', 'hammer']","[343, 342, 211]"
europe,ALFA.L,1w,"['RSI_OVERSOLD', 'RSI_OVERSOLD']","[448, 31]"
europe,ALFA.ST,1w,"['RSI_OVERSOLD', 'RSI_OVERSOLD']","[344, 79]"
europe,ALFEN.AS,1w,"['RSI_OVERSOLD', 'engulfing']","[120, 107]"
europe,ALK-B.CO,1w,"['RSI_OVERSOLD', 'RSI_OVERSOLD', 'engulfing']","[462, 453, 202]"
europe,ALO.PA,1w,"['RSI_OVERSOLD', 'RSI_OVERSOLD', 'RSI_OVERSOLD', 'engulfing', 'RSI_OVERSOLD']","[242, 211, 158, 148, 26]"
europe,ALSYDB.CO,1w,"['RSI_OVERSOLD', 'engulfing', 'RSI_OVERSOLD', 'hammer, RSI_OVERSOLD', 'RSI_OVERSOLD']","[424, 421, 397, 388, 343]"
europe,ALTR.LS,1w,"['RSI_OVERSOLD', 'RSI_OVERSOLD']","[408, 344]"
europe,ALV.DE,1w,"['RSI_OVERSOLD', 'engulfing']","[344, 342]"
europe,ALW.L,1w,"['RSI_OVERSOLD', 'RSI_OVERSOLD']","[344, 80]"
europe,AMBU-B.CO,1w,"['RSI_OVERSOLD', 'RSI_OVERSOLD', 'RSI_OVERSOLD', 'RSI_OVERSOLD', 'hammer']","[238, 226, 160, 27, 24]"
europe,AMG.AS,1w,"['RSI_OVERSOLD', 'RSI_OVERSOLD', 'RSI_OVERSOLD']","[408, 344, 153]"
europe,AMP.MI,1w,"['RSI_OVERSOLD', 'RSI_OVERSOLD', 'RSI_OVERSOLD', 'RSI_OVERSOLD', 'RSI_OVERSOLD']","[226, 84, 63, 55, 32]"
europe,AMRZ.SW,1w,"['hammer', 'RSI_OVERSOLD']","[6, 5]"
europe,AMS.MC,1w,"['RSI_OVERSOLD', 'RSI_OVERSOLD', 'inverted_hammer']","[345, 36, 29]"
europe,ANA.MC,1w,,
europe,ANE.MC,1w,['RSI_OVERSOLD'],[159]
europe,ANTO.L,1w,"['RSI_OVERSOLD', 'piercing_line', 'hammer', 'RSI_OVERSOLD']","[423, 422, 223, 222]"
europe,AO.L,1w,"['RSI_OVERSOLD', 'inverted_hammer', 'RSI_OVERSOLD', 'inverted_hammer', 'inverted_hammer']","[263, 248, 223, 217, 32]"
europe,AOF.DE,1w,"['RSI_OVERSOLD', 'engulfing', 'RSI_OVERSOLD', 'RSI_OVERSOLD']","[58, 56, 34, 29]"
europe,APAM.AS,1w,"['hammer', 'RSI_OVERSOLD', 'RSI_OVERSOLD']","[433, 416, 414]"
europe,APN.L,1w,['RSI_OVERSOLD'],[79]
europe,ARCAD.AS,1w,"['RSI_OVERSOLD', 'inverted_hammer', 'engulfing', 'RSI_OVERSOLD']","[416, 186, 82, 34]"
europe,ARGX.BR,1w,"['hammer', 'inverted_hammer', 'piercing_line']","[418, 31, 29]"
europe,ASHM.L,1w,"['hammer', 'engulfing', 'RSI_OVERSOLD', 'inverted_hammer', 'RSI_OVERSOLD']","[257, 252, 247, 170, 157]"
europe,ASL.L,1w,"['RSI_OVERSOLD', 'engulfing', 'RSI_OVERSOLD', 'RSI_OVERSOLD', 'RSI_OVERSOLD']","[410, 408, 344, 241, 80]"
europe,ASM.AS,1w,"['hammer', 'hammer', 'RSI_OVERSOLD']","[223, 83, 80]"
europe,ASML.AS,1w,,
europe,ASRNL.AS,1w,"['RSI_OVERSOLD', 'engulfing']","[344, 342]"
europe,ASSA-B.ST,1w,"['inverted_hammer', 'RSI_OVERSOLD', 'RSI_OVERSOLD']","[477, 343, 80]"
europe,AT1.DE,1w,"['RSI_OVERSOLD', 'hammer', 'RSI_OVERSOLD', 'inverted_hammer', 'RSI_OVERSOLD']","[344, 211, 186, 29, 4]"
europe,ATCO-A.ST,1w,"['inverted_hammer', 'hammer', 'RSI_OVERSOLD', 'RSI_OVERSOLD']","[343, 242, 241, 80]"
europe,ATCO-B.ST,1w,"['inverted_hammer', 'RSI_OVERSOLD']","[343, 80]"
europe,ATG.L,1w,"['hammer', 'RSI_OVERSOLD', 'inverted_hammer', 'RSI_OVERSOLD']","[187, 157, 129, 62]"
europe,ATO.PA,1w,"['inverted_hammer', 'RSI_OVERSOLD', 'RSI_OVERSOLD', 'RSI_OVERSOLD', 'inverted_hammer']","[139, 134, 123, 119, 31]"
europe,ATR.L,1w,"['RSI_OVERSOLD', 'hammer', 'RSI_OVERSOLD', 'RSI_OVERSOLD']","[342, 231, 207, 80]"
europe,ATT.L,1w,"['hammer', 'hammer', 'RSI_OVERSOLD', 'RSI_OVERSOLD']","[242, 231, 226, 80]"
europe,ATYM.L,1w,"['RSI_OVERSOLD', 'RSI_OVERSOLD', 'engulfing']","[335, 217, 214]"
europe,AUTO.L,1w,"['RSI_OVERSOLD', 'engulfing', 'RSI_OVERSOLD']","[343, 342, 47]"
europe,AV.L,1w,"['RSI_OVERSOLD', 'hammer', 'RSI_OVERSOLD', 'engulfing', 'RSI_OVERSOLD']","[413, 408, 344, 342, 338]"
europe,AVIO.MI,1w,"['RSI_OVERSOLD', 'RSI_OVERSOLD', 'RSI_OVERSOLD', 'RSI_OVERSOLD']","[450, 416, 239, 158]"
europe,AVOL.SW,1w,"['inverted_hammer', 'RSI_OVERSOLD']","[432, 346]"
europe,AVON.L,1w,"['RSI_OVERSOLD', 'RSI_OVERSOLD', 'RSI_OVERSOLD']","[269, 257, 165]"
europe,AZA.ST,1w,['RSI_OVERSOLD'],[241]
europe,AZE.BR,1w,"['RSI_OVERSOLD', 'RSI_OVERSOLD', 'hammer', 'engulfing', 'RSI_OVERSOLD']","[49, 47, 45, 43, 32]"
europe,AZM.MI,1w,"['hammer', 'RSI_OVERSOLD', 'RSI_OVERSOLD', 'piercing_line']","[462, 408, 344, 342]"
europe,AZN.L,1w,['RSI_OVERSOLD'],[101]
europe,AZN.ST,1w,['RSI_OVERSOLD'],[79]
europe,BA.L,1w,"['hammer', 'RSI_OVERSOLD', 'engulfing']","[482, 416, 415]"
europe,BAB.L,1w,"['RSI_OVERSOLD', 'hammer', 'RSI_OVERSOLD', 'RSI_OVERSOLD', 'RSI_OVERSOLD']","[465, 453, 416, 410, 345]"
europe,BAER.SW,1w,"['hammer', 'RSI_OVERSOLD', 'RSI_OVERSOLD', 'RSI_OVERSOLD']","[429, 423, 418, 344]"
europe,BAG.L,1w,"['RSI_OVERSOLD', 'RSI_OVERSOLD']","[378, 343]"
europe,BAMI.MI,1w,['RSI_OVERSOLD'],[416]
europe,BARC.L,1w,"['RSI_OVERSOLD', 'RSI_OVERSOLD', 'RSI_OVERSOLD', 'engulfing']","[418, 408, 344, 342]"
europe,BARN.SW,1w,"['RSI_OVERSOLD', 'RSI_OVERSOLD', 'inverted_hammer', 'RSI_OVERSOLD']","[144, 92, 89, 79]"
europe,BAS.DE,1w,"['RSI_OVERSOLD', 'RSI_OVERSOLD']","[411, 346]"
europe,BATS.L,1w,"['RSI_OVERSOLD', 'RSI_OVERSOLD', 'RSI_OVERSOLD', 'engulfing', 'RSI_OVERSOLD']","[443, 418, 413, 342, 178]"
europe,BAVA.CO,1w,"['RSI_OVERSOLD', 'RSI_OVERSOLD', 'hammer', 'RSI_OVERSOLD', 'RSI_OVERSOLD']","[444, 413, 412, 246, 232]"
europe,BAYN.DE,1w,"['RSI_OVERSOLD', 'RSI_OVERSOLD', 'RSI_OVERSOLD', 'engulfing', 'RSI_OVERSOLD']","[153, 151, 100, 97, 95]"
europe,BBOX.L,1w,"['RSI_OVERSOLD', 'hammer', 'RSI_OVERSOLD', 'hammer', 'RSI_OVERSOLD']","[344, 226, 213, 211, 101]"
europe,BBVA.MC,1w,"['RSI_OVERSOLD', 'RSI_OVERSOLD', 'engulfing']","[423, 344, 342]"
europe,BBY.L,1w,"['RSI_OVERSOLD', 'RSI_OVERSOLD']","[258, 241]"
europe,BC.MI,1w,,
europe,BC8.DE,1w,"['RSI_OVERSOLD', 'RSI_OVERSOLD', 'RSI_OVERSOLD', 'engulfing', 'RSI_OVERSOLD']","[226, 102, 98, 33, 30]"
europe,BCG.L,1w,"['RSI_OVERSOLD', 'RSI_OVERSOLD']","[48, 40]"
europe,BCP.LS,1w,"['hammer', 'RSI_OVERSOLD', 'hammer, RSI_OVERSOLD']","[374, 346, 311]"
europe,BEAN.SW,1w,"['inverted_hammer', 'hammer']","[411, 231]"
europe,BEI.DE,1w,['RSI_OVERSOLD'],[30]
europe,BESI.AS,1w,"['RSI_OVERSOLD', 'RSI_OVERSOLD', 'RSI_OVERSOLD', 'engulfing', 'inverted_hammer']","[429, 416, 343, 342, 79]"
europe,BEZ.L,1w,['RSI_OVERSOLD'],[343]
europe,BFIT.AS,1w,"['inverted_hammer', 'RSI_OVERSOLD', 'RSI_OVERSOLD', 'RSI_OVERSOLD', 'engulfing']","[209, 207, 164, 135, 133]"
europe,BFSA.DE,1w,"['RSI_OVERSOLD', 'hammer', 'hammer', 'RSI_OVERSOLD']","[343, 231, 222, 100]"
europe,BGEO.L,1w,"['RSI_OVERSOLD', 'RSI_OVERSOLD', 'RSI_OVERSOLD']","[437, 411, 343]"
europe,BGFD.L,1w,"['RSI_OVERSOLD', 'RSI_OVERSOLD', 'RSI_OVERSOLD', 'RSI_OVERSOLD', 'RSI_OVERSOLD']","[346, 246, 240, 231, 227]"
europe,BHMG.L,1w,"['RSI_OVERSOLD', 'RSI_OVERSOLD']","[174, 166]"
europe,BHP.L,1w,"['RSI_OVERSOLD', 'RSI_OVERSOLD']","[346, 80]"
europe,BKG.L,1w,"['hammer', 'RSI_OVERSOLD', 'piercing_line', 'RSI_OVERSOLD', 'RSI_OVERSOLD']","[106, 98, 91, 85, 28]"
europe,BKT.MC,1w,"['inverted_hammer', 'RSI_OVERSOLD', 'hammer', 'inverted_hammer']","[375, 344, 343, 342]"
europe,BLND.L,1w,"['RSI_OVERSOLD', 'piercing_line', 'RSI_OVERSOLD', 'RSI_OVERSOLD']","[419, 417, 375, 344]"
europe,BME.L,1w,"['engulfing', 'RSI_OVERSOLD', 'engulfing', 'RSI_OVERSOLD', 'RSI_OVERSOLD']","[107, 102, 97, 64, 51]"
europe,BMED.MI,1w,"['RSI_OVERSOLD', 'RSI_OVERSOLD', 'piercing_line']","[344, 241, 240]"
europe,BMPS.MI,1w,"['hammer', 'hammer', 'engulfing', 'engulfing', 'RSI_OVERSOLD']","[223, 214, 202, 200, 187]"
europe,BMW.DE,1w,"['RSI_OVERSOLD', 'hammer', 'engulfing', 'RSI_OVERSOLD', 'RSI_OVERSOLD']","[344, 343, 342, 109, 17]"
europe,BMY.L,1w,['inverted_hammer'],[70]
europe,BN.PA,1w,"['RSI_OVERSOLD', 'engulfing', 'RSI_OVERSOLD', 'RSI_OVERSOLD']","[346, 343, 342, 311]"
europe,BNKR.L,1w,"['RSI_OVERSOLD', 'engulfing', 'RSI_OVERSOLD', 'piercing_line', 'RSI_OVERSOLD']","[344, 342, 241, 240, 80]"
europe,BNP.PA,1w,"['RSI_OVERSOLD', 'engulfing', 'hammer']","[344, 342, 98]"
europe,BNR.DE,1w,"['RSI_OVERSOLD', 'inverted_hammer', 'RSI_OVERSOLD']","[414, 413, 344]"
europe,BNZL.L,1w,"['hammer', 'RSI_OVERSOLD', 'RSI_OVERSOLD', 'RSI_OVERSOLD', 'engulfing']","[387, 344, 78, 73, 40]"
europe,BOL.ST,1w,"['engulfing', 'RSI_OVERSOLD', 'RSI_OVERSOLD']","[427, 416, 344]"
europe,BOSS.DE,1w,"['RSI_OVERSOLD', 'RSI_OVERSOLD', 'RSI_OVERSOLD', 'RSI_OVERSOLD', 'engulfing']","[408, 366, 344, 117, 115]"
europe,BOWL.L,1w,"['RSI_OVERSOLD', 'RSI_OVERSOLD', 'hammer', 'RSI_OVERSOLD']","[343, 335, 240, 216]"
europe,BOY.L,1w,"['RSI_OVERSOLD', 'RSI_OVERSOLD', 'engulfing']","[417, 344, 342]"
europe,BP.L,1w,"['engulfing', 'RSI_OVERSOLD', 'RSI_OVERSOLD', 'engulfing', 'RSI_OVERSOLD']","[342, 315, 313, 108, 107]"
europe,BPCR.L,1w,['RSI_OVERSOLD'],[343]
europe,BPE.MI,1w,"['RSI_OVERSOLD', 'RSI_OVERSOLD']","[344, 311]"
europe,BPT.L,1w,"['RSI_OVERSOLD', 'RSI_OVERSOLD']","[241, 30]"
europe,BRBY.L,1w,"['hammer', 'RSI_OVERSOLD', 'hammer', 'hammer', 'hammer']","[150, 126, 121, 119, 109]"
europe,BREE.L,1w,"['RSI_OVERSOLD', 'inverted_hammer', 'RSI_OVERSOLD', 'hammer']","[246, 67, 55, 47]"
europe,BRGE.L,1w,"['RSI_OVERSOLD', 'hammer', 'hammer', 'RSI_OVERSOLD']","[344, 343, 240, 80]"
europe,BRSC.L,1w,"['RSI_OVERSOLD', 'piercing_line', 'RSI_OVERSOLD', 'RSI_OVERSOLD']","[241, 240, 226, 80]"
europe,BRWM.L,1w,"['RSI_OVERSOLD', 'hammer', 'hammer', 'RSI_OVERSOLD']","[344, 264, 95, 80]"
europe,BT-A.L,1w,"['engulfing', 'RSI_OVERSOLD', 'RSI_OVERSOLD', 'RSI_OVERSOLD', 'inverted_hammer']","[343, 336, 213, 206, 164]"
europe,BTRW.L,1w,"['RSI_OVERSOLD', 'RSI_OVERSOLD', 'engulfing', 'RSI_OVERSOLD', 'inverted_hammer']","[233, 211, 209, 32, 29]"
europe,BUT.L,1w,"['RSI_OVERSOLD', 'inverted_hammer']","[344, 29]"
europe,BVI.PA,1w,"['RSI_OVERSOLD', 'RSI_OVERSOLD']","[408, 344]"
europe,BWLPG.OL,1w,"['RSI_OVERSOLD', 'engulfing']","[343, 341]"
europe,BWY.L,1w,"['inverted_hammer', 'RSI_OVERSOLD', 'RSI_OVERSOLD', 'RSI_OVERSOLD', 'RSI_OVERSOLD']","[241, 226, 211, 92, 29]"
europe,BYG.L,1w,"['RSI_OVERSOLD', 'hammer', 'RSI_OVERSOLD']","[343, 231, 211]"
europe,BYIT.L,1w,"['inverted_hammer', 'RSI_OVERSOLD', 'RSI_OVERSOLD']","[241, 66, 29]"
europe,BZU.MI,1w,"['RSI_OVERSOLD', 'engulfing', 'hammer']","[344, 30, 3]"
europe,CA.PA,1w,"['RSI_OVERSOLD', 'RSI_OVERSOLD']","[476, 344]"
europe,CABK.MC,1w,"['RSI_OVERSOLD', 'engulfing']","[344, 342]"
europe,CAP.PA,1w,"['RSI_OVERSOLD', 'RSI_OVERSOLD', 'hammer', 'RSI_OVERSOLD', 'engulfing']","[408, 344, 343, 79, 33]"
europe,CARL-B.CO,1w,"['RSI_OVERSOLD', 'RSI_OVERSOLD', 'RSI_OVERSOLD']","[344, 241, 159]"
europe,CBG.L,1w,"['RSI_OVERSOLD', 'RSI_OVERSOLD', 'RSI_OVERSOLD', 'RSI_OVERSOLD', 'RSI_OVERSOLD']","[255, 232, 209, 144, 103]"
europe,CBK.DE,1w,"['RSI_OVERSOLD', 'RSI_OVERSOLD', 'RSI_OVERSOLD', 'engulfing', 'inverted_hammer']","[437, 435, 408, 372, 31]"
europe,CCC.L,1w,"['RSI_OVERSOLD', 'hammer', 'inverted_hammer', 'RSI_OVERSOLD']","[343, 231, 210, 102]"
europe,CCEP.L,1w,['RSI_OVERSOLD'],[344]
europe,CCH.L,1w,"['RSI_OVERSOLD', 'engulfing', 'RSI_OVERSOLD', 'hammer', 'engulfing']","[344, 341, 241, 236, 234]"
europe,CFR.SW,1w,"['RSI_OVERSOLD', 'hammer', 'RSI_OVERSOLD']","[418, 416, 344]"
europe,CGT.L,1w,"['RSI_OVERSOLD', 'RSI_OVERSOLD', 'inverted_hammer', 'RSI_OVERSOLD']","[344, 211, 181, 173]"
europe,CHG.L,1w,"['inverted_hammer', 'RSI_OVERSOLD']","[244, 88]"
europe,CKN.L,1w,['RSI_OVERSOLD'],[343]
europe,CLDN.L,1w,"['RSI_OVERSOLD', 'piercing_line', 'inverted_hammer']","[344, 342, 30]"
europe,CLN.SW,1w,"['RSI_OVERSOLD', 'RSI_OVERSOLD', 'RSI_OVERSOLD', 'RSI_OVERSOLD', 'RSI_OVERSOLD']","[241, 143, 95, 80, 53]"
europe,CLNX.MC,1w,"['RSI_OVERSOLD', 'RSI_OVERSOLD', 'hammer']","[156, 49, 45]"
europe,CMCX.L,1w,"['RSI_OVERSOLD', 'RSI_OVERSOLD', 'engulfing', 'RSI_OVERSOLD', 'RSI_OVERSOLD']","[399, 267, 261, 185, 174]"
europe,CNA.L,1w,"['RSI_OVERSOLD', 'RSI_OVERSOLD']","[471, 344]"
europe,COA.L,1w,"['RSI_OVERSOLD', 'RSI_OVERSOLD', 'RSI_OVERSOLD']","[345, 338, 80]"
europe,COFA.PA,1w,"['RSI_OVERSOLD', 'RSI_OVERSOLD', 'RSI_OVERSOLD']","[344, 341, 334]"
europe,COL.MC,1w,"['RSI_OVERSOLD', 'RSI_OVERSOLD', 'RSI_OVERSOLD', 'hammer']","[343, 226, 212, 95]"
europe,COLO-B.CO,1w,"['inverted_hammer', 'RSI_OVERSOLD', 'RSI_OVERSOLD', 'RSI_OVERSOLD', 'engulfing']","[82, 80, 75, 32, 21]"
europe,COLR.BR,1w,"['engulfing', 'RSI_OVERSOLD', 'hammer', 'RSI_OVERSOLD', 'inverted_hammer']","[240, 230, 229, 211, 210]"
europe,CON.DE,1w,"['RSI_OVERSOLD', 'RSI_OVERSOLD', 'engulfing', 'RSI_OVERSOLD']","[425, 345, 342, 241]"
europe,COR.LS,1w,"['RSI_OVERSOLD', 'RSI_OVERSOLD', 'RSI_OVERSOLD', 'RSI_OVERSOLD', 'engulfing']","[343, 212, 101, 79, 47]"
europe,CORD.L,1w,"['RSI_OVERSOLD', 'RSI_OVERSOLD']","[209, 206]"
europe,COST.L,1w,"['RSI_OVERSOLD', 'RSI_OVERSOLD']","[381, 344]"
europe,CPG.L,1w,"['RSI_OVERSOLD', 'engulfing', 'RSI_OVERSOLD']","[345, 342, 36]"
europe,CPR.MI,1w,"['RSI_OVERSOLD', 'RSI_OVERSOLD', 'inverted_hammer', 'RSI_OVERSOLD', 'inverted_hammer']","[108, 102, 92, 89, 88]"
europe,CRBN.AS,1w,"['RSI_OVERSOLD', 'engulfing', 'RSI_OVERSOLD']","[242, 170, 78]"
europe,CRDA.L,1w,"['RSI_OVERSOLD', 'RSI_OVERSOLD', 'inverted_hammer, RSI_OVERSOLD', 'RSI_OVERSOLD', 'engulfing']","[344, 175, 157, 79, 60]"
europe,CS.PA,1w,"['RSI_OVERSOLD', 'RSI_OVERSOLD', 'engulfing']","[447, 344, 342]"
europe,CSN.L,1w,"['RSI_OVERSOLD', 'RSI_OVERSOLD', 'engulfing']","[372, 343, 342]"
europe,CTEC.L,1w,"['RSI_OVERSOLD', 'hammer', 'RSI_OVERSOLD', 'RSI_OVERSOLD', 'hammer']","[469, 463, 417, 400, 246]"
europe,CTT.LS,1w,"['RSI_OVERSOLD', 'RSI_OVERSOLD', 'RSI_OVERSOLD', 'RSI_OVERSOLD', 'RSI_OVERSOLD']","[388, 382, 344, 226, 30]"
europe,CTY.L,1w,"['RSI_OVERSOLD', 'engulfing']","[345, 342]"
europe,CURY.L,1w,"['RSI_OVERSOLD', 'RSI_OVERSOLD', 'RSI_OVERSOLD', 'RSI_OVERSOLD', 'RSI_OVERSOLD']","[479, 408, 344, 341, 222]"
europe,CVSG.L,1w,"['hammer', 'inverted_hammer', 'RSI_OVERSOLD', 'RSI_OVERSOLD', 'RSI_OVERSOLD']","[246, 245, 243, 161, 135]"
europe,CWK.L,1w,"['engulfing', 'inverted_hammer', 'RSI_OVERSOLD', 'inverted_hammer']","[414, 312, 211, 3]"
europe,CWR.L,1w,"['RSI_OVERSOLD', 'engulfing', 'RSI_OVERSOLD', 'hammer', 'RSI_OVERSOLD']","[247, 244, 206, 150, 86]"
europe,DANSKE.CO,1w,"['RSI_OVERSOLD', 'RSI_OVERSOLD', 'hammer', 'hammer, RSI_OVERSOLD', 'hammer']","[433, 422, 381, 343, 339]"
europe,DATA.L,1w,['RSI_OVERSOLD'],[104]
europe,DB1.DE,1w,"['hammer', 'RSI_OVERSOLD', 'RSI_OVERSOLD', 'hammer']","[408, 343, 56, 55]"
europe,DBK.DE,1w,"['RSI_OVERSOLD', 'hammer', 'RSI_OVERSOLD']","[438, 433, 408]"
europe,DCC.L,1w,"['piercing_line', 'RSI_OVERSOLD', 'inverted_hammer', 'RSI_OVERSOLD', 'RSI_OVERSOLD']","[343, 312, 311, 213, 200]"
europe,DEMANT.CO,1w,"['RSI_OVERSOLD', 'engulfing', 'RSI_OVERSOLD', 'RSI_OVERSOLD', 'RSI_OVERSOLD']","[343, 241, 117, 80, 35]"
europe,DG.PA,1w,"['RSI_OVERSOLD', 'inverted_hammer', 'hammer']","[344, 210, 6]"
europe,DGE.L,1w,"['hammer', 'hammer', 'engulfing', 'hammer', 'RSI_OVERSOLD']","[162, 121, 79, 44, 30]"
europe,DHER.DE,1w,"['RSI_OVERSOLD', 'inverted_hammer', 'hammer']","[246, 241, 231]"
europe,DHL.DE,1w,"['RSI_OVERSOLD', 'RSI_OVERSOLD', 'RSI_OVERSOLD', 'piercing_line', 'RSI_OVERSOLD']","[409, 345, 242, 240, 212]"
europe,DIA.MI,1w,"['hammer', 'RSI_OVERSOLD', 'hammer', 'RSI_OVERSOLD']","[408, 187, 52, 49]"
europe,DIE.BR,1w,"['RSI_OVERSOLD', 'RSI_OVERSOLD']","[474, 343]"
europe,DLN.L,1w,"['RSI_OVERSOLD', 'RSI_OVERSOLD', 'inverted_hammer', 'engulfing', 'RSI_OVERSOLD']","[241, 212, 164, 162, 92]"
europe,DNB.OL,1w,['RSI_OVERSOLD'],[344]
europe,DNLM.L,1w,"['hammer', 'hammer', 'RSI_OVERSOLD', 'RSI_OVERSOLD', 'RSI_OVERSOLD']","[231, 226, 91, 83, 30]"
europe,DOCS.L,1w,"['RSI_OVERSOLD', 'hammer', 'RSI_OVERSOLD', 'RSI_OVERSOLD', 'RSI_OVERSOLD']","[245, 239, 150, 108, 80]"
europe,DOM.L,1w,"['RSI_OVERSOLD', 'engulfing', 'RSI_OVERSOLD', 'RSI_OVERSOLD', 'hammer']","[62, 60, 56, 53, 52]"
europe,DPLM.L,1w,,
europe,DRW3.DE,1w,"['RSI_OVERSOLD', 'RSI_OVERSOLD', 'RSI_OVERSOLD']","[441, 255, 208]"
europe,DRX.L,1w,"['RSI_OVERSOLD', 'RSI_OVERSOLD']","[381, 344]"
europe,DSCV.L,1w,"['RSI_OVERSOLD', 'hammer', 'hammer', 'inverted_hammer']","[342, 242, 240, 161]"
europe,DSFIR.AS,1w,"['RSI_OVERSOLD', 'RSI_OVERSOLD', 'RSI_OVERSOLD', 'RSI_OVERSOLD']","[56, 50, 40, 34]"
europe,DSV.CO,1w,"['RSI_OVERSOLD', 'RSI_OVERSOLD', 'hammer', 'RSI_OVERSOLD', 'RSI_OVERSOLD']","[408, 343, 242, 156, 80]"
europe,DSY.PA,1w,"['RSI_OVERSOLD', 'hammer', 'RSI_OVERSOLD', 'hammer', 'engulfing']","[47, 45, 35, 34, 33]"
europe,DTE.DE,1w,"['RSI_OVERSOLD', 'RSI_OVERSOLD']","[453, 344]"
europe,DTG.DE,1w,,
europe,ECMPA.AS,1w,,
europe,EDEN.PA,1w,"['inverted_hammer', 'RSI_OVERSOLD', 'RSI_OVERSOLD', 'inverted_hammer', 'RSI_OVERSOLD']","[256, 254, 130, 108, 103]"
europe,EDIN.L,1w,"['RSI_OVERSOLD', 'RSI_OVERSOLD', 'hammer', 'RSI_OVERSOLD', 'engulfing']","[451, 418, 381, 375, 342]"
europe,EDP.LS,1w,"['inverted_hammer, RSI_OVERSOLD', 'RSI_OVERSOLD', 'hammer']","[243, 158, 134]"
europe,EDPR.LS,1w,"['inverted_hammer', 'RSI_OVERSOLD', 'hammer', 'RSI_OVERSOLD']","[168, 158, 137, 80]"
europe,EDV.L,1w,"['RSI_OVERSOLD', 'RSI_OVERSOLD', 'engulfing', 'RSI_OVERSOLD', 'RSI_OVERSOLD']","[408, 396, 292, 278, 269]"
europe,EGL.LS,1w,"['RSI_OVERSOLD', 'RSI_OVERSOLD', 'RSI_OVERSOLD', 'engulfing']","[423, 346, 110, 107]"
europe,EL.PA,1w,"['RSI_OVERSOLD', 'RSI_OVERSOLD', 'RSI_OVERSOLD']","[344, 32, 6]"
europe,ELE.MC,1w,['RSI_OVERSOLD'],[344]
europe,ELG.DE,1w,['RSI_OVERSOLD'],[345]
europe,ELI.BR,1w,"['hammer', 'RSI_OVERSOLD', 'RSI_OVERSOLD', 'RSI_OVERSOLD', 'engulfing']","[209, 95, 92, 90, 87]"
europe,ELISA.HE,1w,"['RSI_OVERSOLD', 'RSI_OVERSOLD', 'hammer', 'RSI_OVERSOLD', 'RSI_OVERSOLD']","[156, 50, 49, 46, 15]"
europe,ELM.L,1w,"['RSI_OVERSOLD', 'RSI_OVERSOLD', 'hammer', 'inverted_hammer', 'RSI_OVERSOLD']","[397, 346, 343, 253, 241]"
europe,ELUX-B.ST,1w,"['RSI_OVERSOLD', 'engulfing', 'RSI_OVERSOLD', 'RSI_OVERSOLD', 'RSI_OVERSOLD']","[241, 236, 155, 21, 14]"
europe,EMG.L,1w,"['RSI_OVERSOLD', 'RSI_OVERSOLD', 'engulfing', 'inverted_hammer', 'RSI_OVERSOLD']","[418, 344, 343, 241, 80]"
europe,EMSN.SW,1w,"['RSI_OVERSOLD', 'RSI_OVERSOLD', 'engulfing', 'hammer', 'hammer']","[226, 213, 211, 159, 155]"
europe,EN.PA,1w,"['RSI_OVERSOLD', 'RSI_OVERSOLD', 'inverted_hammer']","[416, 344, 4]"
europe,ENEL.MI,1w,"['RSI_OVERSOLD', 'RSI_OVERSOLD', 'engulfing', 'RSI_OVERSOLD', 'inverted_hammer']","[263, 241, 220, 211, 210]"
europe,ENG.MC,1w,"['RSI_OVERSOLD', 'RSI_OVERSOLD', 'hammer', 'RSI_OVERSOLD', 'engulfing']","[379, 344, 209, 137, 134]"
europe,ENGI.PA,1w,"['engulfing', 'RSI_OVERSOLD']","[451, 344]"
europe,ENI.MI,1w,['RSI_OVERSOLD'],[346]
europe,ENOG.L,1w,"['RSI_OVERSOLD', 'RSI_OVERSOLD', 'RSI_OVERSOLD']","[346, 157, 155]"
europe,ENR.DE,1w,['RSI_OVERSOLD'],[213]
europe,ENT.L,1w,"['RSI_OVERSOLD', 'RSI_OVERSOLD', 'engulfing', 'RSI_OVERSOLD', 'inverted_hammer']","[115, 35, 32, 31, 29]"
europe,EOAN.DE,1w,,
europe,EPI-A.ST,1w,['RSI_OVERSOLD'],[343]
europe,EQNR.OL,1w,"['RSI_OVERSOLD', 'engulfing']","[346, 343]"
europe,EQT.ST,1w,['piercing_line'],[240]
europe,ERF.PA,1w,"['engulfing', 'RSI_OVERSOLD']","[209, 120]"
europe,ERG.MI,1w,"['RSI_OVERSOLD', 'RSI_OVERSOLD']","[343, 79]"
europe,ERIC-B.ST,1w,['engulfing'],[472]
europe,ESCT.L,1w,"['RSI_OVERSOLD', 'engulfing', 'RSI_OVERSOLD', 'RSI_OVERSOLD']","[418, 406, 344, 241]"
europe,ESSITY-B.ST,1w,"['RSI_OVERSOLD', 'RSI_OVERSOLD']","[241, 238]"
europe,EUZ.DE,1w,"['RSI_OVERSOLD', 'hammer']","[237, 161]"
europe,EVD.DE,1w,"['RSI_OVERSOLD', 'RSI_OVERSOLD', 'hammer', 'engulfing', 'RSI_OVERSOLD']","[59, 36, 34, 33, 30]"
europe,EVK.DE,1w,"['hammer', 'engulfing', 'RSI_OVERSOLD', 'RSI_OVERSOLD', 'engulfing']","[343, 342, 241, 213, 97]"
europe,EVO.ST,1w,"['hammer', 'engulfing', 'RSI_OVERSOLD', 'hammer', 'inverted_hammer']","[159, 158, 155, 104, 91]"
europe,EVT.DE,1w,"['inverted_hammer', 'RSI_OVERSOLD', 'RSI_OVERSOLD', 'RSI_OVERSOLD', 'inverted_hammer']","[241, 129, 125, 114, 79]"
europe,EWG.L,1w,"['RSI_OVERSOLD', 'inverted_hammer', 'RSI_OVERSOLD']","[240, 239, 137]"
europe,EWI.L,1w,"['inverted_hammer', 'RSI_OVERSOLD', 'hammer', 'hammer']","[344, 248, 242, 231]"
europe,EXO.AS,1w,['RSI_OVERSOLD'],[80]
europe,EXPN.L,1w,"['inverted_hammer', 'RSI_OVERSOLD', 'RSI_OVERSOLD']","[241, 226, 37]"
europe,EZJ.L,1w,"['RSI_OVERSOLD', 'RSI_OVERSOLD', 'RSI_OVERSOLD', 'hammer', 'RSI_OVERSOLD']","[344, 265, 255, 226, 32]"
europe,FAGR.AS,1w,,
europe,FAN.L,1w,"['RSI_OVERSOLD', 'hammer']","[416, 211]"
europe,FBK.MI,1w,['RSI_OVERSOLD'],[344]
europe,FCH.L,1w,"['RSI_OVERSOLD', 'RSI_OVERSOLD', 'RSI_OVERSOLD', 'engulfing', 'inverted_hammer']","[380, 372, 345, 162, 160]"
europe,FCIT.L,1w,"['RSI_OVERSOLD', 'engulfing', 'RSI_OVERSOLD', 'inverted_hammer', 'RSI_OVERSOLD']","[344, 342, 341, 81, 80]"
europe,FCSS.L,1w,"['RSI_OVERSOLD', 'engulfing']","[241, 108]"
europe,FCT.MI,1w,"['RSI_OVERSOLD', 'engulfing', 'RSI_OVERSOLD']","[346, 343, 242]"
europe,FDR.MC,1w,"['engulfing', 'hammer', 'RSI_OVERSOLD', 'engulfing', 'inverted_hammer']","[240, 231, 216, 211, 31]"
europe,FEML.L,1w,"['RSI_OVERSOLD', 'RSI_OVERSOLD']","[344, 211]"
europe,FER.MC,1w,"['RSI_OVERSOLD', 'RSI_OVERSOLD']","[343, 4]"
europe,FEV.L,1w,"['RSI_OVERSOLD', 'RSI_OVERSOLD']","[344, 29]"
europe,FGEN.L,1w,"['RSI_OVERSOLD', 'inverted_hammer', 'engulfing', 'RSI_OVERSOLD', 'RSI_OVERSOLD']","[101, 99, 97, 92, 48]"
europe,FGP.L,1w,"['RSI_OVERSOLD', 'RSI_OVERSOLD', 'RSI_OVERSOLD']","[451, 448, 344]"
europe,FGT.L,1w,"['RSI_OVERSOLD', 'RSI_OVERSOLD', 'RSI_OVERSOLD', 'RSI_OVERSOLD']","[346, 344, 341, 36]"
europe,FHZN.SW,1w,"['RSI_OVERSOLD', 'RSI_OVERSOLD']","[413, 346]"
europe,FLOW.AS,1w,"['RSI_OVERSOLD', 'RSI_OVERSOLD', 'engulfing', 'RSI_OVERSOLD', 'engulfing']","[471, 466, 211, 158, 155]"
europe,FLS.CO,1w,"['RSI_OVERSOLD', 'RSI_OVERSOLD', 'RSI_OVERSOLD']","[344, 241, 80]"
europe,FME.DE,1w,"['piercing_line', 'RSI_OVERSOLD', 'engulfing', 'hammer', 'engulfing']","[264, 225, 206, 44, 37]"
europe,FNTN.DE,1w,"['RSI_OVERSOLD', 'RSI_OVERSOLD', 'RSI_OVERSOLD']","[450, 448, 408]"
europe,FORTUM.HE,1w,"['RSI_OVERSOLD', 'piercing_line', 'inverted_hammer', 'hammer', 'hammer']","[242, 240, 221, 220, 214]"
europe,FOUR.L,1w,"['RSI_OVERSOLD', 'hammer', 'RSI_OVERSOLD', 'RSI_OVERSOLD', 'engulfing']","[343, 111, 82, 80, 77]"
europe,FPE3.DE,1w,"['RSI_OVERSOLD', 'inverted_hammer', 'RSI_OVERSOLD', 'RSI_OVERSOLD', 'RSI_OVERSOLD']","[241, 237, 236, 233, 30]"
europe,FRA.DE,1w,"['RSI_OVERSOLD', 'RSI_OVERSOLD']","[418, 346]"
europe,FRAS.L,1w,"['hammer', 'RSI_OVERSOLD', 'RSI_OVERSOLD']","[379, 378, 97]"
europe,FRE.DE,1w,"['piercing_line', 'RSI_OVERSOLD', 'RSI_OVERSOLD', 'inverted_hammer', 'RSI_OVERSOLD']","[240, 220, 212, 21, 20]"
europe,FRES.L,1w,"['RSI_OVERSOLD', 'engulfing', 'RSI_OVERSOLD', 'RSI_OVERSOLD', 'RSI_OVERSOLD']","[429, 421, 420, 412, 167]"
europe,FRO.OL,1w,"['RSI_OVERSOLD', 'RSI_OVERSOLD', 'hammer', 'RSI_OVERSOLD']","[454, 450, 346, 97]"
europe,FSG.L,1w,"['hammer', 'engulfing']","[97, 28]"
europe,FSV.L,1w,['RSI_OVERSOLD'],[346]
europe,FUR.AS,1w,"['RSI_OVERSOLD', 'RSI_OVERSOLD', 'engulfing', 'RSI_OVERSOLD', 'RSI_OVERSOLD']","[378, 344, 342, 339, 88]"
europe,G.MI,1w,"['RSI_OVERSOLD', 'engulfing']","[344, 342]"
europe,G1A.DE,1w,"['RSI_OVERSOLD', 'engulfing', 'RSI_OVERSOLD', 'RSI_OVERSOLD', 'engulfing']","[412, 408, 401, 344, 342]"
europe,G24.DE,1w,"['RSI_OVERSOLD', 'RSI_OVERSOLD', 'RSI_OVERSOLD', 'engulfing', 'engulfing']","[418, 262, 246, 241, 28]"
europe,GALD.SW,1w,['inverted_hammer'],[79]
europe,GALE.SW,1w,"['inverted_hammer', 'RSI_OVERSOLD', 'inverted_hammer']","[415, 411, 157]"
europe,GALP.LS,1w,"['RSI_OVERSOLD', 'RSI_OVERSOLD', 'engulfing']","[408, 344, 342]"
europe,GAMA.L,1w,"['engulfing', 'RSI_OVERSOLD', 'RSI_OVERSOLD', 'RSI_OVERSOLD', 'RSI_OVERSOLD']","[89, 82, 57, 47, 29]"
europe,GAW.L,1w,['RSI_OVERSOLD'],[226]
europe,GBF.DE,1w,"['RSI_OVERSOLD', 'RSI_OVERSOLD', 'RSI_OVERSOLD']","[412, 344, 4]"
europe,GBLB.BR,1w,['RSI_OVERSOLD'],[344]
europe,GCP.L,1w,"['RSI_OVERSOLD', 'RSI_OVERSOLD', 'RSI_OVERSOLD', 'RSI_OVERSOLD']","[346, 211, 186, 177]"
europe,GDWN.L,1w,"['RSI_OVERSOLD', 'inverted_hammer', 'RSI_OVERSOLD', 'inverted_hammer']","[496, 450, 226, 80]"
europe,GEBN.SW,1w,"['RSI_OVERSOLD', 'RSI_OVERSOLD', 'RSI_OVERSOLD', 'RSI_OVERSOLD']","[413, 344, 240, 226]"
europe,GEN.L,1w,"['inverted_hammer', 'inverted_hammer', 'RSI_OVERSOLD', 'inverted_hammer']","[210, 95, 92, 31]"
europe,GET.PA,1w,['RSI_OVERSOLD'],[344]
europe,GF.SW,1w,"['RSI_OVERSOLD', 'RSI_OVERSOLD', 'RSI_OVERSOLD', 'RSI_OVERSOLD', 'RSI_OVERSOLD']","[345, 241, 156, 49, 32]"
europe,GFRD.L,1w,"['RSI_OVERSOLD', 'RSI_OVERSOLD']","[452, 410]"
europe,GFTU.L,1w,"['RSI_OVERSOLD', 'RSI_OVERSOLD', 'hammer, RSI_OVERSOLD', 'hammer', 'RSI_OVERSOLD']","[241, 232, 225, 223, 210]"
europe,GIL.DE,1w,"['inverted_hammer, RSI_OVERSOLD', 'RSI_OVERSOLD']","[463, 344]"
europe,GIVN.SW,1w,"['RSI_OVERSOLD', 'RSI_OVERSOLD', 'RSI_OVERSOLD']","[244, 226, 30]"
europe,GJF.OL,1w,['RSI_OVERSOLD'],[170]
europe,GLE.PA,1w,"['hammer', 'RSI_OVERSOLD']","[403, 344]"
europe,GLEN.L,1w,"['RSI_OVERSOLD', 'RSI_OVERSOLD']","[345, 76]"
europe,GMAB.CO,1w,"['RSI_OVERSOLD', 'RSI_OVERSOLD', 'RSI_OVERSOLD', 'hammer', 'inverted_hammer']","[461, 416, 156, 121, 30]"
europe,GN.CO,1w,"['hammer', 'RSI_OVERSOLD', 'engulfing', 'RSI_OVERSOLD', 'RSI_OVERSOLD']","[231, 212, 209, 80, 76]"
europe,GNC.L,1w,"['RSI_OVERSOLD', 'RSI_OVERSOLD', 'RSI_OVERSOLD', 'inverted_hammer', 'RSI_OVERSOLD']","[448, 344, 213, 210, 202]"
europe,GNS.L,1w,"['engulfing', 'RSI_OVERSOLD', 'inverted_hammer']","[231, 172, 120]"
europe,GPE.L,1w,"['hammer', 'RSI_OVERSOLD', 'inverted_hammer', 'hammer']","[488, 343, 243, 226]"
europe,GRF.MC,1w,"['hammer', 'engulfing', 'RSI_OVERSOLD']","[219, 214, 30]"
europe,GRG.L,1w,"['inverted_hammer', 'RSI_OVERSOLD', 'RSI_OVERSOLD', 'RSI_OVERSOLD', 'RSI_OVERSOLD']","[157, 92, 90, 84, 63]"
europe,GRI.L,1w,"['RSI_OVERSOLD', 'RSI_OVERSOLD', 'RSI_OVERSOLD', 'engulfing']","[410, 241, 211, 208]"
europe,GROW.L,1w,"['RSI_OVERSOLD', 'RSI_OVERSOLD', 'hammer']","[343, 241, 211]"
europe,GSCT.L,1w,"['RSI_OVERSOLD', 'engulfing', 'RSI_OVERSOLD']","[344, 240, 211]"
europe,GSK.L,1w,"['RSI_OVERSOLD', 'RSI_OVERSOLD']","[344, 311]"
europe,GXI.DE,1w,"['RSI_OVERSOLD', 'RSI_OVERSOLD', 'inverted_hammer', 'RSI_OVERSOLD', 'RSI_OVERSOLD']","[90, 80, 79, 53, 33]"
europe,HAFNI.OL,1w,,
europe,HAG.DE,1w,,
europe,HANA.L,1w,"['RSI_OVERSOLD', 'RSI_OVERSOLD', 'engulfing', 'RSI_OVERSOLD']","[373, 345, 239, 230]"
europe,HAS.L,1w,"['RSI_OVERSOLD', 'RSI_OVERSOLD', 'RSI_OVERSOLD', 'inverted_hammer', 'engulfing']","[344, 241, 92, 27, 26]"
europe,HAUTO.OL,1w,['engulfing'],[83]
europe,HBAN.SW,1w,['RSI_OVERSOLD'],[344]
europe,HBR.L,1w,"['inverted_hammer, RSI_OVERSOLD']",[79]
europe,HEI.DE,1w,"['RSI_OVERSOLD', 'hammer', 'RSI_OVERSOLD', 'engulfing', 'inverted_hammer']","[418, 375, 345, 342, 31]"
europe,HEIA.AS,1w,"['RSI_OVERSOLD', 'RSI_OVERSOLD', 'engulfing', 'inverted_hammer']","[418, 344, 96, 56]"
europe,HEN3.DE,1w,"['RSI_OVERSOLD', 'RSI_OVERSOLD', 'RSI_OVERSOLD', 'hammer', 'RSI_OVERSOLD']","[403, 344, 266, 81, 79]"
europe,HER.MI,1w,['hammer'],[214]
europe,HEXA-B.ST,1w,['engulfing'],[342]
europe,HFD.L,1w,"['RSI_OVERSOLD', 'hammer', 'engulfing', 'RSI_OVERSOLD', 'RSI_OVERSOLD']","[367, 366, 231, 226, 216]"
europe,HFEL.L,1w,"['RSI_OVERSOLD', 'RSI_OVERSOLD', 'RSI_OVERSOLD', 'RSI_OVERSOLD']","[346, 344, 207, 80]"
europe,HFG.DE,1w,"['RSI_OVERSOLD', 'inverted_hammer', 'RSI_OVERSOLD', 'RSI_OVERSOLD', 'hammer']","[136, 82, 30, 9, 6]"
europe,HFG.L,1w,"['RSI_OVERSOLD', 'engulfing', 'RSI_OVERSOLD']","[213, 210, 58]"
europe,HGT.L,1w,['RSI_OVERSOLD'],[344]
europe,HIAB.HE,1w,"['RSI_OVERSOLD', 'RSI_OVERSOLD', 'RSI_OVERSOLD', 'piercing_line', 'engulfing']","[344, 338, 241, 240, 114]"
europe,HICL.L,1w,"['inverted_hammer', 'RSI_OVERSOLD', 'RSI_OVERSOLD', 'RSI_OVERSOLD']","[481, 455, 343, 174]"
europe,HIK.L,1w,"['engulfing', 'RSI_OVERSOLD', 'RSI_OVERSOLD', 'RSI_OVERSOLD', 'RSI_OVERSOLD']","[246, 244, 232, 56, 32]"
europe,HILS.L,1w,"['RSI_OVERSOLD', 'RSI_OVERSOLD', 'RSI_OVERSOLD', 'RSI_OVERSOLD', 'RSI_OVERSOLD']","[427, 424, 342, 241, 80]"
europe,HLE.DE,1w,['RSI_OVERSOLD'],[345]
europe,HLMA.L,1w,"['hammer', 'engulfing', 'RSI_OVERSOLD']","[242, 240, 226]"
europe,HLN.L,1w,"['RSI_OVERSOLD', 'inverted_hammer']","[55, 23]"
europe,HM-B.ST,1w,"['RSI_OVERSOLD', 'engulfing', 'hammer', 'engulfing']","[344, 342, 261, 210]"
europe,HMSO.L,1w,"['RSI_OVERSOLD', 'engulfing', 'RSI_OVERSOLD', 'hammer', 'RSI_OVERSOLD']","[389, 384, 345, 231, 226]"
europe,HNR1.DE,1w,['RSI_OVERSOLD'],[344]
europe,HO.PA,1w,"['RSI_OVERSOLD', 'hammer', 'RSI_OVERSOLD', 'engulfing', 'hammer']","[364, 358, 344, 342, 252]"
europe,HOC.L,1w,,
europe,HOLN.SW,1w,"['hammer', 'RSI_OVERSOLD', 'engulfing', 'RSI_OVERSOLD']","[432, 345, 342, 69]"
europe,HOT.DE,1w,"['RSI_OVERSOLD', 'RSI_OVERSOLD', 'engulfing', 'RSI_OVERSOLD', 'hammer']","[378, 345, 342, 241, 4]"
europe,HRI.L,1w,['RSI_OVERSOLD'],[344]
europe,HSBA.L,1w,"['RSI_OVERSOLD', 'RSI_OVERSOLD', 'RSI_OVERSOLD']","[345, 341, 317]"
europe,HSL.L,1w,"['RSI_OVERSOLD', 'RSI_OVERSOLD', 'RSI_OVERSOLD', 'RSI_OVERSOLD', 'RSI_OVERSOLD']","[344, 242, 226, 211, 209]"
europe,HSX.L,1w,"['RSI_OVERSOLD', 'RSI_OVERSOLD', 'RSI_OVERSOLD', 'RSI_OVERSOLD']","[362, 344, 339, 335]"
europe,HTG.L,1w,"['RSI_OVERSOLD', 'engulfing', 'RSI_OVERSOLD', 'inverted_hammer', 'RSI_OVERSOLD']","[350, 346, 345, 315, 256]"
europe,HTWS.L,1w,['RSI_OVERSOLD'],[156]
europe,HUH1V.HE,1w,"['RSI_OVERSOLD', 'RSI_OVERSOLD', 'RSI_OVERSOLD', 'RSI_OVERSOLD', 'RSI_OVERSOLD']","[422, 416, 344, 246, 241]"
europe,HVPE.L,1w,['RSI_OVERSOLD'],[344]
europe,HWDN.L,1w,"['RSI_OVERSOLD', 'RSI_OVERSOLD', 'RSI_OVERSOLD', 'inverted_hammer', 'engulfing']","[243, 226, 211, 210, 209]"
europe,HWG.L,1w,"['RSI_OVERSOLD', 'inverted_hammer, RSI_OVERSOLD', 'engulfing', 'RSI_OVERSOLD']","[211, 206, 200, 22]"
europe,IAD.L,1w,['RSI_OVERSOLD'],[343]
europe,IAG.L,1w,"['engulfing', 'RSI_OVERSOLD', 'RSI_OVERSOLD', 'inverted_hammer', 'engulfing']","[393, 344, 316, 31, 29]"
europe,IAG.MC,1w,"['hammer', 'RSI_OVERSOLD', 'RSI_OVERSOLD', 'inverted_hammer']","[382, 343, 339, 31]"
europe,IBE.MC,1w,,
europe,IBS.LS,1w,"['RSI_OVERSOLD', 'inverted_hammer']","[344, 340]"
europe,ICG.L,1w,"['hammer', 'RSI_OVERSOLD', 'RSI_OVERSOLD', 'engulfing', 'RSI_OVERSOLD']","[242, 241, 212, 210, 32]"
europe,ICGT.L,1w,"['RSI_OVERSOLD', 'RSI_OVERSOLD']","[344, 341]"
europe,IDR.MC,1w,"['RSI_OVERSOLD', 'engulfing']","[376, 372]"
europe,IFX.DE,1w,"['RSI_OVERSOLD', 'RSI_OVERSOLD', 'engulfing', 'hammer', 'RSI_OVERSOLD']","[416, 343, 342, 242, 241]"
europe,IG.MI,1w,"['RSI_OVERSOLD', 'RSI_OVERSOLD', 'hammer', 'engulfing']","[344, 209, 158, 4]"
europe,IGG.L,1w,"['RSI_OVERSOLD', 'RSI_OVERSOLD', 'inverted_hammer', 'inverted_hammer', 'RSI_OVERSOLD']","[420, 187, 157, 156, 2]"
europe,IHG.L,1w,"['RSI_OVERSOLD', 'RSI_OVERSOLD']","[416, 344]"
europe,IHP.L,1w,"['inverted_hammer', 'RSI_OVERSOLD', 'hammer']","[245, 229, 223]"
europe,III.L,1w,"['RSI_OVERSOLD', 'engulfing', 'RSI_OVERSOLD']","[344, 342, 30]"
europe,ILU.F,1w,"['hammer', 'RSI_OVERSOLD', 'engulfing']","[316, 160, 82]"
europe,IMB.L,1w,"['RSI_OVERSOLD', 'engulfing', 'RSI_OVERSOLD', 'RSI_OVERSOLD', 'engulfing']","[386, 384, 382, 344, 24]"
europe,IMCD.AS,1w,"['RSI_OVERSOLD', 'inverted_hammer', 'engulfing', 'RSI_OVERSOLD', 'hammer']","[343, 241, 240, 63, 47]"
europe,IMI.L,1w,"['RSI_OVERSOLD', 'RSI_OVERSOLD']","[344, 241]"
europe,INCH.L,1w,"['RSI_OVERSOLD', 'RSI_OVERSOLD', 'hammer']","[344, 241, 155]"
europe,INDU-C.ST,1w,['hammer'],[433]
europe,INF.L,1w,"['RSI_OVERSOLD', 'RSI_OVERSOLD', 'RSI_OVERSOLD', 'RSI_OVERSOLD']","[408, 345, 79, 30]"
europe,INGA.AS,1w,"['hammer', 'RSI_OVERSOLD', 'RSI_OVERSOLD', 'RSI_OVERSOLD', 'hammer']","[374, 345, 339, 241, 98]"
europe,INPP.L,1w,"['RSI_OVERSOLD', 'RSI_OVERSOLD', 'RSI_OVERSOLD', 'RSI_OVERSOLD']","[343, 174, 92, 90]"
europe,INPST.AS,1w,"['RSI_OVERSOLD', 'hammer', 'RSI_OVERSOLD', 'RSI_OVERSOLD', 'RSI_OVERSOLD']","[248, 246, 236, 80, 55]"
europe,INVE-B.ST,1w,['RSI_OVERSOLD'],[343]
europe,INVP.L,1w,"['RSI_OVERSOLD', 'RSI_OVERSOLD', 'RSI_OVERSOLD']","[462, 344, 80]"
europe,INW.MI,1w,"['RSI_OVERSOLD', 'RSI_OVERSOLD', 'RSI_OVERSOLD']","[48, 40, 30]"
europe,IOS.DE,1w,"['RSI_OVERSOLD', 'hammer']","[35, 33]"
europe,IPN.PA,1w,"['RSI_OVERSOLD', 'RSI_OVERSOLD', 'RSI_OVERSOLD']","[351, 346, 79]"
europe,IPO.L,1w,"['RSI_OVERSOLD', 'RSI_OVERSOLD', 'engulfing', 'RSI_OVERSOLD', 'RSI_OVERSOLD']","[448, 384, 382, 211, 155]"
europe,ISP.MI,1w,"['RSI_OVERSOLD', 'engulfing']","[344, 342]"
europe,ISS.CO,1w,"['engulfing', 'RSI_OVERSOLD', 'engulfing']","[476, 346, 342]"
europe,ITH.L,1w,,
europe,ITRK.L,1w,"['hammer', 'RSI_OVERSOLD', 'RSI_OVERSOLD', 'RSI_OVERSOLD']","[421, 418, 343, 31]"
europe,ITV.L,1w,"['RSI_OVERSOLD', 'engulfing', 'RSI_OVERSOLD', 'RSI_OVERSOLD', 'RSI_OVERSOLD']","[476, 384, 345, 241, 101]"
europe,ITX.MC,1w,"['RSI_OVERSOLD', 'RSI_OVERSOLD', 'RSI_OVERSOLD', 'RSI_OVERSOLD', 'engulfing']","[453, 344, 241, 239, 233]"
europe,IVG.MI,1w,,
europe,IWG.L,1w,"['RSI_OVERSOLD', 'engulfing', 'RSI_OVERSOLD', 'RSI_OVERSOLD', 'RSI_OVERSOLD']","[469, 467, 466, 344, 219]"
europe,JAM.L,1w,"['RSI_OVERSOLD', 'engulfing']","[344, 77]"
europe,JCH.L,1w,"['RSI_OVERSOLD', 'RSI_OVERSOLD', 'RSI_OVERSOLD']","[344, 337, 241]"
europe,JD.L,1w,"['RSI_OVERSOLD', 'piercing_line', 'RSI_OVERSOLD', 'hammer', 'RSI_OVERSOLD']","[242, 240, 230, 229, 80]"
europe,JDW.L,1w,"['RSI_OVERSOLD', 'RSI_OVERSOLD', 'RSI_OVERSOLD']","[344, 224, 102]"
europe,JEDT.L,1w,"['RSI_OVERSOLD', 'RSI_OVERSOLD', 'hammer', 'RSI_OVERSOLD']","[408, 344, 242, 241]"
europe,JEGI.L,1w,['RSI_OVERSOLD'],[416]
europe,JEMI.L,1w,['RSI_OVERSOLD'],[211]
europe,JEN.DE,1w,"['RSI_OVERSOLD', 'RSI_OVERSOLD', 'hammer', 'RSI_OVERSOLD']","[374, 344, 235, 80]"
europe,JFJ.L,1w,"['RSI_OVERSOLD', 'RSI_OVERSOLD', 'hammer', 'hammer']","[346, 246, 242, 231]"
europe,JGGI.L,1w,"['RSI_OVERSOLD', 'hammer', 'RSI_OVERSOLD']","[344, 83, 80]"
europe,JMAT.L,1w,"['RSI_OVERSOLD', 'inverted_hammer', 'RSI_OVERSOLD', 'engulfing', 'RSI_OVERSOLD']","[344, 343, 257, 251, 164]"
europe,JMGI.L,1w,"['RSI_OVERSOLD', 'RSI_OVERSOLD']","[343, 241]"
europe,JMT.LS,1w,"['hammer', 'RSI_OVERSOLD', 'inverted_hammer', 'RSI_OVERSOLD', 'engulfing']","[432, 415, 157, 14, 13]"
europe,JSG.L,1w,"['RSI_OVERSOLD', 'RSI_OVERSOLD']","[343, 211]"
europe,JUN3.DE,1w,"['hammer', 'RSI_OVERSOLD', 'RSI_OVERSOLD', 'RSI_OVERSOLD', 'engulfing']","[374, 344, 241, 238, 231]"
europe,JUP.L,1w,"['RSI_OVERSOLD', 'RSI_OVERSOLD', 'RSI_OVERSOLD', 'engulfing', 'RSI_OVERSOLD']","[232, 226, 224, 214, 156]"
europe,JYSK.CO,1w,"['RSI_OVERSOLD', 'RSI_OVERSOLD']","[419, 343]"
europe,KALMAR.HE,1w,,
europe,KBC.BR,1w,"['inverted_hammer', 'RSI_OVERSOLD', 'RSI_OVERSOLD', 'inverted_hammer']","[426, 344, 342, 157]"
europe,KBX.DE,1w,"['engulfing', 'RSI_OVERSOLD', 'RSI_OVERSOLD']","[343, 241, 231]"
europe,KCR.HE,1w,"['RSI_OVERSOLD', 'RSI_OVERSOLD', 'RSI_OVERSOLD', 'engulfing']","[417, 344, 241, 211]"
europe,KEMIRA.HE,1w,"['RSI_OVERSOLD', 'RSI_OVERSOLD']","[345, 242]"
europe,KER.PA,1w,"['RSI_OVERSOLD', 'hammer', 'inverted_hammer', 'RSI_OVERSOLD']","[344, 231, 210, 114]"
europe,KESKOA.HE,1w,['RSI_OVERSOLD'],[241]
europe,KESKOB.HE,1w,"['RSI_OVERSOLD', 'hammer', 'RSI_OVERSOLD']","[343, 242, 241]"
europe,KGF.L,1w,"['engulfing', 'RSI_OVERSOLD', 'RSI_OVERSOLD', 'inverted_hammer', 'RSI_OVERSOLD']","[372, 344, 241, 234, 232]"
europe,KGH.L,1w,"['RSI_OVERSOLD', 'engulfing']","[238, 230]"
europe,KGX.DE,1w,"['piercing_line', 'RSI_OVERSOLD', 'RSI_OVERSOLD', 'inverted_hammer', 'engulfing']","[240, 236, 233, 210, 209]"
europe,KIE.L,1w,"['RSI_OVERSOLD', 'RSI_OVERSOLD', 'RSI_OVERSOLD', 'inverted_hammer', 'RSI_OVERSOLD']","[411, 395, 352, 210, 208]"
europe,KINV-B.ST,1w,"['hammer', 'inverted_hammer', 'RSI_OVERSOLD', 'RSI_OVERSOLD', 'RSI_OVERSOLD']","[242, 241, 234, 156, 34]"
europe,KLR.L,1w,"['RSI_OVERSOLD', 'hammer', 'RSI_OVERSOLD', 'inverted_hammer']","[418, 416, 241, 210]"
europe,KNEBV.HE,1w,"['RSI_OVERSOLD', 'engulfing']","[344, 240]"
europe,KNIN.SW,1w,"['hammer', 'inverted_hammer', 'RSI_OVERSOLD', 'RSI_OVERSOLD', 'hammer']","[242, 210, 101, 80, 54]"
europe,KNOS.L,1w,"['RSI_OVERSOLD', 'inverted_hammer']","[230, 133]"
europe,KOG.OL,1w,,
europe,KPN.AS,1w,"['RSI_OVERSOLD', 'RSI_OVERSOLD']","[453, 346]"
europe,KRN.DE,1w,"['RSI_OVERSOLD', 'RSI_OVERSOLD', 'RSI_OVERSOLD', 'hammer', 'RSI_OVERSOLD']","[417, 409, 379, 374, 344]"
europe,KTN.DE,1w,,
europe,LAND.L,1w,"['RSI_OVERSOLD', 'RSI_OVERSOLD', 'piercing_line', 'RSI_OVERSOLD', 'hammer']","[472, 419, 417, 343, 211]"
europe,LATO-B.ST,1w,['inverted_hammer'],[31]
europe,LDO.MI,1w,"['RSI_OVERSOLD', 'RSI_OVERSOLD', 'RSI_OVERSOLD', 'engulfing']","[466, 453, 344, 342]"
europe,LEG.DE,1w,"['RSI_OVERSOLD', 'RSI_OVERSOLD', 'hammer', 'inverted_hammer', 'hammer']","[226, 213, 185, 82, 81]"
europe,LGEN.L,1w,['RSI_OVERSOLD'],[344]
europe,LHA.DE,1w,"['RSI_OVERSOLD', 'RSI_OVERSOLD', 'RSI_OVERSOLD', 'hammer', 'RSI_OVERSOLD']","[382, 374, 346, 158, 121]"
europe,LIFCO-B.ST,1w,"['RSI_OVERSOLD', 'hammer']","[343, 156]"
europe,LIN.DE,1w,['piercing_line'],[44]
europe,LISP.SW,1w,"['engulfing', 'hammer', 'RSI_OVERSOLD']","[21, 19, 2]"
europe,LLOY.L,1w,"['RSI_OVERSOLD', 'piercing_line']","[345, 342]"
europe,LMP.L,1w,"['RSI_OVERSOLD', 'RSI_OVERSOLD', 'hammer', 'inverted_hammer']","[344, 212, 211, 210]"
europe,LOG.MC,1w,"['RSI_OVERSOLD', 'engulfing']","[344, 342]"
europe,LOGN.SW,1w,"['RSI_OVERSOLD', 'RSI_OVERSOLD', 'hammer', 'RSI_OVERSOLD']","[344, 258, 231, 79]"
europe,LONN.SW,1w,"['hammer', 'hammer', 'RSI_OVERSOLD', 'RSI_OVERSOLD']","[246, 231, 226, 156]"
europe,LOTB.BR,1w,"['RSI_OVERSOLD', 'RSI_OVERSOLD']","[87, 66]"
europe,LR.PA,1w,"['RSI_OVERSOLD', 'RSI_OVERSOLD', 'inverted_hammer', 'engulfing', 'hammer']","[410, 344, 241, 240, 225]"
europe,LRE.L,1w,"['RSI_OVERSOLD', 'RSI_OVERSOLD', 'RSI_OVERSOLD']","[450, 260, 241]"
europe,LSEG.L,1w,"['RSI_OVERSOLD', 'RSI_OVERSOLD']","[63, 57]"
europe,LTMC.MI,1w,,
europe,LWDB.L,1w,"['RSI_OVERSOLD', 'RSI_OVERSOLD', 'RSI_OVERSOLD']","[343, 211, 80]"
europe,LXS.DE,1w,"['hammer', 'RSI_OVERSOLD', 'inverted_hammer', 'inverted_hammer', 'RSI_OVERSOLD']","[231, 173, 157, 31, 30]"
europe,MAB.L,1w,"['RSI_OVERSOLD', 'hammer', 'engulfing']","[344, 316, 99]"
europe,MAERSK-A.CO,1w,"['RSI_OVERSOLD', 'engulfing', 'engulfing']","[344, 342, 135]"
europe,MAERSK-B.CO,1w,"['RSI_OVERSOLD', 'engulfing', 'engulfing']","[344, 342, 152]"
europe,MANTA.HE,1w,,
europe,MAP.MC,1w,['RSI_OVERSOLD'],[346]
europe,MB.MI,1w,"['RSI_OVERSOLD', 'engulfing', 'RSI_OVERSOLD']","[345, 342, 241]"
europe,MBG.DE,1w,"['RSI_OVERSOLD', 'RSI_OVERSOLD', 'RSI_OVERSOLD', 'engulfing', 'RSI_OVERSOLD']","[433, 410, 346, 342, 155]"
europe,MC.PA,1w,"['RSI_OVERSOLD', 'RSI_OVERSOLD', 'RSI_OVERSOLD', 'inverted_hammer']","[343, 115, 78, 29]"
europe,MEGP.L,1w,"['hammer', 'engulfing', 'inverted_hammer', 'RSI_OVERSOLD', 'RSI_OVERSOLD']","[335, 145, 53, 48, 33]"
europe,MEL.MC,1w,"['RSI_OVERSOLD', 'RSI_OVERSOLD', 'RSI_OVERSOLD', 'engulfing', 'RSI_OVERSOLD']","[466, 414, 345, 272, 210]"
europe,MELE.BR,1w,"['RSI_OVERSOLD', 'RSI_OVERSOLD', 'RSI_OVERSOLD', 'RSI_OVERSOLD', 'RSI_OVERSOLD']","[241, 102, 95, 80, 47]"
europe,METSO.HE,1w,"['RSI_OVERSOLD', 'RSI_OVERSOLD', 'RSI_OVERSOLD', 'engulfing', 'RSI_OVERSOLD']","[423, 414, 344, 342, 241]"
europe,MGAM.L,1w,"['RSI_OVERSOLD', 'RSI_OVERSOLD', 'RSI_OVERSOLD', 'RSI_OVERSOLD', 'RSI_OVERSOLD']","[410, 343, 211, 102, 80]"
europe,MGNS.L,1w,,
europe,MKS.L,1w,"['inverted_hammer', 'RSI_OVERSOLD', 'RSI_OVERSOLD', 'RSI_OVERSOLD', 'engulfing']","[448, 383, 344, 335, 209]"
europe,ML.PA,1w,"['RSI_OVERSOLD', 'RSI_OVERSOLD', 'RSI_OVERSOLD', 'inverted_hammer']","[417, 344, 241, 210]"
europe,MNDI.L,1w,"['RSI_OVERSOLD', 'hammer', 'RSI_OVERSOLD', 'RSI_OVERSOLD', 'RSI_OVERSOLD']","[408, 375, 241, 53, 49]"
europe,MNG.L,1w,['RSI_OVERSOLD'],[344]
europe,MNKS.L,1w,"['RSI_OVERSOLD', 'RSI_OVERSOLD', 'RSI_OVERSOLD', 'hammer', 'RSI_OVERSOLD']","[344, 247, 243, 231, 80]"
europe,MNTN.L,1w,,
europe,MONC.MI,1w,['hammer'],[416]
europe,MONT.BR,1w,"['RSI_OVERSOLD', 'RSI_OVERSOLD', 'RSI_OVERSOLD']","[209, 200, 101]"
europe,MONY.L,1w,"['engulfing', 'RSI_OVERSOLD', 'RSI_OVERSOLD', 'inverted_hammer', 'RSI_OVERSOLD']","[449, 343, 264, 103, 35]"
europe,MOON.L,1w,['inverted_hammer'],[210]
europe,MOWI.OL,1w,"['RSI_OVERSOLD', 'inverted_hammer']","[344, 210]"
europe,MPCC.OL,1w,"['RSI_OVERSOLD', 'hammer', 'RSI_OVERSOLD', 'hammer', 'inverted_hammer']","[385, 382, 372, 357, 333]"
europe,MRC.L,1w,"['RSI_OVERSOLD', 'piercing_line', 'RSI_OVERSOLD', 'hammer', 'RSI_OVERSOLD']","[343, 240, 232, 231, 226]"
europe,MRCH.L,1w,"['RSI_OVERSOLD', 'RSI_OVERSOLD']","[344, 80]"
europe,MRK.DE,1w,"['RSI_OVERSOLD', 'engulfing', 'hammer', 'hammer', 'RSI_OVERSOLD']","[450, 342, 148, 99, 80]"
europe,MRL.MC,1w,"['RSI_OVERSOLD', 'hammer', 'hammer', 'RSI_OVERSOLD']","[344, 211, 5, 4]"
europe,MRO.L,1w,"['RSI_OVERSOLD', 'RSI_OVERSOLD', 'RSI_OVERSOLD']","[418, 344, 212]"
europe,MT.AS,1w,"['RSI_OVERSOLD', 'RSI_OVERSOLD', 'engulfing']","[375, 344, 342]"
europe,MTLN.L,1w,,
europe,MTO.L,1w,"['RSI_OVERSOLD', 'RSI_OVERSOLD', 'RSI_OVERSOLD', 'RSI_OVERSOLD', 'inverted_hammer']","[448, 408, 343, 241, 92]"
europe,MTRO.L,1w,"['RSI_OVERSOLD', 'inverted_hammer', 'RSI_OVERSOLD', 'RSI_OVERSOLD', 'RSI_OVERSOLD']","[398, 360, 346, 161, 135]"
europe,MTS.MC,1w,"['RSI_OVERSOLD', 'RSI_OVERSOLD', 'RSI_OVERSOLD', 'engulfing']","[408, 386, 344, 342]"
europe,MTX.DE,1w,"['RSI_OVERSOLD', 'engulfing', 'RSI_OVERSOLD', 'inverted_hammer', 'RSI_OVERSOLD']","[344, 342, 339, 212, 160]"
europe,MUT.L,1w,"['RSI_OVERSOLD', 'RSI_OVERSOLD', 'RSI_OVERSOLD']","[344, 241, 211]"
europe,MUV2.DE,1w,"['RSI_OVERSOLD', 'engulfing', 'inverted_hammer']","[344, 342, 21]"
europe,MYI.L,1w,"['inverted_hammer', 'RSI_OVERSOLD', 'RSI_OVERSOLD']","[435, 416, 345]"
europe,N91.L,1w,['inverted_hammer'],[226]
europe,NAIT.L,1w,,
europe,NAS.L,1w,"['RSI_OVERSOLD', 'inverted_hammer']","[242, 185]"
europe,NAS.OL,1w,"['RSI_OVERSOLD', 'engulfing', 'hammer', 'RSI_OVERSOLD', 'inverted_hammer']","[346, 343, 339, 119, 31]"
europe,NBA.LS,1w,['RSI_OVERSOLD'],[408]
europe,NBPE.L,1w,"['RSI_OVERSOLD', 'RSI_OVERSOLD', 'engulfing', 'RSI_OVERSOLD', 'inverted_hammer']","[493, 344, 341, 30, 29]"
europe,NCC.L,1w,"['inverted_hammer', 'RSI_OVERSOLD', 'hammer', 'RSI_OVERSOLD', 'RSI_OVERSOLD']","[400, 246, 193, 187, 185]"
europe,NDA-FI.HE,1w,"['RSI_OVERSOLD', 'RSI_OVERSOLD', 'engulfing', 'RSI_OVERSOLD']","[416, 374, 372, 343]"
europe,NDA-SE.ST,1w,"['RSI_OVERSOLD', 'RSI_OVERSOLD']","[416, 344]"
europe,NDA.DE,1w,"['RSI_OVERSOLD', 'RSI_OVERSOLD', 'hammer']","[411, 224, 223]"
europe,NDX1.DE,1w,"['RSI_OVERSOLD', 'RSI_OVERSOLD', 'inverted_hammer', 'RSI_OVERSOLD']","[475, 466, 375, 344]"
europe,NEM.DE,1w,"['RSI_OVERSOLD', 'RSI_OVERSOLD', 'RSI_OVERSOLD']","[343, 226, 38]"
europe,NESN.SW,1w,"['RSI_OVERSOLD', 'hammer']","[99, 56]"
europe,NESTE.HE,1w,"['inverted_hammer', 'RSI_OVERSOLD', 'RSI_OVERSOLD', 'engulfing', 'RSI_OVERSOLD']","[96, 95, 86, 84, 80]"
europe,NETC.CO,1w,"['hammer', 'RSI_OVERSOLD', 'inverted_hammer', 'RSI_OVERSOLD']","[343, 246, 241, 213]"
europe,NEXI.MI,1w,"['hammer', 'RSI_OVERSOLD', 'RSI_OVERSOLD', 'RSI_OVERSOLD', 'RSI_OVERSOLD']","[226, 159, 88, 35, 32]"
europe,NG.L,1w,"['RSI_OVERSOLD', 'RSI_OVERSOLD', 'hammer', 'RSI_OVERSOLD', 'hammer']","[461, 457, 452, 211, 124]"
europe,NHY.OL,1w,"['RSI_OVERSOLD', 'RSI_OVERSOLD', 'RSI_OVERSOLD', 'engulfing', 'inverted_hammer']","[401, 374, 344, 343, 13]"
europe,NIBE-B.ST,1w,"['RSI_OVERSOLD', 'RSI_OVERSOLD', 'RSI_OVERSOLD', 'hammer']","[165, 161, 158, 133]"
europe,NKT.CO,1w,"['hammer', 'RSI_OVERSOLD', 'RSI_OVERSOLD', 'hammer', 'hammer']","[426, 416, 413, 412, 374]"
europe,NN.AS,1w,"['hammer', 'RSI_OVERSOLD', 'RSI_OVERSOLD', 'RSI_OVERSOLD']","[408, 344, 341, 187]"
europe,NOD.OL,1w,"['RSI_OVERSOLD', 'RSI_OVERSOLD', 'hammer']","[416, 410, 231]"
europe,NOKIA.HE,1w,"['engulfing', 'RSI_OVERSOLD', 'inverted_hammer', 'RSI_OVERSOLD', 'RSI_OVERSOLD']","[357, 344, 226, 156, 63]"
europe,NOS.LS,1w,"['RSI_OVERSOLD', 'piercing_line', 'RSI_OVERSOLD']","[349, 343, 336]"
europe,NOVN.SW,1w,"['RSI_OVERSOLD', 'piercing_line']","[344, 343]"
europe,NOVO-B.CO,1w,"['RSI_OVERSOLD', 'hammer', 'RSI_OVERSOLD', 'inverted_hammer']","[506, 102, 95, 79]"
europe,NSIS-B.CO,1w,,
europe,NTGY.MC,1w,"['RSI_OVERSOLD', 'hammer', 'RSI_OVERSOLD', 'RSI_OVERSOLD']","[345, 209, 139, 137]"
europe,NVG.LS,1w,"['RSI_OVERSOLD', 'RSI_OVERSOLD', 'RSI_OVERSOLD']","[385, 376, 345]"
europe,NWG.L,1w,"['RSI_OVERSOLD', 'RSI_OVERSOLD', 'piercing_line', 'RSI_OVERSOLD']","[374, 345, 342, 155]"
europe,NXT.L,1w,"['RSI_OVERSOLD', 'RSI_OVERSOLD', 'RSI_OVERSOLD', 'RSI_OVERSOLD']","[409, 344, 241, 211]"
europe,OBCK.DE,1w,,
europe,OCDO.L,1w,"['hammer', 'RSI_OVERSOLD', 'hammer', 'RSI_OVERSOLD', 'hammer']","[418, 233, 231, 211, 84]"
europe,OCI.AS,1w,"['RSI_OVERSOLD', 'RSI_OVERSOLD', 'RSI_OVERSOLD']","[408, 350, 345]"
europe,OCI.L,1w,"['RSI_OVERSOLD', 'RSI_OVERSOLD']","[343, 29]"
europe,OHB.DE,1w,"['RSI_OVERSOLD', 'hammer']","[343, 211]"
europe,ONT.L,1w,"['RSI_OVERSOLD', 'hammer']","[232, 231]"
europe,OR.PA,1w,['RSI_OVERSOLD'],[100]
europe,ORA.PA,1w,"['hammer', 'RSI_OVERSOLD']","[352, 344]"
europe,ORK.OL,1w,"['RSI_OVERSOLD', 'RSI_OVERSOLD', 'RSI_OVERSOLD']","[431, 295, 206]"
europe,ORNBV.HE,1w,"['RSI_OVERSOLD', 'RSI_OVERSOLD', 'hammer', 'RSI_OVERSOLD', 'RSI_OVERSOLD']","[468, 453, 452, 447, 169]"
europe,ORSTED.CO,1w,"['inverted_hammer', 'RSI_OVERSOLD', 'inverted_hammer, RSI_OVERSOLD', 'inverted_hammer']","[210, 163, 57, 56]"
europe,OSB.L,1w,"['RSI_OVERSOLD', 'RSI_OVERSOLD', 'engulfing', 'RSI_OVERSOLD']","[343, 341, 207, 171]"
europe,OUT1V.HE,1w,['engulfing'],[342]
europe,OXB.L,1w,"['RSI_OVERSOLD', 'hammer', 'RSI_OVERSOLD', 'RSI_OVERSOLD', 'RSI_OVERSOLD']","[370, 231, 138, 84, 80]"
europe,OXIG.L,1w,"['RSI_OVERSOLD', 'RSI_OVERSOLD']","[158, 80]"
europe,P911.DE,1w,"['engulfing', 'RSI_OVERSOLD', 'RSI_OVERSOLD']","[157, 155, 81]"
europe,PAF.L,1w,"['RSI_OVERSOLD', 'hammer']","[454, 450]"
europe,PAG.L,1w,"['RSI_OVERSOLD', 'RSI_OVERSOLD', 'engulfing']","[344, 241, 208]"
europe,PAGE.L,1w,"['engulfing', 'RSI_OVERSOLD', 'RSI_OVERSOLD', 'inverted_hammer', 'RSI_OVERSOLD']","[342, 341, 241, 230, 226]"
europe,PAH3.DE,1w,"['RSI_OVERSOLD', 'engulfing', 'RSI_OVERSOLD']","[344, 342, 155]"
europe,PCGH.L,1w,"['RSI_OVERSOLD', 'inverted_hammer', 'inverted_hammer', 'RSI_OVERSOLD', 'RSI_OVERSOLD']","[445, 444, 365, 155, 80]"
europe,PCT.L,1w,"['hammer', 'RSI_OVERSOLD', 'RSI_OVERSOLD']","[231, 226, 80]"
europe,PETS.L,1w,"['engulfing', 'RSI_OVERSOLD', 'RSI_OVERSOLD', 'RSI_OVERSOLD', 'engulfing']","[233, 232, 155, 98, 91]"
europe,PEY.L,1w,"['RSI_OVERSOLD', 'RSI_OVERSOLD', 'RSI_OVERSOLD']","[343, 206, 28]"
europe,PFD.L,1w,"['RSI_OVERSOLD', 'RSI_OVERSOLD']","[408, 344]"
europe,PGHN.SW,1w,"['RSI_OVERSOLD', 'RSI_OVERSOLD', 'RSI_OVERSOLD', 'RSI_OVERSOLD', 'engulfing']","[241, 226, 79, 31, 29]"
europe,PHI.L,1w,"['RSI_OVERSOLD', 'hammer, RSI_OVERSOLD']","[343, 207]"
europe,PHIA.AS,1w,"['RSI_OVERSOLD', 'engulfing', 'RSI_OVERSOLD', 'RSI_OVERSOLD', 'hammer']","[344, 269, 254, 246, 211]"
europe,PHP.L,1w,"['RSI_OVERSOLD', 'hammer', 'RSI_OVERSOLD', 'RSI_OVERSOLD']","[245, 242, 211, 188]"
europe,PHR.LS,1w,"['RSI_OVERSOLD', 'RSI_OVERSOLD', 'hammer', 'inverted_hammer', 'RSI_OVERSOLD']","[374, 346, 251, 250, 204]"
europe,PIN.L,1w,"['RSI_OVERSOLD', 'RSI_OVERSOLD', 'engulfing']","[344, 80, 77]"
europe,PINE.L,1w,"['inverted_hammer', 'hammer', 'inverted_hammer', 'RSI_OVERSOLD', 'hammer']","[453, 367, 175, 129, 127]"
europe,PINT.L,1w,['RSI_OVERSOLD'],[208]
europe,PKN.WA,1w,"['engulfing', 'RSI_OVERSOLD', 'RSI_OVERSOLD', 'RSI_OVERSOLD']","[348, 346, 313, 95]"
europe,PLUS.L,1w,"['hammer', 'RSI_OVERSOLD', 'RSI_OVERSOLD']","[418, 399, 392]"
europe,PNDORA.CO,1w,"['hammer', 'RSI_OVERSOLD', 'engulfing', 'RSI_OVERSOLD', 'RSI_OVERSOLD']","[231, 80, 52, 40, 35]"
europe,PNL.AS,1w,"['RSI_OVERSOLD', 'RSI_OVERSOLD', 'RSI_OVERSOLD']","[479, 384, 346]"
europe,PNL.L,1w,,
europe,PNN.L,1w,"['RSI_OVERSOLD', 'RSI_OVERSOLD', 'RSI_OVERSOLD', 'RSI_OVERSOLD', 'RSI_OVERSOLD']","[448, 275, 242, 211, 159]"
europe,POLN.L,1w,"['RSI_OVERSOLD', 'hammer', 'RSI_OVERSOLD', 'RSI_OVERSOLD']","[385, 381, 243, 32]"
europe,PPET.L,1w,"['RSI_OVERSOLD', 'RSI_OVERSOLD']","[443, 343]"
europe,PPH.L,1w,"['RSI_OVERSOLD', 'RSI_OVERSOLD']","[344, 196]"
europe,PRN.L,1w,"['RSI_OVERSOLD', 'inverted_hammer']","[21, 19]"
europe,PRU.L,1w,"['RSI_OVERSOLD', 'RSI_OVERSOLD', 'hammer', 'RSI_OVERSOLD', 'RSI_OVERSOLD']","[408, 344, 242, 241, 233]"
europe,PRX.AS,1w,"['RSI_OVERSOLD', 'RSI_OVERSOLD', 'piercing_line', 'inverted_hammer']","[344, 241, 240, 29]"
europe,PRY.MI,1w,"['inverted_hammer', 'RSI_OVERSOLD']","[417, 410]"
europe,PSH.L,1w,"['engulfing', 'hammer', 'inverted_hammer']","[445, 357, 345]"
europe,PSM.DE,1w,"['RSI_OVERSOLD', 'hammer', 'RSI_OVERSOLD', 'RSI_OVERSOLD', 'RSI_OVERSOLD']","[345, 254, 241, 213, 158]"
europe,PSN.L,1w,"['inverted_hammer', 'RSI_OVERSOLD', 'engulfing', 'inverted_hammer', 'engulfing']","[210, 171, 97, 29, 28]"
europe,PSON.L,1w,"['RSI_OVERSOLD', 'inverted_hammer', 'engulfing', 'RSI_OVERSOLD']","[347, 346, 342, 259]"
europe,PSPN.SW,1w,"['RSI_OVERSOLD', 'hammer', 'hammer']","[343, 254, 211]"
europe,PST.MI,1w,"['RSI_OVERSOLD', 'RSI_OVERSOLD', 'piercing_line']","[344, 241, 240]"
europe,PTEC.L,1w,"['hammer', 'RSI_OVERSOLD', 'RSI_OVERSOLD', 'RSI_OVERSOLD', 'RSI_OVERSOLD']","[273, 222, 158, 75, 51]"
europe,PUB.PA,1w,"['engulfing', 'RSI_OVERSOLD', 'RSI_OVERSOLD', 'RSI_OVERSOLD', 'inverted_hammer, RSI_OVERSOLD']","[421, 366, 345, 80, 29]"
europe,PUIG.MC,1w,['RSI_OVERSOLD'],[55]
europe,PUM.DE,1w,"['RSI_OVERSOLD', 'RSI_OVERSOLD', 'RSI_OVERSOLD', 'engulfing', 'RSI_OVERSOLD']","[142, 89, 86, 84, 83]"
europe,QIA.DE,1w,"['inverted_hammer', 'RSI_OVERSOLD', 'RSI_OVERSOLD']","[477, 155, 24]"
europe,QLT.L,1w,"['RSI_OVERSOLD', 'hammer', 'hammer']","[343, 226, 223]"
europe,QQ.L,1w,['inverted_hammer'],[317]
europe,QTCOM.HE,1w,"['RSI_OVERSOLD', 'engulfing', 'RSI_OVERSOLD', 'RSI_OVERSOLD', 'RSI_OVERSOLD']","[62, 56, 52, 50, 25]"
europe,RAA.DE,1w,"['RSI_OVERSOLD', 'RSI_OVERSOLD', 'RSI_OVERSOLD', 'RSI_OVERSOLD', 'inverted_hammer']","[241, 232, 212, 80, 29]"
europe,RACE.MI,1w,,
europe,RAND.AS,1w,"['hammer', 'RSI_OVERSOLD', 'RSI_OVERSOLD', 'RSI_OVERSOLD', 'inverted_hammer']","[44, 38, 35, 32, 29]"
europe,RAT.L,1w,"['RSI_OVERSOLD', 'RSI_OVERSOLD', 'RSI_OVERSOLD']","[241, 79, 17]"
europe,RBREW.CO,1w,"['RSI_OVERSOLD', 'RSI_OVERSOLD', 'RSI_OVERSOLD', 'engulfing', 'RSI_OVERSOLD']","[241, 208, 153, 148, 25]"
europe,RCP.L,1w,"['RSI_OVERSOLD', 'RSI_OVERSOLD', 'RSI_OVERSOLD', 'inverted_hammer']","[346, 344, 211, 200]"
europe,RDC.DE,1w,"['RSI_OVERSOLD', 'inverted_hammer', 'engulfing', 'RSI_OVERSOLD', 'engulfing']","[215, 214, 208, 32, 28]"
europe,REC.MI,1w,"['RSI_OVERSOLD', 'engulfing', 'RSI_OVERSOLD', 'RSI_OVERSOLD', 'piercing_line']","[451, 449, 447, 241, 240]"
europe,RED.MC,1w,"['RSI_OVERSOLD', 'RSI_OVERSOLD']","[344, 294]"
europe,REL.L,1w,"['RSI_OVERSOLD', 'inverted_hammer', 'RSI_OVERSOLD', 'hammer', 'RSI_OVERSOLD']","[344, 59, 48, 47, 37]"
europe,REN.AS,1w,"['RSI_OVERSOLD', 'RSI_OVERSOLD', 'RSI_OVERSOLD', 'hammer', 'RSI_OVERSOLD']","[453, 344, 49, 47, 37]"
europe,RENE.LS,1w,"['RSI_OVERSOLD', 'RSI_OVERSOLD']","[344, 140]"
europe,REP.MC,1w,"['RSI_OVERSOLD', 'engulfing', 'RSI_OVERSOLD']","[346, 342, 315]"
europe,RHIM.L,1w,"['RSI_OVERSOLD', 'RSI_OVERSOLD', 'RSI_OVERSOLD', 'RSI_OVERSOLD', 'RSI_OVERSOLD']","[350, 348, 261, 241, 237]"
europe,RHM.DE,1w,"['hammer', 'RSI_OVERSOLD', 'RSI_OVERSOLD']","[433, 418, 346]"
europe,RI.PA,1w,"['RSI_OVERSOLD', 'RSI_OVERSOLD', 'inverted_hammer', 'piercing_line', 'hammer']","[344, 160, 82, 79, 29]"
europe,RICA.L,1w,,
europe,RIO.L,1w,['RSI_OVERSOLD'],[344]
europe,RKT.L,1w,"['RSI_OVERSOLD', 'RSI_OVERSOLD', 'RSI_OVERSOLD']","[272, 135, 25]"
europe,RMS.PA,1w,"['inverted_hammer', 'RSI_OVERSOLD', 'inverted_hammer']","[31, 30, 29]"
europe,RMV.L,1w,"['piercing_line', 'inverted_hammer', 'RSI_OVERSOLD', 'RSI_OVERSOLD', 'engulfing']","[342, 210, 208, 49, 33]"
europe,RNK.L,1w,"['engulfing', 'RSI_OVERSOLD', 'RSI_OVERSOLD', 'RSI_OVERSOLD', 'RSI_OVERSOLD']","[310, 234, 226, 154, 37]"
europe,RNO.PA,1w,"['RSI_OVERSOLD', 'hammer', 'RSI_OVERSOLD', 'hammer']","[412, 360, 351, 62]"
europe,RO.SW,1w,,
europe,ROCK-B.CO,1w,"['RSI_OVERSOLD', 'hammer', 'RSI_OVERSOLD', 'RSI_OVERSOLD', 'inverted_hammer']","[343, 225, 213, 32, 31]"
europe,ROP.SW,1w,['inverted_hammer'],[200]
europe,ROR.L,1w,"['RSI_OVERSOLD', 'hammer', 'RSI_OVERSOLD', 'RSI_OVERSOLD', 'piercing_line']","[241, 231, 226, 222, 29]"
europe,ROSE.L,1w,['inverted_hammer'],[70]
europe,ROVI.MC,1w,"['piercing_line', 'RSI_OVERSOLD', 'RSI_OVERSOLD']","[211, 206, 80]"
europe,RPI.L,1w,"['RSI_OVERSOLD', 'piercing_line', 'RSI_OVERSOLD']","[47, 46, 40]"
europe,RR.L,1w,['RSI_OVERSOLD'],[345]
europe,RRTL.DE,1w,"['RSI_OVERSOLD', 'RSI_OVERSOLD', 'RSI_OVERSOLD', 'inverted_hammer', 'RSI_OVERSOLD']","[410, 344, 212, 131, 100]"
europe,RS1.L,1w,"['inverted_hammer', 'RSI_OVERSOLD', 'RSI_OVERSOLD', 'hammer', 'engulfing']","[417, 412, 344, 231, 77]"
europe,RSW.L,1w,"['RSI_OVERSOLD', 'hammer', 'RSI_OVERSOLD', 'RSI_OVERSOLD', 'inverted_hammer']","[343, 240, 155, 82, 79]"
europe,RTO.L,1w,"['hammer', 'RSI_OVERSOLD', 'RSI_OVERSOLD', 'RSI_OVERSOLD']","[240, 156, 149, 11]"
europe,RTW.L,1w,['RSI_OVERSOLD'],[246]
europe,RWE.DE,1w,"['engulfing', 'inverted_hammer', 'RSI_OVERSOLD']","[342, 186, 158]"
europe,S92.DE,1w,"['RSI_OVERSOLD', 'RSI_OVERSOLD', 'hammer', 'RSI_OVERSOLD', 'inverted_hammer']","[420, 413, 408, 121, 114]"
europe,SAAB-B.ST,1w,['RSI_OVERSOLD'],[344]
europe,SAB.MC,1w,"['RSI_OVERSOLD', 'RSI_OVERSOLD', 'RSI_OVERSOLD', 'RSI_OVERSOLD']","[416, 408, 401, 344]"
europe,SAF.PA,1w,"['RSI_OVERSOLD', 'engulfing', 'RSI_OVERSOLD']","[345, 342, 341]"
europe,SAFE.L,1w,"['engulfing', 'RSI_OVERSOLD', 'engulfing', 'RSI_OVERSOLD', 'RSI_OVERSOLD']","[208, 95, 93, 92, 4]"
europe,SAGA-B.ST,1w,"['hammer', 'hammer']","[211, 34]"
europe,SAGA.L,1w,"['RSI_OVERSOLD', 'RSI_OVERSOLD', 'hammer', 'RSI_OVERSOLD', 'inverted_hammer']","[345, 313, 223, 211, 208]"
europe,SAIN.L,1w,"['RSI_OVERSOLD', 'RSI_OVERSOLD', 'RSI_OVERSOLD', 'piercing_line']","[344, 341, 241, 240]"
europe,SALM.OL,1w,"['RSI_OVERSOLD', 'RSI_OVERSOLD', 'inverted_hammer']","[502, 211, 209]"
europe,SAMPO.HE,1w,"['RSI_OVERSOLD', 'engulfing', 'RSI_OVERSOLD']","[344, 342, 339]"
europe,SAN.MC,1w,"['RSI_OVERSOLD', 'hammer', 'engulfing']","[344, 343, 342]"
europe,SAN.PA,1w,['RSI_OVERSOLD'],[453]
europe,SAND.ST,1w,"['RSI_OVERSOLD', 'RSI_OVERSOLD']","[344, 241]"
europe,SAP.DE,1w,"['RSI_OVERSOLD', 'hammer', 'RSI_OVERSOLD', 'engulfing', 'RSI_OVERSOLD']","[311, 242, 241, 240, 37]"
europe,SASA.IS,1w,['hammer'],[88]
europe,SAX.DE,1w,"['RSI_OVERSOLD', 'hammer', 'RSI_OVERSOLD', 'RSI_OVERSOLD', 'RSI_OVERSOLD']","[343, 231, 58, 48, 30]"
europe,SBMO.AS,1w,"['hammer', 'RSI_OVERSOLD']","[408, 344]"
europe,SBRY.L,1w,"['RSI_OVERSOLD', 'RSI_OVERSOLD', 'RSI_OVERSOLD', 'inverted_hammer']","[399, 390, 227, 210]"
europe,SCA-B.ST,1w,"['RSI_OVERSOLD', 'hammer']","[411, 279]"
europe,SCHP.SW,1w,"['engulfing', 'hammer', 'RSI_OVERSOLD', 'inverted_hammer', 'engulfing']","[343, 246, 243, 241, 240]"
europe,SCMN.SW,1w,,
europe,SCT.L,1w,"['hammer', 'inverted_hammer', 'inverted_hammer, RSI_OVERSOLD', 'RSI_OVERSOLD', 'RSI_OVERSOLD']","[408, 245, 241, 209, 36]"
europe,SCYR.MC,1w,"['RSI_OVERSOLD', 'inverted_hammer']","[344, 156]"
europe,SDF.DE,1w,"['RSI_OVERSOLD', 'RSI_OVERSOLD', 'RSI_OVERSOLD']","[416, 360, 351]"
europe,SDLF.L,1w,"['RSI_OVERSOLD', 'inverted_hammer']","[344, 210]"
europe,SDP.L,1w,"['hammer', 'RSI_OVERSOLD', 'inverted_hammer', 'engulfing']","[422, 418, 417, 341]"
europe,SDR.L,1w,"['RSI_OVERSOLD', 'RSI_OVERSOLD', 'piercing_line', 'inverted_hammer', 'inverted_hammer']","[343, 241, 239, 231, 156]"
europe,SDZ.SW,1w,,
europe,SEB-A.ST,1w,"['RSI_OVERSOLD', 'engulfing', 'piercing_line']","[343, 342, 240]"
europe,SEIT.L,1w,"['RSI_OVERSOLD', 'RSI_OVERSOLD', 'inverted_hammer', 'RSI_OVERSOLD', 'RSI_OVERSOLD']","[80, 73, 43, 30, 17]"
europe,SEM.LS,1w,['RSI_OVERSOLD'],[345]
europe,SEQI.L,1w,"['inverted_hammer', 'RSI_OVERSOLD', 'RSI_OVERSOLD']","[451, 344, 173]"
europe,SGE.L,1w,"['RSI_OVERSOLD', 'engulfing', 'inverted_hammer', 'hammer', 'RSI_OVERSOLD']","[344, 342, 243, 226, 37]"
europe,SGL.DE,1w,"['engulfing', 'RSI_OVERSOLD', 'RSI_OVERSOLD', 'RSI_OVERSOLD', 'RSI_OVERSOLD']","[107, 102, 100, 80, 48]"
europe,SGO.PA,1w,"['RSI_OVERSOLD', 'engulfing', 'RSI_OVERSOLD']","[344, 342, 30]"
europe,SGRO.L,1w,"['hammer', 'hammer', 'RSI_OVERSOLD']","[231, 211, 79]"
europe,SGSN.SW,1w,['RSI_OVERSOLD'],[344]
europe,SHAW.L,1w,,
europe,SHB-A.ST,1w,,
europe,SHC.L,1w,"['RSI_OVERSOLD', 'RSI_OVERSOLD', 'RSI_OVERSOLD', 'RSI_OVERSOLD', 'RSI_OVERSOLD']","[384, 376, 344, 316, 216]"
europe,SHEL.L,1w,"['RSI_OVERSOLD', 'engulfing', 'inverted_hammer']","[348, 342, 79]"
europe,SHELL.AS,1w,"['RSI_OVERSOLD', 'engulfing', 'engulfing', 'hammer', 'inverted_hammer']","[346, 342, 311, 109, 79]"
europe,SHL.DE,1w,,
europe,SIE.DE,1w,"['RSI_OVERSOLD', 'RSI_OVERSOLD']","[374, 345]"
europe,SIGN.SW,1w,"['RSI_OVERSOLD', 'RSI_OVERSOLD', 'RSI_OVERSOLD', 'RSI_OVERSOLD', 'RSI_OVERSOLD']","[245, 122, 63, 59, 56]"
europe,SIKA.SW,1w,"['inverted_hammer', 'RSI_OVERSOLD', 'RSI_OVERSOLD', 'inverted_hammer, RSI_OVERSOLD', 'piercing_line']","[101, 55, 50, 31, 29]"
europe,SINCH.ST,1w,"['RSI_OVERSOLD', 'RSI_OVERSOLD', 'engulfing']","[466, 243, 231]"
europe,SKA-B.ST,1w,"['engulfing', 'RSI_OVERSOLD', 'hammer', 'RSI_OVERSOLD']","[476, 344, 231, 226]"
europe,SKF-B.ST,1w,"['RSI_OVERSOLD', 'RSI_OVERSOLD', 'engulfing', 'RSI_OVERSOLD']","[416, 343, 342, 241]"
europe,SLHN.SW,1w,"['RSI_OVERSOLD', 'engulfing']","[344, 342]"
europe,SLR.MC,1w,"['inverted_hammer', 'RSI_OVERSOLD', 'RSI_OVERSOLD', 'RSI_OVERSOLD']","[210, 137, 135, 130]"
europe,SMHN.DE,1w,['RSI_OVERSOLD'],[416]
europe,SMIN.L,1w,"['RSI_OVERSOLD', 'RSI_OVERSOLD', 'engulfing']","[418, 344, 342]"
europe,SMT.L,1w,"['RSI_OVERSOLD', 'hammer', 'hammer']","[248, 242, 231]"
europe,SMWH.L,1w,"['RSI_OVERSOLD', 'RSI_OVERSOLD', 'RSI_OVERSOLD', 'RSI_OVERSOLD', 'hammer']","[208, 80, 60, 17, 16]"
europe,SN.L,1w,"['RSI_OVERSOLD', 'hammer']","[344, 162]"
europe,SNR.L,1w,"['inverted_hammer', 'RSI_OVERSOLD', 'RSI_OVERSOLD', 'engulfing', 'RSI_OVERSOLD']","[416, 415, 368, 340, 105]"
europe,SOF.BR,1w,"['RSI_OVERSOLD', 'RSI_OVERSOLD', 'engulfing']","[232, 213, 28]"
europe,SOI.L,1w,"['RSI_OVERSOLD', 'inverted_hammer', 'RSI_OVERSOLD', 'RSI_OVERSOLD']","[343, 259, 211, 79]"
europe,SOLB.BR,1w,"['RSI_OVERSOLD', 'hammer']","[344, 2]"
europe,SON.LS,1w,"['RSI_OVERSOLD', 'RSI_OVERSOLD', 'RSI_OVERSOLD', 'RSI_OVERSOLD', 'engulfing']","[413, 346, 311, 212, 210]"
europe,SOON.SW,1w,"['RSI_OVERSOLD', 'RSI_OVERSOLD', 'RSI_OVERSOLD', 'hammer', 'hammer, RSI_OVERSOLD']","[213, 80, 47, 34, 29]"
europe,SPI.L,1w,"['engulfing', 'RSI_OVERSOLD', 'RSI_OVERSOLD', 'RSI_OVERSOLD', 'inverted_hammer']","[470, 427, 344, 84, 82]"
europe,SPM.MI,1w,"['engulfing', 'RSI_OVERSOLD', 'RSI_OVERSOLD', 'hammer', 'RSI_OVERSOLD']","[343, 316, 245, 226, 225]"
europe,SPSN.SW,1w,"['RSI_OVERSOLD', 'piercing_line', 'hammer', 'inverted_hammer']","[419, 417, 252, 186]"
europe,SPX.L,1w,"['hammer', 'hammer', 'RSI_OVERSOLD', 'engulfing', 'RSI_OVERSOLD']","[246, 242, 241, 225, 157]"
europe,SQN.SW,1w,"['RSI_OVERSOLD', 'inverted_hammer']","[226, 31]"
europe,SRE.L,1w,"['RSI_OVERSOLD', 'RSI_OVERSOLD', 'engulfing']","[343, 226, 207]"
europe,SREN.SW,1w,"['RSI_OVERSOLD', 'engulfing']","[344, 342]"
europe,SRG.MI,1w,"['RSI_OVERSOLD', 'RSI_OVERSOLD']","[344, 211]"
europe,SRP.L,1w,"['RSI_OVERSOLD', 'RSI_OVERSOLD', 'RSI_OVERSOLD', 'engulfing']","[465, 454, 344, 342]"
europe,SRT.DE,1w,"['hammer', 'hammer', 'RSI_OVERSOLD', 'inverted_hammer', 'RSI_OVERSOLD']","[412, 209, 156, 126, 121]"
europe,SRT3.DE,1w,"['hammer', 'hammer, RSI_OVERSOLD', 'RSI_OVERSOLD', 'RSI_OVERSOLD', 'inverted_hammer']","[416, 242, 156, 121, 31]"
europe,SSAB-A.ST,1w,"['RSI_OVERSOLD', 'RSI_OVERSOLD']","[410, 110]"
europe,SSE.L,1w,"['inverted_hammer', 'RSI_OVERSOLD']","[463, 422]"
europe,SSIT.L,1w,"['RSI_OVERSOLD', 'inverted_hammer', 'RSI_OVERSOLD', 'RSI_OVERSOLD']","[229, 223, 185, 173]"
europe,SSPG.L,1w,"['RSI_OVERSOLD', 'RSI_OVERSOLD', 'RSI_OVERSOLD', 'inverted_hammer']","[346, 124, 121, 120]"
europe,STAN.L,1w,"['RSI_OVERSOLD', 'RSI_OVERSOLD', 'RSI_OVERSOLD']","[418, 346, 339]"
europe,STB.OL,1w,"['RSI_OVERSOLD', 'engulfing']","[344, 342]"
europe,STERV.HE,1w,"['RSI_OVERSOLD', 'RSI_OVERSOLD', 'engulfing', 'RSI_OVERSOLD']","[411, 344, 342, 79]"
europe,STJ.L,1w,"['RSI_OVERSOLD', 'piercing_line', 'inverted_hammer', 'inverted_hammer', 'RSI_OVERSOLD']","[241, 240, 166, 156, 137]"
europe,STLAM.MI,1w,"['RSI_OVERSOLD', 'inverted_hammer', 'RSI_OVERSOLD', 'RSI_OVERSOLD', 'engulfing']","[115, 108, 106, 80, 29]"
europe,STLAP.PA,1w,"['RSI_OVERSOLD', 'RSI_OVERSOLD', 'RSI_OVERSOLD', 'engulfing']","[115, 106, 80, 29]"
europe,STM.DE,1w,"['engulfing', 'RSI_OVERSOLD', 'RSI_OVERSOLD', 'RSI_OVERSOLD', 'piercing_line']","[97, 96, 80, 30, 29]"
europe,STMMI.MI,1w,"['RSI_OVERSOLD', 'RSI_OVERSOLD', 'RSI_OVERSOLD']","[416, 115, 80]"
europe,STMN.SW,1w,"['hammer', 'RSI_OVERSOLD', 'RSI_OVERSOLD', 'RSI_OVERSOLD', 'hammer']","[246, 212, 155, 80, 54]"
europe,STMPA.PA,1w,"['RSI_OVERSOLD', 'RSI_OVERSOLD', 'RSI_OVERSOLD']","[416, 115, 80]"
europe,SU.PA,1w,['hammer'],[155]
europe,SUNN.SW,1w,,
europe,SUPR.L,1w,"['RSI_OVERSOLD', 'RSI_OVERSOLD', 'RSI_OVERSOLD', 'RSI_OVERSOLD', 'inverted_hammer']","[344, 190, 182, 177, 102]"
europe,SVS.L,1w,"['engulfing', 'RSI_OVERSOLD', 'RSI_OVERSOLD', 'RSI_OVERSOLD', 'engulfing']","[430, 426, 343, 211, 28]"
europe,SVT.L,1w,"['RSI_OVERSOLD', 'RSI_OVERSOLD', 'RSI_OVERSOLD']","[453, 211, 171]"
europe,SW.PA,1w,"['hammer', 'RSI_OVERSOLD', 'engulfing', 'RSI_OVERSOLD', 'inverted_hammer']","[445, 345, 342, 82, 81]"
europe,SWED-A.ST,1w,"['RSI_OVERSOLD', 'RSI_OVERSOLD']","[394, 241]"
europe,SY1.DE,1w,"['hammer', 'RSI_OVERSOLD', 'RSI_OVERSOLD', 'RSI_OVERSOLD']","[91, 88, 82, 56]"
europe,SYENS.BR,1w,"['RSI_OVERSOLD', 'inverted_hammer', 'RSI_OVERSOLD', 'RSI_OVERSOLD']","[115, 79, 33, 31]"
europe,SYNC.L,1w,"['RSI_OVERSOLD', 'hammer']","[263, 104]"
europe,TATE.L,1w,"['RSI_OVERSOLD', 'RSI_OVERSOLD', 'engulfing', 'RSI_OVERSOLD', 'RSI_OVERSOLD']","[453, 344, 342, 54, 30]"
europe,TBCG.L,1w,"['RSI_OVERSOLD', 'RSI_OVERSOLD']","[343, 241]"
europe,TCAP.L,1w,"['RSI_OVERSOLD', 'RSI_OVERSOLD', 'hammer', 'RSI_OVERSOLD', 'RSI_OVERSOLD']","[313, 266, 262, 259, 242]"
europe,TEF.MC,1w,"['RSI_OVERSOLD', 'RSI_OVERSOLD', 'RSI_OVERSOLD', 'RSI_OVERSOLD']","[346, 317, 211, 49]"
europe,TEG.DE,1w,"['RSI_OVERSOLD', 'RSI_OVERSOLD', 'RSI_OVERSOLD', 'inverted_hammer']","[344, 229, 203, 200]"
europe,TEL.OL,1w,"['RSI_OVERSOLD', 'hammer', 'RSI_OVERSOLD', 'inverted_hammer']","[344, 207, 200, 43]"
europe,TEL2-B.ST,1w,"['hammer', 'RSI_OVERSOLD', 'engulfing']","[209, 169, 163]"
europe,TELIA.ST,1w,"['RSI_OVERSOLD', 'RSI_OVERSOLD', 'RSI_OVERSOLD', 'RSI_OVERSOLD', 'RSI_OVERSOLD']","[344, 211, 208, 200, 167]"
europe,TEM.L,1w,"['RSI_OVERSOLD', 'hammer', 'RSI_OVERSOLD']","[343, 262, 241]"
europe,TEMN.SW,1w,"['RSI_OVERSOLD', 'piercing_line', 'hammer', 'RSI_OVERSOLD', 'inverted_hammer']","[242, 240, 226, 209, 200]"
europe,TEN.MI,1w,"['RSI_OVERSOLD', 'RSI_OVERSOLD', 'engulfing', 'RSI_OVERSOLD', 'RSI_OVERSOLD']","[411, 345, 120, 115, 79]"
europe,TEP.L,1w,"['RSI_OVERSOLD', 'RSI_OVERSOLD', 'engulfing', 'RSI_OVERSOLD', 'RSI_OVERSOLD']","[273, 175, 174, 45, 23]"
europe,TEP.PA,1w,"['RSI_OVERSOLD', 'hammer', 'RSI_OVERSOLD', 'RSI_OVERSOLD', 'RSI_OVERSOLD']","[180, 179, 167, 155, 136]"
europe,TFIF.L,1w,"['RSI_OVERSOLD', 'RSI_OVERSOLD']","[344, 30]"
europe,TGS.OL,1w,"['RSI_OVERSOLD', 'engulfing', 'RSI_OVERSOLD', 'hammer', 'RSI_OVERSOLD']","[344, 341, 313, 83, 80]"
europe,THG.L,1w,"['RSI_OVERSOLD', 'engulfing', 'inverted_hammer, RSI_OVERSOLD', 'inverted_hammer']","[263, 209, 71, 33]"
europe,THRL.L,1w,"['RSI_OVERSOLD', 'inverted_hammer', 'RSI_OVERSOLD']","[343, 243, 188]"
europe,THYAO.IS,1w,['engulfing'],[342]
europe,TIETO.HE,1w,"['RSI_OVERSOLD', 'RSI_OVERSOLD', 'RSI_OVERSOLD']","[344, 241, 129]"
europe,TIT.MI,1w,"['RSI_OVERSOLD', 'RSI_OVERSOLD', 'RSI_OVERSOLD', 'RSI_OVERSOLD', 'engulfing']","[344, 259, 241, 213, 211]"
europe,TKA.DE,1w,"['engulfing', 'hammer', 'RSI_OVERSOLD', 'hammer', 'inverted_hammer']","[342, 223, 139, 109, 29]"
europe,TLX.DE,1w,"['hammer', 'RSI_OVERSOLD', 'engulfing']","[417, 344, 342]"
europe,TMPL.L,1w,['RSI_OVERSOLD'],[344]
europe,TMV.DE,1w,"['RSI_OVERSOLD', 'engulfing', 'RSI_OVERSOLD', 'RSI_OVERSOLD']","[262, 149, 51, 39]"
europe,TOM.OL,1w,"['hammer', 'RSI_OVERSOLD', 'hammer', 'RSI_OVERSOLD']","[242, 159, 33, 25]"
europe,TPE.DE,1w,"['hammer', 'engulfing', 'inverted_hammer', 'hammer', 'RSI_OVERSOLD']","[343, 342, 243, 242, 115]"
europe,TPK.L,1w,"['inverted_hammer', 'engulfing', 'inverted_hammer', 'RSI_OVERSOLD', 'engulfing']","[210, 209, 97, 83, 77]"
europe,TREL-B.ST,1w,"['RSI_OVERSOLD', 'piercing_line', 'RSI_OVERSOLD']","[343, 240, 79]"
europe,TRIG.L,1w,"['RSI_OVERSOLD', 'RSI_OVERSOLD']","[343, 92]"
europe,TRN.L,1w,"['inverted_hammer', 'piercing_line', 'RSI_OVERSOLD', 'RSI_OVERSOLD', 'RSI_OVERSOLD']","[247, 240, 83, 45, 35]"
europe,TRN.MI,1w,['engulfing'],[209]
europe,TRST.L,1w,['engulfing'],[240]
europe,TRY.L,1w,"['RSI_OVERSOLD', 'hammer', 'engulfing', 'hammer']","[344, 209, 208, 155]"
europe,TRYG.CO,1w,"['RSI_OVERSOLD', 'RSI_OVERSOLD']","[343, 170]"
europe,TSCO.L,1w,"['RSI_OVERSOLD', 'inverted_hammer']","[295, 210]"
europe,TTE.PA,1w,['RSI_OVERSOLD'],[346]
europe,TUI1.DE,1w,"['RSI_OVERSOLD', 'RSI_OVERSOLD', 'RSI_OVERSOLD', 'RSI_OVERSOLD', 'RSI_OVERSOLD']","[401, 394, 344, 335, 182]"
europe,TW.L,1w,"['RSI_OVERSOLD', 'hammer', 'RSI_OVERSOLD', 'inverted_hammer', 'RSI_OVERSOLD']","[211, 99, 95, 82, 24]"
europe,TWEKA.AS,1w,"['RSI_OVERSOLD', 'RSI_OVERSOLD']","[344, 99]"
europe,TYRES.HE,1w,"['hammer', 'RSI_OVERSOLD', 'RSI_OVERSOLD', 'RSI_OVERSOLD', 'hammer']","[387, 342, 243, 238, 226]"
europe,UBSG.SW,1w,"['RSI_OVERSOLD', 'RSI_OVERSOLD', 'RSI_OVERSOLD', 'RSI_OVERSOLD', 'RSI_OVERSOLD']","[416, 408, 374, 344, 79]"
europe,UCB.BR,1w,['RSI_OVERSOLD'],[79]
europe,UCG.MI,1w,"['RSI_OVERSOLD', 'RSI_OVERSOLD']","[436, 344]"
europe,UEM.L,1w,"['RSI_OVERSOLD', 'engulfing']","[344, 342]"
europe,UHR.SW,1w,"['RSI_OVERSOLD', 'RSI_OVERSOLD', 'piercing_line', 'RSI_OVERSOLD', 'RSI_OVERSOLD']","[418, 346, 343, 142, 80]"
europe,UKW.L,1w,"['inverted_hammer', 'hammer', 'RSI_OVERSOLD', 'hammer', 'hammer']","[91, 90, 88, 58, 56]"
europe,ULVR.L,1w,"['hammer', 'RSI_OVERSOLD', 'RSI_OVERSOLD']","[353, 241, 238]"
europe,UMG.AS,1w,"['RSI_OVERSOLD', 'RSI_OVERSOLD', 'engulfing', 'RSI_OVERSOLD', 'RSI_OVERSOLD']","[241, 116, 114, 36, 34]"
europe,UMI.BR,1w,"['hammer', 'RSI_OVERSOLD', 'RSI_OVERSOLD', 'inverted_hammer']","[411, 253, 122, 79]"
europe,UNA.AS,1w,['hammer'],[240]
europe,UNI.MC,1w,"['hammer', 'hammer', 'RSI_OVERSOLD', 'RSI_OVERSOLD', 'engulfing']","[374, 371, 343, 334, 104]"
europe,UNI.MI,1w,"['RSI_OVERSOLD', 'engulfing', 'RSI_OVERSOLD']","[344, 342, 241]"
europe,UPM.HE,1w,"['RSI_OVERSOLD', 'hammer', 'RSI_OVERSOLD', 'engulfing', 'hammer']","[241, 100, 98, 77, 15]"
europe,URW.PA,1w,,
europe,USA.L,1w,['RSI_OVERSOLD'],[248]
europe,UTDI.DE,1w,"['piercing_line', 'RSI_OVERSOLD', 'RSI_OVERSOLD', 'RSI_OVERSOLD', 'hammer']","[240, 204, 200, 185, 15]"
europe,UTG.L,1w,"['engulfing', 'RSI_OVERSOLD', 'piercing_line', 'RSI_OVERSOLD', 'inverted_hammer']","[55, 53, 51, 33, 4]"
europe,UU.L,1w,"['hammer', 'engulfing', 'RSI_OVERSOLD', 'RSI_OVERSOLD', 'RSI_OVERSOLD']","[464, 463, 457, 455, 211]"
europe,VACN.SW,1w,"['hammer', 'RSI_OVERSOLD', 'piercing_line', 'hammer', 'RSI_OVERSOLD']","[231, 226, 114, 99, 80]"
europe,VALMT.HE,1w,"['engulfing', 'hammer', 'engulfing', 'RSI_OVERSOLD', 'hammer']","[372, 343, 342, 241, 233]"
europe,VAR.OL,1w,,
europe,VBK.DE,1w,"['engulfing', 'RSI_OVERSOLD', 'RSI_OVERSOLD']","[449, 184, 144]"
europe,VCT.L,1w,"['inverted_hammer', 'RSI_OVERSOLD', 'hammer, RSI_OVERSOLD', 'RSI_OVERSOLD', 'hammer']","[417, 243, 231, 226, 137]"
europe,VEIL.L,1w,"['RSI_OVERSOLD', 'hammer', 'RSI_OVERSOLD']","[346, 204, 80]"
europe,VIE.PA,1w,['inverted_hammer'],[422]
europe,VIV.PA,1w,"['RSI_OVERSOLD', 'RSI_OVERSOLD', 'hammer', 'RSI_OVERSOLD']","[344, 96, 38, 36]"
europe,VLX.L,1w,['RSI_OVERSOLD'],[80]
europe,VNA.DE,1w,"['RSI_OVERSOLD', 'hammer', 'RSI_OVERSOLD']","[186, 81, 3]"
europe,VOD.L,1w,"['RSI_OVERSOLD', 'RSI_OVERSOLD', 'RSI_OVERSOLD', 'RSI_OVERSOLD', 'RSI_OVERSOLD']","[418, 387, 344, 204, 176]"
europe,VOF.L,1w,"['RSI_OVERSOLD', 'RSI_OVERSOLD', 'piercing_line', 'RSI_OVERSOLD']","[346, 344, 342, 80]"
europe,VOLV-B.ST,1w,"['RSI_OVERSOLD', 'engulfing']","[343, 342]"
europe,VOW.DE,1w,"['RSI_OVERSOLD', 'inverted_hammer', 'RSI_OVERSOLD', 'RSI_OVERSOLD', 'hammer']","[241, 164, 162, 155, 15]"
europe,VOW3.DE,1w,"['RSI_OVERSOLD', 'engulfing', 'inverted_hammer', 'hammer']","[344, 342, 108, 15]"
europe,VPK.AS,1w,"['RSI_OVERSOLD', 'hammer']","[254, 142]"
europe,VSVS.L,1w,"['hammer', 'RSI_OVERSOLD', 'RSI_OVERSOLD', 'RSI_OVERSOLD', 'RSI_OVERSOLD']","[254, 235, 114, 102, 80]"
europe,VTY.L,1w,"['RSI_OVERSOLD', 'RSI_OVERSOLD', 'RSI_OVERSOLD', 'RSI_OVERSOLD', 'RSI_OVERSOLD']","[105, 101, 30, 22, 14]"
europe,VWS.CO,1w,"['RSI_OVERSOLD', 'RSI_OVERSOLD', 'RSI_OVERSOLD']","[466, 101, 97]"
europe,WAF.DE,1w,"['hammer', 'inverted_hammer', 'RSI_OVERSOLD', 'RSI_OVERSOLD', 'engulfing']","[382, 343, 246, 103, 97]"
europe,WAWI.OL,1w,"['RSI_OVERSOLD', 'RSI_OVERSOLD', 'RSI_OVERSOLD']","[439, 427, 345]"
europe,WCH.DE,1w,"['RSI_OVERSOLD', 'hammer', 'RSI_OVERSOLD', 'RSI_OVERSOLD', 'RSI_OVERSOLD']","[343, 155, 143, 95, 92]"
europe,WDP.BR,1w,"['hammer', 'hammer', 'hammer', 'RSI_OVERSOLD', 'RSI_OVERSOLD']","[159, 103, 99, 97, 2]"
europe,WEIR.L,1w,"['RSI_OVERSOLD', 'RSI_OVERSOLD', 'RSI_OVERSOLD']","[423, 416, 344]"
europe,WIX.L,1w,['inverted_hammer'],[245]
europe,WIZZ.L,1w,"['RSI_OVERSOLD', 'RSI_OVERSOLD', 'RSI_OVERSOLD']","[419, 344, 226]"
europe,WKL.AS,1w,"['hammer', 'RSI_OVERSOLD', 'RSI_OVERSOLD', 'engulfing']","[246, 62, 49, 33]"
europe,WKP.L,1w,"['RSI_OVERSOLD', 'hammer', 'RSI_OVERSOLD', 'engulfing', 'RSI_OVERSOLD']","[224, 215, 212, 208, 79]"
europe,WLN.PA,1w,"['RSI_OVERSOLD', 'RSI_OVERSOLD', 'RSI_OVERSOLD', 'RSI_OVERSOLD', 'RSI_OVERSOLD']","[109, 68, 52, 29, 27]"
europe,WOSG.L,1w,"['RSI_OVERSOLD', 'RSI_OVERSOLD', 'engulfing']","[343, 143, 77]"
europe,WPP.L,1w,"['hammer', 'RSI_OVERSOLD', 'RSI_OVERSOLD', 'RSI_OVERSOLD', 'RSI_OVERSOLD']","[159, 156, 83, 66, 50]"
europe,WRT1V.HE,1w,"['RSI_OVERSOLD', 'RSI_OVERSOLD', 'engulfing', 'RSI_OVERSOLD', 'RSI_OVERSOLD']","[378, 344, 342, 341, 241]"
europe,WTB.L,1w,"['RSI_OVERSOLD', 'inverted_hammer', 'engulfing']","[344, 135, 79]"
europe,WWH.L,1w,"['RSI_OVERSOLD', 'RSI_OVERSOLD', 'RSI_OVERSOLD']","[247, 241, 80]"
europe,XPP.L,1w,"['engulfing', 'RSI_OVERSOLD', 'RSI_OVERSOLD', 'RSI_OVERSOLD', 'engulfing']","[235, 219, 158, 84, 77]"
europe,XPS.L,1w,['RSI_OVERSOLD'],[381]
europe,YAR.OL,1w,,
europe,ZAL.DE,1w,"['hammer', 'RSI_OVERSOLD', 'inverted_hammer', 'RSI_OVERSOLD', 'engulfing']","[418, 413, 243, 143, 33]"
europe,ZEAL.CO,1w,"['hammer', 'RSI_OVERSOLD', 'hammer', 'RSI_OVERSOLD', 'hammer']","[463, 80, 34, 32, 2]"
europe,ZIG.L,1w,"['RSI_OVERSOLD', 'RSI_OVERSOLD', 'RSI_OVERSOLD', 'RSI_OVERSOLD', 'RSI_OVERSOLD']","[448, 386, 351, 346, 95]"
europe,ZURN.SW,1w,['RSI_OVERSOLD'],[344]
europe,3IN.L,1M,,
europe,8TRA.DE,1M,,
europe,A2A.MI,1M,,
europe,AAF.L,1M,,
europe,AAL.L,1M,,
europe,AALB.AS,1M,,
europe,AAS.L,1M,['RSI_OVERSOLD'],[80]
europe,ABB.ST,1M,['rebound'],[61]
europe,ABBN.SW,1M,['rebound'],[61]
europe,ABDN.L,1M,"['hammer', 'inverted_hammer', 'RSI_OVERSOLD', 'RSI_OVERSOLD']","[95, 94, 53, 51]"
europe,ABF.L,1M,"['rebound', 'hammer']","[107, 55]"
europe,ABI.BR,1M,"['RSI_OVERSOLD', 'RSI_OVERSOLD']","[97, 80]"
europe,ABN.AS,1M,"['RSI_OVERSOLD', 'engulfing']","[80, 75]"
europe,AC.PA,1M,,
europe,ACA.PA,1M,['rebound'],[56]
europe,ACKB.BR,1M,,
europe,ACLN.SW,1M,,
europe,ACS.MC,1M,['RSI_OVERSOLD'],[80]
europe,ACX.MC,1M,,
europe,AD.AS,1M,,
europe,ADDT-B.ST,1M,,
europe,ADEN.SW,1M,,
europe,ADM.L,1M,,
europe,ADS.DE,1M,['RSI_OVERSOLD'],[50]
europe,ADYEN.AS,1M,,
europe,AED.BR,1M,['rebound'],[41]
europe,AENA.MC,1M,,
europe,AEP.L,1M,['engulfing'],[85]
europe,AF.PA,1M,['rebound'],[28]
europe,AFX.DE,1M,"['hammer', 'RSI_OVERSOLD']","[37, 10]"
europe,AGN.AS,1M,,
europe,AGS.BR,1M,,
europe,AGT.L,1M,['RSI_OVERSOLD'],[80]
europe,AI.PA,1M,['rebound'],[61]
europe,AIE.L,1M,,
europe,AIR.PA,1M,,
europe,AIXA.DE,1M,,
europe,AJB.L,1M,,
europe,AKRBP.OL,1M,,
europe,AKZA.AS,1M,,
europe,ALC.SW,1M,,
europe,ALFA.L,1M,['rebound'],[101]
europe,ALFA.ST,1M,,
europe,ALFEN.AS,1M,,
europe,ALK-B.CO,1M,,
europe,ALO.PA,1M,"['hammer', 'engulfing']","[56, 33]"
europe,ALSYDB.CO,1M,['rebound'],[74]
europe,ALTR.LS,1M,,
europe,ALV.DE,1M,,
europe,ALW.L,1M,,
europe,AMBU-B.CO,1M,,
europe,AMG.AS,1M,,
europe,AMP.MI,1M,['RSI_OVERSOLD'],[8]
europe,AMRZ.SW,1M,,
europe,AMS.MC,1M,,
europe,ANA.MC,1M,,
europe,ANE.MC,1M,,
europe,ANTO.L,1M,['rebound'],[52]
europe,AO.L,1M,,
europe,AOF.DE,1M,['rebound'],[15]
europe,APAM.AS,1M,,
europe,APN.L,1M,,
europe,ARCAD.AS,1M,,
europe,ARGX.BR,1M,,
europe,ASHM.L,1M,,
europe,ASL.L,1M,,
europe,ASM.AS,1M,,
europe,ASML.AS,1M,,
europe,ASRNL.AS,1M,,
europe,ASSA-B.ST,1M,,
europe,AT1.DE,1M,"['RSI_OVERSOLD', 'RSI_OVERSOLD', 'rebound']","[53, 44, 1]"
europe,ATCO-A.ST,1M,,
europe,ATCO-B.ST,1M,,
europe,ATG.L,1M,,
europe,ATO.PA,1M,"['engulfing', 'RSI_OVERSOLD', 'hammer', 'RSI_OVERSOLD', 'hammer']","[94, 56, 52, 44, 37]"
europe,ATR.L,1M,,
europe,ATT.L,1M,,
europe,ATYM.L,1M,,
europe,AUTO.L,1M,"['RSI_OVERSOLD', 'RSI_OVERSOLD']","[9, 6]"
europe,AV.L,1M,['RSI_OVERSOLD'],[80]
europe,AVIO.MI,1M,,
europe,AVOL.SW,1M,['RSI_OVERSOLD'],[80]
europe,AVON.L,1M,,
europe,AZA.ST,1M,,
europe,AZE.BR,1M,"['RSI_OVERSOLD', 'RSI_OVERSOLD', 'hammer']","[12, 10, 8]"
europe,AZM.MI,1M,,
europe,AZN.L,1M,,
europe,AZN.ST,1M,,
europe,BA.L,1M,,
europe,BAB.L,1M,"['RSI_OVERSOLD', 'RSI_OVERSOLD', 'hammer']","[96, 90, 74]"
europe,BAER.SW,1M,,
europe,BAG.L,1M,,
europe,BAMI.MI,1M,,
europe,BARC.L,1M,['RSI_OVERSOLD'],[80]
europe,BARN.SW,1M,"['RSI_OVERSOLD', 'RSI_OVERSOLD', 'RSI_OVERSOLD']","[38, 34, 19]"
europe,BAS.DE,1M,['rebound'],[56]
europe,BATS.L,1M,['RSI_OVERSOLD'],[96]
europe,BAVA.CO,1M,,
europe,BAYN.DE,1M,"['engulfing', 'RSI_OVERSOLD']","[94, 24]"
europe,BBOX.L,1M,,
europe,BBVA.MC,1M,,
europe,BBY.L,1M,,
europe,BC.MI,1M,,
europe,BC8.DE,1M,,
europe,BCG.L,1M,,
europe,BCP.LS,1M,['RSI_OVERSOLD'],[80]
europe,BEAN.SW,1M,,
europe,BEI.DE,1M,,
europe,BESI.AS,1M,,
europe,BEZ.L,1M,,
europe,BFIT.AS,1M,,
europe,BFSA.DE,1M,,
europe,BGEO.L,1M,['engulfing'],[94]
europe,BGFD.L,1M,,
europe,BHMG.L,1M,,
europe,BHP.L,1M,,
europe,BKG.L,1M,,
europe,BKT.MC,1M,['RSI_OVERSOLD'],[80]
europe,BLND.L,1M,,
europe,BME.L,1M,,
europe,BMED.MI,1M,,
europe,BMPS.MI,1M,,
europe,BMW.DE,1M,,
europe,BMY.L,1M,,
europe,BN.PA,1M,,
europe,BNKR.L,1M,,
europe,BNP.PA,1M,,
europe,BNR.DE,1M,,
europe,BNZL.L,1M,,
europe,BOL.ST,1M,,
europe,BOSS.DE,1M,['RSI_OVERSOLD'],[80]
europe,BOWL.L,1M,,
europe,BOY.L,1M,,
europe,BP.L,1M,"['RSI_OVERSOLD', 'engulfing', 'inverted_hammer']","[80, 72, 25]"
europe,BPCR.L,1M,,
europe,BPE.MI,1M,['hammer'],[78]
europe,BPT.L,1M,['inverted_hammer'],[40]
europe,BRBY.L,1M,"['inverted_hammer', 'RSI_OVERSOLD']","[35, 30]"
europe,BREE.L,1M,['RSI_OVERSOLD'],[53]
europe,BRGE.L,1M,,
europe,BRSC.L,1M,,
europe,BRWM.L,1M,['hammer'],[19]
europe,BT-A.L,1M,"['RSI_OVERSOLD', 'RSI_OVERSOLD']","[102, 80]"
europe,BTRW.L,1M,['RSI_OVERSOLD'],[7]
europe,BUT.L,1M,,
europe,BVI.PA,1M,,
europe,BWLPG.OL,1M,,
europe,BWY.L,1M,,
europe,BYG.L,1M,,
europe,BYIT.L,1M,,
europe,BZU.MI,1M,,
europe,CA.PA,1M,,
europe,CABK.MC,1M,,
europe,CAP.PA,1M,,
europe,CARL-B.CO,1M,['rebound'],[15]
europe,CBG.L,1M,"['RSI_OVERSOLD', 'RSI_OVERSOLD', 'engulfing']","[34, 25, 23]"
europe,CBK.DE,1M,,
europe,CCC.L,1M,,
europe,CCEP.L,1M,,
europe,CCH.L,1M,,
europe,CFR.SW,1M,,
europe,CGT.L,1M,,
europe,CHG.L,1M,,
europe,CKN.L,1M,,
europe,CLDN.L,1M,,
europe,CLN.SW,1M,"['inverted_hammer', 'hammer']","[20, 19]"
europe,CLNX.MC,1M,,
europe,CMCX.L,1M,['inverted_hammer'],[60]
europe,CNA.L,1M,['RSI_OVERSOLD'],[81]
europe,COA.L,1M,,
europe,COFA.PA,1M,,
europe,COL.MC,1M,,
europe,COLO-B.CO,1M,['RSI_OVERSOLD'],[8]
europe,COLR.BR,1M,"['engulfing', 'RSI_OVERSOLD']","[56, 54]"
europe,CON.DE,1M,"['engulfing', 'RSI_OVERSOLD']","[94, 80]"
europe,COR.LS,1M,,
europe,CORD.L,1M,,
europe,COST.L,1M,"['RSI_OVERSOLD', 'RSI_OVERSOLD', 'RSI_OVERSOLD']","[89, 80, 74]"
europe,CPG.L,1M,,
europe,CPR.MI,1M,['RSI_OVERSOLD'],[25]
europe,CRBN.AS,1M,"['rebound', 'engulfing']","[56, 39]"
europe,CRDA.L,1M,"['RSI_OVERSOLD', 'engulfing']","[21, 14]"
europe,CS.PA,1M,,
europe,CSN.L,1M,,
europe,CTEC.L,1M,,
europe,CTT.LS,1M,,
europe,CTY.L,1M,,
europe,CURY.L,1M,,
europe,CVSG.L,1M,['hammer'],[31]
europe,CWK.L,1M,,
europe,CWR.L,1M,,
europe,DANSKE.CO,1M,['RSI_OVERSOLD'],[97]
europe,DATA.L,1M,['RSI_OVERSOLD'],[9]
europe,DB1.DE,1M,,
europe,DBK.DE,1M,,
europe,DCC.L,1M,,
europe,DEMANT.CO,1M,,
europe,DG.PA,1M,,
europe,DGE.L,1M,"['RSI_OVERSOLD', 'RSI_OVERSOLD', 'RSI_OVERSOLD']","[20, 11, 8]"
europe,DHER.DE,1M,,
europe,DHL.DE,1M,,
europe,DIA.MI,1M,['engulfing'],[36]
europe,DIE.BR,1M,,
europe,DLN.L,1M,,
europe,DNB.OL,1M,,
europe,DNLM.L,1M,,
europe,DOCS.L,1M,"['RSI_OVERSOLD', 'RSI_OVERSOLD']","[46, 36]"
europe,DOM.L,1M,"['RSI_OVERSOLD', 'RSI_OVERSOLD']","[15, 12]"
europe,DPLM.L,1M,,
europe,DRW3.DE,1M,,
europe,DRX.L,1M,,
europe,DSCV.L,1M,,
europe,DSFIR.AS,1M,"['rebound', 'RSI_OVERSOLD']","[15, 10]"
europe,DSV.CO,1M,,
europe,DSY.PA,1M,"['hammer', 'RSI_OVERSOLD']","[12, 9]"
europe,DTE.DE,1M,,
europe,DTG.DE,1M,['rebound'],[56]
europe,ECMPA.AS,1M,,
europe,EDEN.PA,1M,"['RSI_OVERSOLD', 'inverted_hammer', 'RSI_OVERSOLD', 'RSI_OVERSOLD']","[25, 20, 12, 10]"
europe,EDIN.L,1M,['RSI_OVERSOLD'],[80]
europe,EDP.LS,1M,,
europe,EDPR.LS,1M,['hammer'],[37]
europe,EDV.L,1M,['rebound'],[91]
europe,EGL.LS,1M,,
europe,EL.PA,1M,['hammer'],[6]
europe,ELE.MC,1M,,
europe,ELG.DE,1M,,
europe,ELI.BR,1M,,
europe,ELISA.HE,1M,['rebound'],[4]
europe,ELM.L,1M,['RSI_OVERSOLD'],[81]
europe,ELUX-B.ST,1M,['hammer'],[4]
europe,EMG.L,1M,['inverted_hammer'],[16]
europe,EMSN.SW,1M,,
europe,EN.PA,1M,,
europe,ENEL.MI,1M,['rebound'],[61]
europe,ENG.MC,1M,,
europe,ENGI.PA,1M,,
europe,ENI.MI,1M,['RSI_OVERSOLD'],[79]
europe,ENOG.L,1M,,
europe,ENR.DE,1M,,
europe,ENT.L,1M,,
europe,EOAN.DE,1M,,
europe,EPI-A.ST,1M,,
europe,EQNR.OL,1M,['hammer'],[87]
europe,EQT.ST,1M,,
europe,ERF.PA,1M,,
europe,ERG.MI,1M,,
europe,ERIC-B.ST,1M,,
europe,ESCT.L,1M,,
europe,ESSITY-B.ST,1M,,
europe,EUZ.DE,1M,,
europe,EVD.DE,1M,,
europe,EVK.DE,1M,,
europe,EVO.ST,1M,['engulfing'],[8]
europe,EVT.DE,1M,,
europe,EWG.L,1M,,
europe,EWI.L,1M,['engulfing'],[40]
europe,EXO.AS,1M,['engulfing'],[5]
europe,EXPN.L,1M,,
europe,EZJ.L,1M,,
europe,FAGR.AS,1M,,
europe,FAN.L,1M,,
europe,FBK.MI,1M,,
europe,FCH.L,1M,"['engulfing', 'RSI_OVERSOLD']","[50, 33]"
europe,FCIT.L,1M,,
europe,FCSS.L,1M,['RSI_OVERSOLD'],[49]
europe,FCT.MI,1M,,
europe,FDR.MC,1M,,
europe,FEML.L,1M,,
europe,FER.MC,1M,,
europe,FEV.L,1M,,
europe,FGEN.L,1M,['RSI_OVERSOLD'],[22]
europe,FGP.L,1M,,
europe,FGT.L,1M,,
europe,FHZN.SW,1M,['RSI_OVERSOLD'],[80]
europe,FLOW.AS,1M,"['rebound', 'hammer']","[52, 37]"
europe,FLS.CO,1M,,
europe,FME.DE,1M,"['RSI_OVERSOLD', 'engulfing']","[52, 48]"
europe,FNTN.DE,1M,,
europe,FORTUM.HE,1M,,
europe,FOUR.L,1M,,
europe,FPE3.DE,1M,,
europe,FRA.DE,1M,"['RSI_OVERSOLD', 'RSI_OVERSOLD']","[80, 76]"
europe,FRAS.L,1M,,
europe,FRE.DE,1M,"['RSI_OVERSOLD', 'rebound']","[95, 56]"
europe,FRES.L,1M,['RSI_OVERSOLD'],[96]
europe,FRO.OL,1M,['rebound'],[110]
europe,FSG.L,1M,,
europe,FSV.L,1M,['RSI_OVERSOLD'],[80]
europe,FUR.AS,1M,,
europe,G.MI,1M,,
europe,G1A.DE,1M,,
europe,G24.DE,1M,['rebound'],[36]
europe,GALD.SW,1M,,
europe,GALE.SW,1M,,
europe,GALP.LS,1M,,
europe,GAMA.L,1M,['RSI_OVERSOLD'],[8]
europe,GAW.L,1M,,
europe,GBF.DE,1M,,
europe,GBLB.BR,1M,,
europe,GCP.L,1M,"['RSI_OVERSOLD', 'inverted_hammer', 'hammer']","[69, 67, 65]"
europe,GDWN.L,1M,,
europe,GEBN.SW,1M,,
europe,GEN.L,1M,,
europe,GET.PA,1M,,
europe,GF.SW,1M,,
europe,GFRD.L,1M,,
europe,GFTU.L,1M,,
europe,GIL.DE,1M,,
europe,GIVN.SW,1M,,
europe,GJF.OL,1M,,
europe,GLE.PA,1M,"['inverted_hammer', 'RSI_OVERSOLD', 'RSI_OVERSOLD', 'rebound']","[94, 79, 74, 56]"
europe,GLEN.L,1M,['RSI_OVERSOLD'],[80]
europe,GMAB.CO,1M,,
europe,GN.CO,1M,['RSI_OVERSOLD'],[50]
europe,GNC.L,1M,['RSI_OVERSOLD'],[50]
europe,GNS.L,1M,,
europe,GPE.L,1M,['inverted_hammer'],[36]
europe,GRF.MC,1M,['RSI_OVERSOLD'],[50]
europe,GRG.L,1M,['hammer'],[12]
europe,GRI.L,1M,"['hammer', 'RSI_OVERSOLD']","[14, 8]"
europe,GROW.L,1M,,
europe,GSCT.L,1M,['RSI_OVERSOLD'],[80]
europe,GSK.L,1M,,
europe,GXI.DE,1M,"['rebound', 'RSI_OVERSOLD', 'hammer']","[56, 13, 12]"
europe,HAFNI.OL,1M,,
europe,HAG.DE,1M,,
europe,HANA.L,1M,['RSI_OVERSOLD'],[80]
europe,HAS.L,1M,"['hammer', 'RSI_OVERSOLD']","[22, 14]"
europe,HAUTO.OL,1M,,
europe,HBAN.SW,1M,['RSI_OVERSOLD'],[80]
europe,HBR.L,1M,,
europe,HEI.DE,1M,"['RSI_OVERSOLD', 'RSI_OVERSOLD']","[97, 80]"
europe,HEIA.AS,1M,,
europe,HEN3.DE,1M,,
europe,HER.MI,1M,,
europe,HEXA-B.ST,1M,,
europe,HFD.L,1M,"['inverted_hammer', 'rebound', 'inverted_hammer']","[92, 87, 85]"
europe,HFEL.L,1M,['RSI_OVERSOLD'],[39]
europe,HFG.DE,1M,"['inverted_hammer', 'RSI_OVERSOLD', 'rebound']","[49, 31, 2]"
europe,HFG.L,1M,"['RSI_OVERSOLD', 'RSI_OVERSOLD']","[50, 12]"
europe,HGT.L,1M,['engulfing'],[5]
europe,HIAB.HE,1M,,
europe,HICL.L,1M,['inverted_hammer'],[21]
europe,HIK.L,1M,['RSI_OVERSOLD'],[51]
europe,HILS.L,1M,,
europe,HLE.DE,1M,,
europe,HLMA.L,1M,,
europe,HLN.L,1M,,
europe,HM-B.ST,1M,,
europe,HMSO.L,1M,"['RSI_OVERSOLD', 'RSI_OVERSOLD', 'engulfing', 'engulfing']","[90, 80, 72, 69]"
europe,HNR1.DE,1M,,
europe,HO.PA,1M,,
europe,HOC.L,1M,,
europe,HOLN.SW,1M,,
europe,HOT.DE,1M,['RSI_OVERSOLD'],[80]
europe,HRI.L,1M,,
europe,HSBA.L,1M,"['RSI_OVERSOLD', 'rebound']","[80, 79]"
europe,HSL.L,1M,,
europe,HSX.L,1M,['RSI_OVERSOLD'],[79]
europe,HTG.L,1M,['RSI_OVERSOLD'],[80]
europe,HTWS.L,1M,['RSI_OVERSOLD'],[37]
europe,HUH1V.HE,1M,"['RSI_OVERSOLD', 'hammer', 'inverted_hammer', 'rebound']","[97, 56, 16, 1]"
europe,HVPE.L,1M,,
europe,HWDN.L,1M,,
europe,HWG.L,1M,,
europe,IAD.L,1M,,
europe,IAG.L,1M,"['RSI_OVERSOLD', 'RSI_OVERSOLD']","[76, 74]"
europe,IAG.MC,1M,,
europe,IBE.MC,1M,,
europe,IBS.LS,1M,['RSI_OVERSOLD'],[80]
europe,ICG.L,1M,,
europe,ICGT.L,1M,,
europe,IDR.MC,1M,,
europe,IFX.DE,1M,,
europe,IG.MI,1M,,
europe,IGG.L,1M,,
europe,IHG.L,1M,,
europe,IHP.L,1M,['RSI_OVERSOLD'],[53]
europe,III.L,1M,,
europe,ILU.F,1M,,
europe,IMB.L,1M,"['RSI_OVERSOLD', 'RSI_OVERSOLD', 'inverted_hammer', 'RSI_OVERSOLD']","[96, 90, 89, 80]"
europe,IMCD.AS,1M,,
europe,IMI.L,1M,,
europe,INCH.L,1M,,
europe,INDU-C.ST,1M,,
europe,INF.L,1M,['RSI_OVERSOLD'],[80]
europe,INGA.AS,1M,"['RSI_OVERSOLD', 'rebound']","[80, 56]"
europe,INPP.L,1M,['RSI_OVERSOLD'],[41]
europe,INPST.AS,1M,,
europe,INVE-B.ST,1M,['rebound'],[61]
europe,INVP.L,1M,['RSI_OVERSOLD'],[80]
europe,INW.MI,1M,,
europe,IOS.DE,1M,,
europe,IPN.PA,1M,,
europe,IPO.L,1M,,
europe,ISP.MI,1M,,
europe,ISS.CO,1M,"['RSI_OVERSOLD', 'RSI_OVERSOLD']","[81, 76]"
europe,ITH.L,1M,,
europe,ITRK.L,1M,,
europe,ITV.L,1M,['RSI_OVERSOLD'],[80]
europe,ITX.MC,1M,['rebound'],[104]
europe,IVG.MI,1M,,
europe,IWG.L,1M,['RSI_OVERSOLD'],[50]
europe,JAM.L,1M,,
europe,JCH.L,1M,['RSI_OVERSOLD'],[80]
europe,JD.L,1M,,
europe,JDW.L,1M,,
europe,JEDT.L,1M,['RSI_OVERSOLD'],[80]
europe,JEGI.L,1M,,
europe,JEMI.L,1M,,
europe,JEN.DE,1M,,
europe,JFJ.L,1M,,
europe,JGGI.L,1M,,
europe,JMAT.L,1M,"['RSI_OVERSOLD', 'hammer']","[80, 57]"
europe,JMGI.L,1M,,
europe,JMT.LS,1M,,
europe,JSG.L,1M,,
europe,JUN3.DE,1M,,
europe,JUP.L,1M,['RSI_OVERSOLD'],[53]
europe,JYSK.CO,1M,,
europe,KALMAR.HE,1M,,
europe,KBC.BR,1M,,
europe,KBX.DE,1M,['RSI_OVERSOLD'],[51]
europe,KCR.HE,1M,,
europe,KEMIRA.HE,1M,,
europe,KER.PA,1M,"['engulfing', 'engulfing']","[23, 17]"
europe,KESKOA.HE,1M,,
europe,KESKOB.HE,1M,,
europe,KGF.L,1M,['RSI_OVERSOLD'],[80]
europe,KGH.L,1M,"['RSI_OVERSOLD', 'engulfing', 'RSI_OVERSOLD']","[56, 52, 44]"
europe,KGX.DE,1M,"['rebound', 'RSI_OVERSOLD']","[61, 50]"
europe,KIE.L,1M,"['RSI_OVERSOLD', 'engulfing', 'hammer']","[98, 94, 91]"
europe,KINV-B.ST,1M,['RSI_OVERSOLD'],[8]
europe,KLR.L,1M,,
europe,KNEBV.HE,1M,,
europe,KNIN.SW,1M,['RSI_OVERSOLD'],[14]
europe,KNOS.L,1M,,
europe,KOG.OL,1M,,
europe,KPN.AS,1M,,
europe,KRN.DE,1M,,
europe,KTN.DE,1M,,
europe,LAND.L,1M,['RSI_OVERSOLD'],[80]
europe,LATO-B.ST,1M,,
europe,LDO.MI,1M,['RSI_OVERSOLD'],[73]
europe,LEG.DE,1M,['RSI_OVERSOLD'],[50]
europe,LGEN.L,1M,,
europe,LHA.DE,1M,,
europe,LIFCO-B.ST,1M,,
europe,LIN.DE,1M,,
europe,LISP.SW,1M,,
europe,LLOY.L,1M,['RSI_OVERSOLD'],[80]
europe,LMP.L,1M,,
europe,LOG.MC,1M,,
europe,LOGN.SW,1M,['engulfing'],[49]
europe,LONN.SW,1M,,
europe,LOTB.BR,1M,,
europe,LR.PA,1M,,
europe,LRE.L,1M,,
europe,LSEG.L,1M,,
europe,LTMC.MI,1M,,
europe,LWDB.L,1M,,
europe,LXS.DE,1M,,
europe,MAB.L,1M,['engulfing'],[78]
europe,MAERSK-A.CO,1M,,
europe,MAERSK-B.CO,1M,,
europe,MANTA.HE,1M,,
europe,MAP.MC,1M,['RSI_OVERSOLD'],[80]
europe,MB.MI,1M,,
europe,MBG.DE,1M,,
europe,MC.PA,1M,,
europe,MEGP.L,1M,['RSI_OVERSOLD'],[80]
europe,MEL.MC,1M,['RSI_OVERSOLD'],[80]
europe,MELE.BR,1M,,
europe,METSO.HE,1M,,
europe,MGAM.L,1M,['hammer'],[19]
europe,MGNS.L,1M,['rebound'],[105]
europe,MKS.L,1M,['RSI_OVERSOLD'],[80]
europe,ML.PA,1M,,
europe,MNDI.L,1M,['RSI_OVERSOLD'],[13]
europe,MNG.L,1M,,
europe,MNKS.L,1M,,
europe,MNTN.L,1M,,
europe,MONC.MI,1M,,
europe,MONT.BR,1M,,
europe,MONY.L,1M,['RSI_OVERSOLD'],[8]
europe,MOON.L,1M,,
europe,MOWI.OL,1M,,
europe,MPCC.OL,1M,"['RSI_OVERSOLD', 'RSI_OVERSOLD']","[95, 90]"
europe,MRC.L,1M,['hammer'],[54]
europe,MRCH.L,1M,,
europe,MRK.DE,1M,['hammer'],[19]
europe,MRL.MC,1M,['RSI_OVERSOLD'],[80]
europe,MRO.L,1M,,
europe,MT.AS,1M,,
europe,MTLN.L,1M,,
europe,MTO.L,1M,['rebound'],[105]
europe,MTRO.L,1M,"['RSI_OVERSOLD', 'engulfing', 'RSI_OVERSOLD']","[95, 72, 37]"
europe,MTS.MC,1M,,
europe,MTX.DE,1M,,
europe,MUT.L,1M,,
europe,MUV2.DE,1M,,
europe,MYI.L,1M,['RSI_OVERSOLD'],[80]
europe,N91.L,1M,,
europe,NAIT.L,1M,,
europe,NAS.L,1M,,
europe,NAS.OL,1M,"['RSI_OVERSOLD', 'RSI_OVERSOLD', 'engulfing']","[91, 81, 49]"
europe,NBA.LS,1M,,
europe,NBPE.L,1M,['RSI_OVERSOLD'],[80]
europe,NCC.L,1M,"['rebound', 'hammer']","[61, 41]"
europe,NDA-FI.HE,1M,,
europe,NDA-SE.ST,1M,,
europe,NDA.DE,1M,,
europe,NDX1.DE,1M,,
europe,NEM.DE,1M,,
europe,NESN.SW,1M,"['RSI_OVERSOLD', 'rebound']","[23, 16]"
europe,NESTE.HE,1M,"['RSI_OVERSOLD', 'RSI_OVERSOLD', 'hammer', 'hammer']","[31, 25, 24, 19]"
europe,NETC.CO,1M,['rebound'],[15]
europe,NEXI.MI,1M,"['hammer', 'RSI_OVERSOLD']","[9, 8]"
europe,NG.L,1M,,
europe,NHY.OL,1M,['rebound'],[4]
europe,NIBE-B.ST,1M,"['inverted_hammer', 'inverted_hammer']","[21, 20]"
europe,NKT.CO,1M,,
europe,NN.AS,1M,,
europe,NOD.OL,1M,,
europe,NOKIA.HE,1M,['hammer'],[35]
europe,NOS.LS,1M,['RSI_OVERSOLD'],[80]
europe,NOVN.SW,1M,,
europe,NOVO-B.CO,1M,"['RSI_OVERSOLD', 'engulfing']","[16, 11]"
europe,NSIS-B.CO,1M,,
europe,NTGY.MC,1M,"['inverted_hammer', 'rebound']","[76, 32]"
europe,NVG.LS,1M,,
europe,NWG.L,1M,['RSI_OVERSOLD'],[79]
europe,NXT.L,1M,,
europe,OBCK.DE,1M,,
europe,OCDO.L,1M,"['hammer', 'RSI_OVERSOLD']","[54, 50]"
europe,OCI.AS,1M,,
europe,OCI.L,1M,,
europe,OHB.DE,1M,,
europe,ONT.L,1M,"['RSI_OVERSOLD', 'RSI_OVERSOLD']","[41, 34]"
europe,OR.PA,1M,['rebound'],[61]
europe,ORA.PA,1M,,
europe,ORK.OL,1M,,
europe,ORNBV.HE,1M,,
europe,ORSTED.CO,1M,"['RSI_OVERSOLD', 'RSI_OVERSOLD', 'RSI_OVERSOLD']","[37, 14, 11]"
europe,OSB.L,1M,,
europe,OUT1V.HE,1M,,
europe,OXB.L,1M,"['hammer', 'RSI_OVERSOLD']","[38, 36]"
europe,OXIG.L,1M,,
europe,P911.DE,1M,"['engulfing', 'hammer']","[16, 8]"
europe,PAF.L,1M,,
europe,PAG.L,1M,,
europe,PAGE.L,1M,['inverted_hammer'],[20]
europe,PAH3.DE,1M,,
europe,PCGH.L,1M,,
europe,PCT.L,1M,,
europe,PETS.L,1M,,
europe,PEY.L,1M,,
europe,PFD.L,1M,,
europe,PGHN.SW,1M,['hammer'],[8]
europe,PHI.L,1M,,
europe,PHIA.AS,1M,['RSI_OVERSOLD'],[53]
europe,PHP.L,1M,,
europe,PHR.LS,1M,,
europe,PIN.L,1M,,
europe,PINE.L,1M,,
europe,PINT.L,1M,['RSI_OVERSOLD'],[39]
europe,PKN.WA,1M,,
europe,PLUS.L,1M,,
europe,PNDORA.CO,1M,,
europe,PNL.AS,1M,['hammer'],[89]
europe,PNL.L,1M,,
europe,PNN.L,1M,['RSI_OVERSOLD'],[21]
europe,POLN.L,1M,"['rebound', 'rebound']","[108, 88]"
europe,PPET.L,1M,,
europe,PPH.L,1M,,
europe,PRN.L,1M,,
europe,PRU.L,1M,['rebound'],[56]
europe,PRX.AS,1M,,
europe,PRY.MI,1M,,
europe,PSH.L,1M,,
europe,PSM.DE,1M,['RSI_OVERSOLD'],[80]
europe,PSN.L,1M,['RSI_OVERSOLD'],[50]
europe,PSON.L,1M,['rebound'],[59]
europe,PSPN.SW,1M,,
europe,PST.MI,1M,,
europe,PTEC.L,1M,"['RSI_OVERSOLD', 'hammer']","[98, 97]"
europe,PUB.PA,1M,['RSI_OVERSOLD'],[81]
europe,PUIG.MC,1M,,
europe,PUM.DE,1M,,
europe,QIA.DE,1M,,
europe,QLT.L,1M,,
europe,QQ.L,1M,,
europe,QTCOM.HE,1M,['RSI_OVERSOLD'],[9]
europe,RAA.DE,1M,,
europe,RACE.MI,1M,,
europe,RAND.AS,1M,['RSI_OVERSOLD'],[8]
europe,RAT.L,1M,['RSI_OVERSOLD'],[77]
europe,RBREW.CO,1M,,
europe,RCP.L,1M,,
europe,RDC.DE,1M,['RSI_OVERSOLD'],[8]
europe,REC.MI,1M,,
europe,RED.MC,1M,,
europe,REL.L,1M,"['rebound', 'inverted_hammer', 'hammer']","[105, 11, 9]"
europe,REN.AS,1M,"['rebound', 'hammer']","[105, 9]"
europe,RENE.LS,1M,,
europe,REP.MC,1M,['RSI_OVERSOLD'],[80]
europe,RHIM.L,1M,['engulfing'],[49]
europe,RHM.DE,1M,,
europe,RI.PA,1M,"['engulfing', 'RSI_OVERSOLD', 'RSI_OVERSOLD', 'engulfing']","[27, 20, 8, 5]"
europe,RICA.L,1M,,
europe,RIO.L,1M,,
europe,RKT.L,1M,['hammer'],[6]
europe,RMS.PA,1M,,
europe,RMV.L,1M,['engulfing'],[5]
europe,RNK.L,1M,,
europe,RNO.PA,1M,"['RSI_OVERSOLD', 'RSI_OVERSOLD']","[95, 82]"
europe,RO.SW,1M,['rebound'],[45]
europe,ROCK-B.CO,1M,,
europe,ROP.SW,1M,['rebound'],[105]
europe,ROR.L,1M,,
europe,ROSE.L,1M,,
europe,ROVI.MC,1M,['hammer'],[19]
europe,RPI.L,1M,,
europe,RR.L,1M,"['RSI_OVERSOLD', 'piercing_line']","[80, 73]"
europe,RRTL.DE,1M,['RSI_OVERSOLD'],[80]
europe,RS1.L,1M,,
europe,RSW.L,1M,,
europe,RTO.L,1M,,
europe,RTW.L,1M,,
europe,RWE.DE,1M,,
europe,S92.DE,1M,,
europe,SAAB-B.ST,1M,,
europe,SAB.MC,1M,['RSI_OVERSOLD'],[74]
europe,SAF.PA,1M,,
europe,SAFE.L,1M,,
europe,SAGA-B.ST,1M,,
europe,SAGA.L,1M,['RSI_OVERSOLD'],[91]
europe,SAIN.L,1M,,
europe,SALM.OL,1M,,
europe,SAMPO.HE,1M,,
europe,SAN.MC,1M,['RSI_OVERSOLD'],[80]
europe,SAN.PA,1M,,
europe,SAND.ST,1M,,
europe,SAP.DE,1M,,
europe,SASA.IS,1M,,
europe,SAX.DE,1M,,
europe,SBMO.AS,1M,,
europe,SBRY.L,1M,,
europe,SCA-B.ST,1M,,
europe,SCHP.SW,1M,,
europe,SCMN.SW,1M,,
europe,SCT.L,1M,,
europe,SCYR.MC,1M,,
europe,SDF.DE,1M,['RSI_OVERSOLD'],[81]
europe,SDLF.L,1M,,
europe,SDP.L,1M,,
europe,SDR.L,1M,,
europe,SDZ.SW,1M,,
europe,SEB-A.ST,1M,,
europe,SEIT.L,1M,['RSI_OVERSOLD'],[18]
europe,SEM.LS,1M,,
europe,SEQI.L,1M,"['RSI_OVERSOLD', 'RSI_OVERSOLD', 'RSI_OVERSOLD', 'RSI_OVERSOLD']","[80, 52, 50, 41]"
europe,SGE.L,1M,,
europe,SGL.DE,1M,"['RSI_OVERSOLD', 'engulfing', 'hammer']","[80, 21, 19]"
europe,SGO.PA,1M,['RSI_OVERSOLD'],[80]
europe,SGRO.L,1M,,
europe,SGSN.SW,1M,,
europe,SHAW.L,1M,,
europe,SHB-A.ST,1M,,
europe,SHC.L,1M,,
europe,SHEL.L,1M,['RSI_OVERSOLD'],[81]
europe,SHELL.AS,1M,['RSI_OVERSOLD'],[80]
europe,SHL.DE,1M,,
europe,SIE.DE,1M,,
europe,SIGN.SW,1M,"['inverted_hammer', 'RSI_OVERSOLD']","[15, 14]"
europe,SIKA.SW,1M,,
europe,SINCH.ST,1M,['engulfing'],[49]
europe,SKA-B.ST,1M,,
europe,SKF-B.ST,1M,,
europe,SLHN.SW,1M,,
europe,SLR.MC,1M,,
europe,SMHN.DE,1M,,
europe,SMIN.L,1M,,
europe,SMT.L,1M,,
europe,SMWH.L,1M,"['RSI_OVERSOLD', 'hammer']","[6, 2]"
europe,SN.L,1M,['engulfing'],[50]
europe,SNR.L,1M,"['hammer', 'RSI_OVERSOLD']","[85, 80]"
europe,SOF.BR,1M,,
europe,SOI.L,1M,['inverted_hammer'],[49]
europe,SOLB.BR,1M,,
europe,SON.LS,1M,,
europe,SOON.SW,1M,['rebound'],[50]
europe,SPI.L,1M,"['RSI_OVERSOLD', 'RSI_OVERSOLD']","[98, 80]"
europe,SPM.MI,1M,"['RSI_OVERSOLD', 'engulfing', 'RSI_OVERSOLD', 'engulfing']","[74, 54, 52, 49]"
europe,SPSN.SW,1M,,
europe,SPX.L,1M,['inverted_hammer'],[18]
europe,SQN.SW,1M,,
europe,SRE.L,1M,,
europe,SREN.SW,1M,,
europe,SRG.MI,1M,,
europe,SRP.L,1M,,
europe,SRT.DE,1M,,
europe,SRT3.DE,1M,,
europe,SSAB-A.ST,1M,,
europe,SSE.L,1M,,
europe,SSIT.L,1M,,
europe,SSPG.L,1M,"['RSI_OVERSOLD', 'inverted_hammer']","[80, 77]"
europe,STAN.L,1M,['rebound'],[97]
europe,STB.OL,1M,,
europe,STERV.HE,1M,,
europe,STJ.L,1M,"['RSI_OVERSOLD', 'RSI_OVERSOLD', 'engulfing']","[37, 33, 30]"
europe,STLAM.MI,1M,['RSI_OVERSOLD'],[2]
europe,STLAP.PA,1M,,
europe,STM.DE,1M,"['hammer', 'RSI_OVERSOLD', 'RSI_OVERSOLD', 'hammer', 'hammer']","[55, 23, 20, 19, 12]"
europe,STMMI.MI,1M,['hammer'],[19]
europe,STMN.SW,1M,,
europe,STMPA.PA,1M,['hammer'],[19]
europe,SU.PA,1M,,
europe,SUNN.SW,1M,,
europe,SUPR.L,1M,['RSI_OVERSOLD'],[44]
europe,SVS.L,1M,,
europe,SVT.L,1M,,
europe,SW.PA,1M,['RSI_OVERSOLD'],[80]
europe,SWED-A.ST,1M,,
europe,SY1.DE,1M,['inverted_hammer'],[13]
europe,SYENS.BR,1M,,
europe,SYNC.L,1M,,
europe,TATE.L,1M,"['RSI_OVERSOLD, rebound', 'hammer']","[13, 8]"
europe,TBCG.L,1M,['RSI_OVERSOLD'],[80]
europe,TCAP.L,1M,"['RSI_OVERSOLD', 'RSI_OVERSOLD']","[73, 60]"
europe,TEF.MC,1M,"['RSI_OVERSOLD', 'hammer']","[80, 10]"
europe,TEG.DE,1M,"['RSI_OVERSOLD', 'hammer']","[53, 52]"
europe,TEL.OL,1M,,
europe,TEL2-B.ST,1M,,
europe,TELIA.ST,1M,,
europe,TEM.L,1M,['hammer'],[56]
europe,TEMN.SW,1M,,
europe,TEN.MI,1M,['RSI_OVERSOLD'],[80]
europe,TEP.L,1M,"['rebound', 'RSI_OVERSOLD', 'RSI_OVERSOLD']","[11, 6, 2]"
europe,TEP.PA,1M,['RSI_OVERSOLD'],[37]
europe,TFIF.L,1M,['RSI_OVERSOLD'],[80]
europe,TGS.OL,1M,,
europe,THG.L,1M,"['RSI_OVERSOLD', 'inverted_hammer']","[53, 20]"
europe,THRL.L,1M,['RSI_OVERSOLD'],[44]
europe,THYAO.IS,1M,,
europe,TIETO.HE,1M,,
europe,TIT.MI,1M,['rebound'],[56]
europe,TKA.DE,1M,"['hammer', 'RSI_OVERSOLD', 'RSI_OVERSOLD']","[87, 80, 78]"
europe,TLX.DE,1M,,
europe,TMPL.L,1M,"['RSI_OVERSOLD', 'RSI_OVERSOLD', 'RSI_OVERSOLD']","[80, 76, 74]"
europe,TMV.DE,1M,['hammer'],[56]
europe,TOM.OL,1M,,
europe,TPE.DE,1M,,
europe,TPK.L,1M,['rebound'],[19]
europe,TREL-B.ST,1M,,
europe,TRIG.L,1M,,
europe,TRN.L,1M,,
europe,TRN.MI,1M,,
europe,TRST.L,1M,,
europe,TRY.L,1M,,
europe,TRYG.CO,1M,,
europe,TSCO.L,1M,,
europe,TTE.PA,1M,['engulfing'],[78]
europe,TUI1.DE,1M,['RSI_OVERSOLD'],[79]
europe,TW.L,1M,,
europe,TWEKA.AS,1M,,
europe,TYRES.HE,1M,"['RSI_OVERSOLD', 'hammer']","[55, 44]"
europe,UBSG.SW,1M,,
europe,UCB.BR,1M,,
europe,UCG.MI,1M,,
europe,UEM.L,1M,,
europe,UHR.SW,1M,['hammer'],[26]
europe,UKW.L,1M,,
europe,ULVR.L,1M,,
europe,UMG.AS,1M,,
europe,UMI.BR,1M,"['RSI_OVERSOLD', 'engulfing']","[29, 20]"
europe,UNA.AS,1M,,
europe,UNI.MC,1M,,
europe,UNI.MI,1M,,
europe,UPM.HE,1M,,
europe,URW.PA,1M,['rebound'],[1]
europe,USA.L,1M,,
europe,UTDI.DE,1M,"['RSI_OVERSOLD', 'hammer']","[44, 43]"
europe,UTG.L,1M,"['RSI_OVERSOLD', 'RSI_OVERSOLD']","[13, 9]"
europe,UU.L,1M,,
europe,VACN.SW,1M,,
europe,VALMT.HE,1M,,
europe,VAR.OL,1M,,
europe,VBK.DE,1M,"['engulfing', 'inverted_hammer']","[32, 21]"
europe,VCT.L,1M,"['RSI_OVERSOLD', 'RSI_OVERSOLD', 'RSI_OVERSOLD']","[25, 16, 13]"
europe,VEIL.L,1M,,
europe,VIE.PA,1M,,
europe,VIV.PA,1M,['RSI_OVERSOLD'],[23]
europe,VLX.L,1M,,
europe,VNA.DE,1M,,
europe,VOD.L,1M,,
europe,VOF.L,1M,['engulfing'],[79]
europe,VOLV-B.ST,1M,,
europe,VOW.DE,1M,['rebound'],[38]
europe,VOW3.DE,1M,,
europe,VPK.AS,1M,,
europe,VSVS.L,1M,,
europe,VTY.L,1M,['RSI_OVERSOLD'],[6]
europe,VWS.CO,1M,,
europe,WAF.DE,1M,['RSI_OVERSOLD'],[19]
europe,WAWI.OL,1M,,
europe,WCH.DE,1M,,
europe,WDP.BR,1M,,
europe,WEIR.L,1M,['RSI_OVERSOLD'],[80]
europe,WIX.L,1M,,
europe,WIZZ.L,1M,['inverted_hammer'],[24]
europe,WKL.AS,1M,"['rebound', 'RSI_OVERSOLD']","[16, 9]"
europe,WKP.L,1M,['hammer'],[74]
europe,WLN.PA,1M,"['rebound', 'hammer', 'RSI_OVERSOLD']","[60, 55, 37]"
europe,WOSG.L,1M,,
europe,WPP.L,1M,"['RSI_OVERSOLD', 'RSI_OVERSOLD', 'hammer, rebound', 'RSI_OVERSOLD', 'RSI_OVERSOLD']","[97, 80, 19, 16, 5]"
europe,WRT1V.HE,1M,"['RSI_OVERSOLD', 'RSI_OVERSOLD']","[84, 80]"
europe,WTB.L,1M,,
europe,WWH.L,1M,['hammer'],[19]
europe,XPP.L,1M,['RSI_OVERSOLD'],[50]
europe,XPS.L,1M,,
europe,YAR.OL,1M,,
europe,ZAL.DE,1M,"['rebound', 'RSI_OVERSOLD', 'engulfing']","[61, 53, 49]"
europe,ZEAL.CO,1M,,
europe,ZIG.L,1M,['RSI_OVERSOLD'],[80]
europe,ZURN.SW,1M,,
poland,06N.WA,1d,"['engulfing', 'RSI_OVERSOLD', 'hammer', 'RSI_OVERSOLD', 'RSI_OVERSOLD']","[467, 451, 343, 206, 196]"
poland,08N.WA,1d,"['RSI_OVERSOLD', 'rebound', 'RSI_OVERSOLD', 'rebound', 'RSI_OVERSOLD']","[323, 312, 291, 195, 125]"
poland,11B.WA,1d,"['rebound', 'RSI_OVERSOLD', 'engulfing', 'RSI_OVERSOLD', 'RSI_OVERSOLD']","[208, 200, 195, 13, 11]"
poland,1AT.WA,1d,"['RSI_OVERSOLD', 'RSI_OVERSOLD', 'RSI_OVERSOLD', 'RSI_OVERSOLD', 'RSI_OVERSOLD, rebound']","[542, 218, 198, 152, 138]"
poland,3RG.WA,1d,"['RSI_OVERSOLD', 'RSI_OVERSOLD', 'hammer', 'RSI_OVERSOLD', 'RSI_OVERSOLD']","[655, 619, 211, 207, 201]"
poland,4MS.WA,1d,"['rebound', 'RSI_OVERSOLD', 'RSI_OVERSOLD', 'RSI_OVERSOLD', 'inverted_hammer']","[349, 339, 231, 113, 17]"
poland,AAT.WA,1d,"['RSI_OVERSOLD', 'rebound', 'RSI_OVERSOLD', 'RSI_OVERSOLD', 'inverted_hammer']","[817, 815, 244, 241, 202]"
poland,ABE.WA,1d,"['RSI_OVERSOLD', 'RSI_OVERSOLD', 'RSI_OVERSOLD', 'inverted_hammer', 'inverted_hammer']","[1026, 1022, 1020, 754, 516]"
poland,ABS.WA,1d,"['RSI_OVERSOLD', 'RSI_OVERSOLD, rebound', 'RSI_OVERSOLD', 'RSI_OVERSOLD', 'RSI_OVERSOLD']","[552, 542, 462, 327, 325]"
poland,ACG.WA,1d,"['RSI_OVERSOLD', 'rebound', 'RSI_OVERSOLD', 'rebound', 'inverted_hammer']","[84, 64, 62, 61, 14]"
poland,ACP.WA,1d,"['RSI_OVERSOLD', 'hammer', 'hammer', 'RSI_OVERSOLD', 'RSI_OVERSOLD']","[1155, 1081, 1003, 996, 171]"
poland,ACT.WA,1d,"['hammer', 'RSI_OVERSOLD', 'RSI_OVERSOLD', 'rebound', 'rebound']","[531, 500, 486, 485, 484]"
poland,ADV.WA,1d,"['rebound', 'RSI_OVERSOLD', 'hammer', 'RSI_OVERSOLD', 'hammer']","[222, 200, 197, 69, 61]"
poland,ADX.WA,1d,"['engulfing', 'RSI_OVERSOLD', 'inverted_hammer', 'hammer', 'RSI_OVERSOLD']","[345, 342, 222, 215, 174]"
poland,AGO.WA,1d,"['hammer', 'RSI_OVERSOLD', 'RSI_OVERSOLD', 'RSI_OVERSOLD', 'RSI_OVERSOLD']","[471, 470, 265, 139, 133]"
poland,AGT.WA,1d,"['RSI_OVERSOLD', 'RSI_OVERSOLD', 'RSI_OVERSOLD', 'RSI_OVERSOLD', 'engulfing']","[771, 694, 127, 36, 31]"
poland,AIN.WA,1d,"['RSI_OVERSOLD', 'RSI_OVERSOLD', 'RSI_OVERSOLD', 'RSI_OVERSOLD', 'rebound']","[871, 848, 841, 830, 816]"
poland,ALE.WA,1d,"['hammer', 'RSI_OVERSOLD', 'rebound', 'RSI_OVERSOLD', 'RSI_OVERSOLD']","[830, 472, 469, 221, 152]"
poland,ALG.WA,1d,"['inverted_hammer, RSI_OVERSOLD', 'hammer', 'RSI_OVERSOLD', 'hammer', 'RSI_OVERSOLD']","[668, 504, 371, 354, 198]"
poland,ALI.WA,1d,"['rebound', 'RSI_OVERSOLD', 'inverted_hammer', 'RSI_OVERSOLD', 'inverted_hammer']","[565, 544, 336, 150, 135]"
poland,ALL.WA,1d,"['rebound', 'RSI_OVERSOLD', 'RSI_OVERSOLD', 'RSI_OVERSOLD', 'RSI_OVERSOLD']","[641, 342, 235, 226, 65]"
poland,ALR.WA,1d,"['rebound', 'RSI_OVERSOLD', 'RSI_OVERSOLD', 'hammer, RSI_OVERSOLD', 'hammer']","[1103, 1081, 1067, 887, 153]"
poland,AMB.WA,1d,"['RSI_OVERSOLD', 'RSI_OVERSOLD', 'RSI_OVERSOLD', 'RSI_OVERSOLD', 'RSI_OVERSOLD']","[445, 287, 264, 199, 82]"
poland,AMC.WA,1d,"['RSI_OVERSOLD', 'RSI_OVERSOLD', 'inverted_hammer', 'hammer', 'RSI_OVERSOLD']","[449, 445, 274, 265, 263]"
poland,ANR.WA,1d,"['hammer', 'RSI_OVERSOLD', 'RSI_OVERSOLD', 'rebound', 'engulfing']","[153, 152, 130, 118, 78]"
poland,APE.WA,1d,"['rebound', 'RSI_OVERSOLD', 'RSI_OVERSOLD', 'rebound', 'RSI_OVERSOLD']","[538, 304, 209, 201, 196]"
poland,APL.WA,1d,"['RSI_OVERSOLD', 'RSI_OVERSOLD', 'RSI_OVERSOLD', 'rebound', 'RSI_OVERSOLD']","[393, 373, 319, 304, 206]"
poland,APN.WA,1d,"['hammer', 'inverted_hammer', 'RSI_OVERSOLD', 'RSI_OVERSOLD', 'hammer']","[1634, 1494, 1488, 1160, 1153]"
poland,APR.WA,1d,"['RSI_OVERSOLD', 'RSI_OVERSOLD', 'RSI_OVERSOLD', 'RSI_OVERSOLD', 'RSI_OVERSOLD, rebound']","[449, 436, 264, 222, 218]"
poland,APT.WA,1d,"['hammer', 'RSI_OVERSOLD', 'RSI_OVERSOLD', 'RSI_OVERSOLD', 'RSI_OVERSOLD']","[1096, 945, 757, 469, 16]"
poland,ARH.WA,1d,"['hammer', 'hammer', 'RSI_OVERSOLD', 'RSI_OVERSOLD', 'inverted_hammer']","[1265, 1215, 555, 542, 532]"
poland,ARL.WA,1d,"['RSI_OVERSOLD', 'hammer', 'RSI_OVERSOLD', 'RSI_OVERSOLD', 'RSI_OVERSOLD']","[94, 73, 65, 60, 4]"
poland,ART.WA,1d,"['RSI_OVERSOLD', 'RSI_OVERSOLD', 'rebound', 'engulfing', 'RSI_OVERSOLD']","[475, 471, 469, 467, 200]"
poland,ASB.WA,1d,"['RSI_OVERSOLD', 'hammer', 'hammer', 'RSI_OVERSOLD', 'RSI_OVERSOLD']","[638, 613, 542, 539, 449]"
poland,ASE.WA,1d,"['hammer', 'RSI_OVERSOLD', 'inverted_hammer', 'RSI_OVERSOLD', 'engulfing']","[1491, 1078, 1074, 278, 275]"
poland,ASM.WA,1d,"['rebound', 'hammer', 'RSI_OVERSOLD', 'rebound', 'RSI_OVERSOLD']","[1393, 1374, 1293, 1292, 90]"
poland,AST.WA,1d,"['hammer', 'RSI_OVERSOLD', 'RSI_OVERSOLD', 'RSI_OVERSOLD', 'rebound']","[270, 269, 26, 16, 15]"
poland,ATC.WA,1d,"['rebound', 'rebound', 'RSI_OVERSOLD', 'RSI_OVERSOLD', 'hammer']","[109, 107, 17, 10, 6]"
poland,ATD.WA,1d,"['engulfing', 'rebound', 'RSI_OVERSOLD', 'inverted_hammer, RSI_OVERSOLD', 'inverted_hammer']","[460, 453, 222, 198, 100]"
poland,ATG.WA,1d,"['inverted_hammer', 'inverted_hammer', 'engulfing', 'hammer', 'RSI_OVERSOLD']","[257, 208, 207, 79, 5]"
poland,ATP.WA,1d,"['RSI_OVERSOLD', 'rebound', 'engulfing', 'RSI_OVERSOLD', 'inverted_hammer']","[325, 324, 322, 318, 201]"
poland,ATR.WA,1d,"['engulfing', 'hammer', 'RSI_OVERSOLD', 'RSI_OVERSOLD', 'RSI_OVERSOLD']","[541, 153, 152, 143, 24]"
poland,ATS.WA,1d,"['RSI_OVERSOLD', 'RSI_OVERSOLD', 'RSI_OVERSOLD', 'RSI_OVERSOLD', 'rebound']","[199, 147, 135, 111, 67]"
poland,ATT.WA,1d,"['rebound', 'rebound', 'RSI_OVERSOLD', 'RSI_OVERSOLD', 'engulfing']","[558, 542, 377, 309, 305]"
poland,AWM.WA,1d,"['RSI_OVERSOLD', 'RSI_OVERSOLD', 'hammer, rebound', 'hammer', 'RSI_OVERSOLD']","[555, 219, 210, 151, 150]"
poland,BBD.WA,1d,"['hammer', 'RSI_OVERSOLD', 'RSI_OVERSOLD', 'hammer', 'RSI_OVERSOLD']","[1098, 977, 972, 470, 465]"
poland,BBT.WA,1d,"['hammer', 'rebound', 'RSI_OVERSOLD', 'RSI_OVERSOLD', 'RSI_OVERSOLD']","[452, 446, 376, 200, 54]"
poland,BCM.WA,1d,"['inverted_hammer', 'RSI_OVERSOLD, rebound', 'RSI_OVERSOLD', 'RSI_OVERSOLD', 'hammer']","[556, 555, 552, 543, 219]"
poland,BCS.WA,1d,"['piercing_line', 'RSI_OVERSOLD', 'engulfing', 'RSI_OVERSOLD', 'RSI_OVERSOLD']","[233, 130, 104, 22, 20]"
poland,BCX.WA,1d,"['engulfing', 'RSI_OVERSOLD', 'RSI_OVERSOLD', 'RSI_OVERSOLD', 'RSI_OVERSOLD, rebound']","[137, 134, 48, 13, 1]"
poland,BDF.WA,1d,"['engulfing', 'rebound', 'RSI_OVERSOLD', 'RSI_OVERSOLD', 'RSI_OVERSOLD']","[460, 456, 450, 445, 309]"
poland,BDX.WA,1d,"['RSI_OVERSOLD', 'inverted_hammer', 'RSI_OVERSOLD', 'hammer', 'RSI_OVERSOLD']","[541, 477, 449, 142, 139]"
poland,BFT.WA,1d,"['RSI_OVERSOLD', 'RSI_OVERSOLD', 'RSI_OVERSOLD', 'RSI_OVERSOLD', 'RSI_OVERSOLD']","[1311, 1256, 1155, 565, 137]"
poland,BHW.WA,1d,"['rebound', 'RSI_OVERSOLD', 'RSI_OVERSOLD', 'hammer', 'inverted_hammer']","[1649, 1625, 1155, 1107, 1065]"
poland,BIO.WA,1d,"['RSI_OVERSOLD', 'RSI_OVERSOLD', 'hammer', 'RSI_OVERSOLD', 'hammer']","[221, 198, 94, 15, 14]"
poland,BIP.WA,1d,"['rebound', 'RSI_OVERSOLD', 'RSI_OVERSOLD', 'RSI_OVERSOLD', 'rebound']","[359, 16, 12, 10, 7]"
poland,BLO.WA,1d,"['RSI_OVERSOLD', 'inverted_hammer', 'RSI_OVERSOLD', 'hammer', 'RSI_OVERSOLD']","[377, 163, 162, 12, 8]"
poland,BMC.WA,1d,"['RSI_OVERSOLD', 'RSI_OVERSOLD', 'RSI_OVERSOLD', 'RSI_OVERSOLD', 'rebound']","[489, 449, 383, 217, 213]"
poland,BMX.WA,1d,"['RSI_OVERSOLD', 'hammer', 'RSI_OVERSOLD, rebound', 'rebound', 'hammer']","[104, 98, 91, 87, 63]"
poland,BNP.WA,1d,"['rebound', 'inverted_hammer', 'RSI_OVERSOLD', 'RSI_OVERSOLD', 'hammer']","[1155, 1027, 1014, 919, 254]"
poland,BOS.WA,1d,"['RSI_OVERSOLD', 'RSI_OVERSOLD', 'RSI_OVERSOLD', 'RSI_OVERSOLD', 'RSI_OVERSOLD']","[496, 377, 344, 197, 72]"
poland,BOW.WA,1d,"['rebound', 'inverted_hammer', 'hammer', 'RSI_OVERSOLD', 'RSI_OVERSOLD']","[457, 456, 207, 197, 1]"
poland,BRS.WA,1d,"['RSI_OVERSOLD', 'hammer', 'rebound', 'hammer, rebound', 'RSI_OVERSOLD']","[391, 388, 385, 384, 205]"
poland,BST.WA,1d,"['RSI_OVERSOLD', 'hammer', 'hammer', 'RSI_OVERSOLD', 'rebound']","[330, 276, 271, 137, 132]"
poland,CAP.WA,1d,"['RSI_OVERSOLD', 'engulfing', 'RSI_OVERSOLD', 'rebound', 'RSI_OVERSOLD, rebound']","[201, 197, 196, 193, 183]"
poland,CAR.WA,1d,"['RSI_OVERSOLD', 'RSI_OVERSOLD', 'RSI_OVERSOLD', 'hammer', 'RSI_OVERSOLD']","[783, 746, 683, 642, 378]"
poland,CAV.WA,1d,"['RSI_OVERSOLD', 'rebound', 'RSI_OVERSOLD', 'rebound', 'RSI_OVERSOLD']","[299, 289, 278, 276, 109]"
poland,CBF.WA,1d,"['RSI_OVERSOLD', 'inverted_hammer', 'RSI_OVERSOLD', 'inverted_hammer', 'RSI_OVERSOLD']","[1163, 1115, 991, 395, 158]"
poland,CCE.WA,1d,"['RSI_OVERSOLD', 'rebound', 'RSI_OVERSOLD', 'RSI_OVERSOLD', 'RSI_OVERSOLD']","[487, 484, 367, 342, 242]"
poland,CDL.WA,1d,"['hammer', 'inverted_hammer', 'inverted_hammer', 'hammer', 'RSI_OVERSOLD']","[701, 700, 196, 169, 168]"
poland,CDR.WA,1d,"['RSI_OVERSOLD', 'RSI_OVERSOLD', 'hammer', 'RSI_OVERSOLD', 'RSI_OVERSOLD']","[680, 222, 221, 94, 91]"
poland,CEZ.WA,1d,"['RSI_OVERSOLD', 'hammer, RSI_OVERSOLD', 'hammer', 'RSI_OVERSOLD, rebound', 'RSI_OVERSOLD']","[698, 675, 664, 663, 182]"
poland,CFI.WA,1d,"['RSI_OVERSOLD', 'RSI_OVERSOLD', 'rebound', 'RSI_OVERSOLD', 'rebound']","[542, 319, 313, 123, 119]"
poland,CIG.WA,1d,"['RSI_OVERSOLD', 'rebound', 'RSI_OVERSOLD', 'RSI_OVERSOLD', 'RSI_OVERSOLD']","[452, 449, 198, 85, 75]"
poland,CLC.WA,1d,"['RSI_OVERSOLD', 'RSI_OVERSOLD', 'rebound', 'engulfing', 'RSI_OVERSOLD']","[135, 90, 89, 77, 52]"
poland,CLD.WA,1d,"['RSI_OVERSOLD', 'rebound', 'hammer', 'hammer', 'RSI_OVERSOLD']","[458, 456, 455, 140, 133]"
poland,CLE.WA,1d,"['inverted_hammer', 'RSI_OVERSOLD', 'inverted_hammer', 'inverted_hammer', 'RSI_OVERSOLD']","[116, 103, 40, 37, 30]"
poland,CLN.WA,1d,"['RSI_OVERSOLD', 'rebound', 'RSI_OVERSOLD', 'RSI_OVERSOLD', 'RSI_OVERSOLD']","[218, 203, 198, 140, 12]"
poland,CMP.WA,1d,"['hammer', 'RSI_OVERSOLD', 'hammer', 'RSI_OVERSOLD', 'inverted_hammer']","[1004, 974, 221, 217, 16]"
poland,COG.WA,1d,"['rebound', 'RSI_OVERSOLD', 'RSI_OVERSOLD', 'hammer', 'RSI_OVERSOLD']","[513, 471, 294, 225, 218]"
poland,CPD.WA,1d,"['RSI_OVERSOLD', 'RSI_OVERSOLD', 'RSI_OVERSOLD', 'rebound', 'engulfing']","[75, 49, 19, 10, 7]"
poland,CPI.WA,1d,"['RSI_OVERSOLD', 'rebound', 'RSI_OVERSOLD', 'RSI_OVERSOLD', 'RSI_OVERSOLD']","[288, 227, 141, 82, 34]"
poland,CPL.WA,1d,"['RSI_OVERSOLD', 'rebound', 'hammer', 'RSI_OVERSOLD', 'inverted_hammer']","[471, 470, 381, 173, 164]"
poland,CPR.WA,1d,"['rebound', 'engulfing', 'rebound', 'RSI_OVERSOLD', 'RSI_OVERSOLD']","[450, 444, 308, 288, 286]"
poland,CPS.WA,1d,"['RSI_OVERSOLD', 'RSI_OVERSOLD', 'RSI_OVERSOLD', 'RSI_OVERSOLD, rebound', 'RSI_OVERSOLD']","[270, 265, 230, 219, 139]"
poland,CRC.WA,1d,"['rebound', 'RSI_OVERSOLD', 'hammer', 'RSI_OVERSOLD', 'hammer']","[380, 378, 377, 376, 210]"
poland,CRI.WA,1d,"['rebound', 'RSI_OVERSOLD', 'engulfing', 'RSI_OVERSOLD', 'rebound']","[749, 698, 695, 503, 500]"
poland,CRJ.WA,1d,"['RSI_OVERSOLD', 'hammer', 'rebound', 'RSI_OVERSOLD, rebound', 'RSI_OVERSOLD']","[484, 475, 471, 463, 67]"
poland,CRM.WA,1d,"['RSI_OVERSOLD', 'RSI_OVERSOLD', 'hammer', 'RSI_OVERSOLD', 'hammer, RSI_OVERSOLD']","[471, 252, 242, 229, 218]"
poland,CRQ.WA,1d,"['hammer', 'RSI_OVERSOLD']","[50, 24]"
poland,CSR.WA,1d,"['rebound', 'RSI_OVERSOLD', 'rebound', 'rebound', 'RSI_OVERSOLD']","[397, 393, 390, 369, 307]"
poland,CTS.WA,1d,"['RSI_OVERSOLD', 'rebound', 'rebound', 'RSI_OVERSOLD', 'RSI_OVERSOLD']","[403, 389, 369, 209, 50]"
poland,CTX.WA,1d,"['rebound', 'RSI_OVERSOLD', 'inverted_hammer', 'hammer', 'RSI_OVERSOLD']","[376, 272, 139, 61, 44]"
poland,CZT.WA,1d,"['RSI_OVERSOLD', 'rebound', 'RSI_OVERSOLD, rebound', 'RSI_OVERSOLD, rebound', 'RSI_OVERSOLD']","[210, 203, 202, 196, 143]"
poland,DAD.WA,1d,"['RSI_OVERSOLD', 'RSI_OVERSOLD', 'RSI_OVERSOLD', 'RSI_OVERSOLD', 'inverted_hammer']","[1012, 1002, 702, 519, 228]"
poland,DAT.WA,1d,"['inverted_hammer, RSI_OVERSOLD', 'RSI_OVERSOLD', 'RSI_OVERSOLD', 'RSI_OVERSOLD', 'RSI_OVERSOLD']","[644, 536, 495, 240, 216]"
poland,DBC.WA,1d,"['RSI_OVERSOLD', 'RSI_OVERSOLD', 'RSI_OVERSOLD', 'RSI_OVERSOLD', 'rebound']","[979, 783, 469, 377, 376]"
poland,DBE.WA,1d,"['hammer', 'RSI_OVERSOLD', 'RSI_OVERSOLD', 'RSI_OVERSOLD', 'RSI_OVERSOLD']","[323, 302, 277, 207, 1]"
poland,DCR.WA,1d,"['RSI_OVERSOLD', 'RSI_OVERSOLD, rebound', 'hammer', 'RSI_OVERSOLD', 'inverted_hammer']","[551, 542, 463, 152, 139]"
poland,DEK.WA,1d,"['RSI_OVERSOLD', 'RSI_OVERSOLD', 'RSI_OVERSOLD', 'hammer', 'RSI_OVERSOLD, rebound']","[143, 88, 15, 14, 11]"
poland,DEL.WA,1d,"['hammer', 'RSI_OVERSOLD', 'RSI_OVERSOLD', 'rebound', 'RSI_OVERSOLD']","[581, 446, 383, 379, 133]"
poland,DGA.WA,1d,"['RSI_OVERSOLD', 'hammer', 'RSI_OVERSOLD', 'rebound', 'RSI_OVERSOLD']","[196, 152, 57, 50, 25]"
poland,DGE.WA,1d,"['RSI_OVERSOLD', 'RSI_OVERSOLD', 'RSI_OVERSOLD', 'hammer', 'inverted_hammer, RSI_OVERSOLD']","[1015, 644, 376, 299, 288]"
poland,DIA.WA,1d,"['RSI_OVERSOLD', 'RSI_OVERSOLD']","[245, 209]"
poland,DIG.WA,1d,"['RSI_OVERSOLD, rebound', 'rebound', 'hammer', 'RSI_OVERSOLD', 'RSI_OVERSOLD']","[1652, 1650, 842, 376, 248]"
poland,DMG.WA,1d,"['RSI_OVERSOLD', 'hammer', 'rebound', 'rebound', 'RSI_OVERSOLD']","[207, 206, 204, 199, 117]"
poland,DNP.WA,1d,"['RSI_OVERSOLD', 'RSI_OVERSOLD', 'RSI_OVERSOLD', 'RSI_OVERSOLD', 'RSI_OVERSOLD']","[542, 257, 209, 134, 107]"
poland,DOM.WA,1d,"['inverted_hammer', 'RSI_OVERSOLD', 'RSI_OVERSOLD', 'RSI_OVERSOLD', 'piercing_line, rebound']","[443, 152, 149, 140, 138]"
poland,DTR.WA,1d,"['RSI_OVERSOLD', 'hammer', 'RSI_OVERSOLD', 'RSI_OVERSOLD, rebound', 'rebound']","[73, 25, 17, 14, 11]"
poland,DVL.WA,1d,"['rebound', 'RSI_OVERSOLD', 'inverted_hammer', 'RSI_OVERSOLD', 'RSI_OVERSOLD']","[1078, 542, 326, 17, 13]"
poland,EAH.WA,1d,"['RSI_OVERSOLD', 'RSI_OVERSOLD', 'rebound', 'RSI_OVERSOLD', 'RSI_OVERSOLD']","[429, 377, 376, 204, 92]"
poland,EAT.WA,1d,"['rebound', 'inverted_hammer', 'RSI_OVERSOLD', 'rebound', 'RSI_OVERSOLD']","[436, 432, 223, 221, 153]"
poland,EBP.WA,1d,"['RSI_OVERSOLD', 'RSI_OVERSOLD', 'RSI_OVERSOLD', 'RSI_OVERSOLD', 'RSI_OVERSOLD']","[1148, 1107, 542, 516, 514]"
poland,ECB.WA,1d,"['RSI_OVERSOLD, rebound', 'RSI_OVERSOLD', 'rebound', 'hammer', 'RSI_OVERSOLD']","[211, 209, 206, 195, 175]"
poland,ECH.WA,1d,"['piercing_line', 'rebound', 'hammer', 'RSI_OVERSOLD', 'RSI_OVERSOLD']","[1650, 1147, 1106, 552, 542]"
poland,EDI.WA,1d,"['rebound', 'inverted_hammer', 'rebound', 'hammer', 'RSI_OVERSOLD']","[640, 527, 486, 257, 234]"
poland,EFK.WA,1d,"['rebound', 'RSI_OVERSOLD', 'RSI_OVERSOLD, rebound', 'RSI_OVERSOLD', 'RSI_OVERSOLD']","[396, 322, 315, 287, 66]"
poland,EHG.WA,1d,"['RSI_OVERSOLD', 'RSI_OVERSOLD', 'hammer', 'RSI_OVERSOLD', 'inverted_hammer']","[501, 450, 448, 198, 176]"
poland,EKP.WA,1d,"['rebound', 'hammer', 'RSI_OVERSOLD', 'RSI_OVERSOLD', 'engulfing']","[211, 139, 111, 107, 106]"
poland,ELT.WA,1d,"['RSI_OVERSOLD', 'RSI_OVERSOLD', 'RSI_OVERSOLD', 'RSI_OVERSOLD', 'hammer']","[1155, 1007, 216, 211, 201]"
poland,ENA.WA,1d,"['RSI_OVERSOLD', 'rebound', 'rebound', 'RSI_OVERSOLD', 'RSI_OVERSOLD']","[1008, 996, 994, 771, 275]"
poland,ENE.WA,1d,"['RSI_OVERSOLD', 'hammer', 'hammer', 'hammer', 'RSI_OVERSOLD']","[454, 413, 411, 385, 331]"
poland,ENG.WA,1d,"['RSI_OVERSOLD', 'RSI_OVERSOLD', 'RSI_OVERSOLD', 'rebound', 'RSI_OVERSOLD']","[396, 385, 378, 375, 151]"
poland,ENI.WA,1d,"['RSI_OVERSOLD', 'hammer', 'RSI_OVERSOLD', 'hammer', 'rebound']","[207, 152, 82, 39, 6]"
poland,ENP.WA,1d,"['RSI_OVERSOLD, rebound', 'RSI_OVERSOLD', 'RSI_OVERSOLD', 'RSI_OVERSOLD', 'RSI_OVERSOLD, rebound']","[750, 563, 473, 34, 21]"
poland,ENT.WA,1d,"['RSI_OVERSOLD', 'engulfing', 'RSI_OVERSOLD', 'inverted_hammer', 'engulfing']","[450, 447, 133, 74, 14]"
poland,EQU.WA,1d,"['rebound', 'RSI_OVERSOLD', 'rebound', 'hammer', 'inverted_hammer']","[535, 413, 401, 360, 348]"
poland,ERB.WA,1d,"['RSI_OVERSOLD', 'RSI_OVERSOLD', 'rebound', 'RSI_OVERSOLD', 'rebound']","[103, 51, 19, 15, 13]"
poland,ERG.WA,1d,"['inverted_hammer, RSI_OVERSOLD', 'rebound', 'RSI_OVERSOLD', 'RSI_OVERSOLD', 'inverted_hammer']","[214, 213, 204, 133, 64]"
poland,EST.WA,1d,['RSI_OVERSOLD'],[2182]
poland,ETL.WA,1d,"['hammer', 'hammer', 'RSI_OVERSOLD', 'RSI_OVERSOLD', 'rebound']","[367, 242, 145, 112, 103]"
poland,EUC.WA,1d,"['RSI_OVERSOLD', 'RSI_OVERSOLD', 'rebound', 'engulfing', 'RSI_OVERSOLD']","[291, 148, 145, 135, 133]"
poland,EUR.WA,1d,"['hammer', 'hammer', 'RSI_OVERSOLD', 'RSI_OVERSOLD', 'RSI_OVERSOLD']","[197, 153, 139, 112, 88]"
poland,FAB.WA,1d,"['RSI_OVERSOLD, rebound', 'RSI_OVERSOLD', 'inverted_hammer', 'RSI_OVERSOLD', 'RSI_OVERSOLD']","[541, 456, 421, 376, 201]"
poland,FEE.WA,1d,"['hammer', 'RSI_OVERSOLD', 'RSI_OVERSOLD', 'RSI_OVERSOLD', 'hammer']","[1453, 1254, 1195, 1008, 877]"
poland,FHB.WA,1d,"['engulfing', 'inverted_hammer', 'RSI_OVERSOLD', 'RSI_OVERSOLD', 'RSI_OVERSOLD']","[138, 122, 111, 62, 57]"
poland,FMG.WA,1d,"['hammer', 'RSI_OVERSOLD', 'RSI_OVERSOLD', 'rebound', 'piercing_line']","[417, 294, 203, 198, 197]"
poland,FON.WA,1d,"['RSI_OVERSOLD, rebound', 'RSI_OVERSOLD', 'rebound', 'inverted_hammer', 'RSI_OVERSOLD']","[196, 189, 159, 141, 137]"
poland,FOR.WA,1d,"['RSI_OVERSOLD', 'hammer', 'hammer, rebound', 'inverted_hammer', 'RSI_OVERSOLD']","[207, 202, 200, 129, 4]"
poland,FRO.WA,1d,"['RSI_OVERSOLD', 'rebound', 'RSI_OVERSOLD', 'RSI_OVERSOLD', 'RSI_OVERSOLD']","[214, 212, 197, 135, 16]"
poland,FSG.WA,1d,"['RSI_OVERSOLD', 'inverted_hammer', 'RSI_OVERSOLD', 'RSI_OVERSOLD', 'rebound']","[446, 445, 372, 370, 357]"
poland,FTE.WA,1d,"['RSI_OVERSOLD', 'RSI_OVERSOLD', 'rebound', 'RSI_OVERSOLD', 'rebound']","[94, 73, 71, 63, 56]"
poland,GIF.WA,1d,"['RSI_OVERSOLD', 'RSI_OVERSOLD', 'RSI_OVERSOLD', 'RSI_OVERSOLD', 'rebound']","[284, 213, 17, 10, 3]"
poland,GKI.WA,1d,"['RSI_OVERSOLD', 'RSI_OVERSOLD', 'inverted_hammer', 'RSI_OVERSOLD', 'inverted_hammer']","[545, 539, 447, 145, 141]"
poland,GMT.WA,1d,"['RSI_OVERSOLD', 'rebound', 'RSI_OVERSOLD', 'RSI_OVERSOLD', 'RSI_OVERSOLD']","[204, 201, 198, 52, 6]"
poland,GNS.WA,1d,"['RSI_OVERSOLD', 'RSI_OVERSOLD', 'RSI_OVERSOLD', 'RSI_OVERSOLD', 'RSI_OVERSOLD']","[217, 197, 95, 65, 55]"
poland,GOB.WA,1d,"['RSI_OVERSOLD', 'inverted_hammer', 'inverted_hammer', 'RSI_OVERSOLD', 'rebound']","[446, 373, 291, 203, 202]"
poland,GOP.WA,1d,"['RSI_OVERSOLD', 'RSI_OVERSOLD, rebound', 'rebound', 'rebound', 'RSI_OVERSOLD']","[218, 212, 211, 201, 57]"
poland,GPP.WA,1d,"['RSI_OVERSOLD', 'rebound', 'rebound', 'RSI_OVERSOLD', 'rebound']","[226, 222, 221, 164, 149]"
poland,GPW.WA,1d,"['RSI_OVERSOLD', 'engulfing', 'RSI_OVERSOLD', 'hammer', 'engulfing']","[1115, 1006, 1003, 549, 16]"
poland,GRM.WA,1d,"['engulfing', 'RSI_OVERSOLD', 'hammer', 'hammer', 'RSI_OVERSOLD']","[200, 149, 13, 6, 1]"
poland,GRN.WA,1d,"['RSI_OVERSOLD', 'RSI_OVERSOLD', 'RSI_OVERSOLD', 'RSI_OVERSOLD', 'hammer']","[755, 751, 692, 547, 374]"
poland,GRX.WA,1d,"['RSI_OVERSOLD', 'RSI_OVERSOLD', 'RSI_OVERSOLD', 'RSI_OVERSOLD', 'RSI_OVERSOLD']","[542, 532, 516, 511, 344]"
poland,GTC.WA,1d,"['RSI_OVERSOLD', 'hammer', 'RSI_OVERSOLD', 'hammer, RSI_OVERSOLD', 'rebound']","[210, 205, 143, 85, 82]"
poland,GTN.WA,1d,"['rebound', 'rebound', 'RSI_OVERSOLD', 'rebound', 'engulfing']","[78, 70, 19, 16, 14]"
poland,GVT.WA,1d,"['RSI_OVERSOLD', 'RSI_OVERSOLD', 'rebound', 'inverted_hammer', 'engulfing']","[376, 357, 350, 331, 199]"
poland,HDR.WA,1d,"['RSI_OVERSOLD', 'rebound', 'RSI_OVERSOLD', 'RSI_OVERSOLD', 'RSI_OVERSOLD']","[83, 69, 66, 64, 18]"
poland,HEL.WA,1d,"['hammer', 'RSI_OVERSOLD', 'rebound', 'RSI_OVERSOLD', 'inverted_hammer']","[497, 489, 488, 409, 1]"
poland,HRP.WA,1d,"['RSI_OVERSOLD', 'RSI_OVERSOLD', 'RSI_OVERSOLD', 'RSI_OVERSOLD', 'RSI_OVERSOLD']","[606, 469, 449, 233, 138]"
poland,HRS.WA,1d,"['RSI_OVERSOLD', 'RSI_OVERSOLD', 'RSI_OVERSOLD', 'RSI_OVERSOLD', 'RSI_OVERSOLD']","[487, 485, 483, 377, 30]"
poland,HUB.WA,1d,"['hammer', 'engulfing', 'RSI_OVERSOLD', 'hammer', 'RSI_OVERSOLD']","[448, 445, 443, 215, 145]"
poland,HUG.WA,1d,"['RSI_OVERSOLD', 'RSI_OVERSOLD', 'RSI_OVERSOLD', 'engulfing', 'RSI_OVERSOLD']","[605, 600, 589, 542, 506]"
poland,IBS.WA,1d,"['hammer', 'hammer', 'RSI_OVERSOLD', 'RSI_OVERSOLD', 'RSI_OVERSOLD']","[93, 65, 64, 56, 34]"
poland,ICE.WA,1d,"['rebound', 'engulfing', 'RSI_OVERSOLD', 'hammer', 'RSI_OVERSOLD']","[610, 455, 450, 343, 23]"
poland,IDM.WA,1d,"['RSI_OVERSOLD', 'rebound', 'hammer', 'RSI_OVERSOLD', 'rebound']","[217, 202, 145, 15, 5]"
poland,IFI.WA,1d,"['RSI_OVERSOLD', 'RSI_OVERSOLD', 'RSI_OVERSOLD', 'RSI_OVERSOLD', 'RSI_OVERSOLD']","[501, 226, 222, 85, 65]"
poland,IFR.WA,1d,"['RSI_OVERSOLD', 'RSI_OVERSOLD', 'RSI_OVERSOLD', 'RSI_OVERSOLD', 'hammer']","[986, 893, 181, 171, 27]"
poland,IMC.WA,1d,"['rebound', 'hammer', 'hammer', 'RSI_OVERSOLD', 'inverted_hammer']","[612, 603, 599, 254, 195]"
poland,IMP.WA,1d,"['RSI_OVERSOLD', 'RSI_OVERSOLD', 'RSI_OVERSOLD', 'inverted_hammer', 'hammer']","[785, 755, 373, 200, 86]"
poland,IMS.WA,1d,"['RSI_OVERSOLD', 'RSI_OVERSOLD', 'RSI_OVERSOLD', 'RSI_OVERSOLD', 'rebound']","[268, 264, 197, 134, 132]"
poland,INC.WA,1d,"['rebound', 'RSI_OVERSOLD', 'hammer', 'RSI_OVERSOLD', 'RSI_OVERSOLD']","[445, 444, 377, 357, 236]"
poland,ING.WA,1d,"['RSI_OVERSOLD', 'inverted_hammer', 'RSI_OVERSOLD', 'inverted_hammer', 'hammer']","[516, 482, 464, 278, 148]"
poland,INK.WA,1d,"['RSI_OVERSOLD', 'RSI_OVERSOLD', 'RSI_OVERSOLD', 'hammer', 'hammer']","[543, 517, 480, 212, 208]"
poland,INL.WA,1d,"['rebound', 'RSI_OVERSOLD', 'RSI_OVERSOLD', 'RSI_OVERSOLD', 'RSI_OVERSOLD']","[376, 334, 233, 226, 130]"
poland,INP.WA,1d,"['RSI_OVERSOLD', 'hammer', 'RSI_OVERSOLD', 'RSI_OVERSOLD', 'hammer']","[492, 158, 156, 134, 133]"
poland,IPE.WA,1d,"['RSI_OVERSOLD', 'hammer', 'RSI_OVERSOLD', 'inverted_hammer', 'RSI_OVERSOLD']","[1001, 888, 542, 541, 446]"
poland,IPO.WA,1d,"['RSI_OVERSOLD', 'hammer', 'RSI_OVERSOLD', 'RSI_OVERSOLD', 'rebound']","[1029, 832, 518, 197, 49]"
poland,ITB.WA,1d,"['engulfing', 'inverted_hammer, RSI_OVERSOLD', 'inverted_hammer', 'RSI_OVERSOLD', 'RSI_OVERSOLD']","[401, 314, 196, 142, 86]"
poland,IZB.WA,1d,"['rebound', 'RSI_OVERSOLD', 'rebound', 'RSI_OVERSOLD', 'RSI_OVERSOLD']","[247, 197, 196, 149, 128]"
poland,IZO.WA,1d,"['hammer', 'RSI_OVERSOLD', 'hammer', 'hammer, RSI_OVERSOLD', 'rebound']","[1075, 1006, 944, 854, 852]"
poland,IZS.WA,1d,"['RSI_OVERSOLD', 'RSI_OVERSOLD', 'RSI_OVERSOLD', 'RSI_OVERSOLD', 'RSI_OVERSOLD']","[1025, 749, 446, 376, 336]"
poland,JMT.WA,1d,"['RSI_OVERSOLD', 'RSI_OVERSOLD', 'rebound', 'rebound', 'inverted_hammer']","[285, 200, 90, 64, 3]"
poland,JRH.WA,1d,"['hammer', 'engulfing', 'RSI_OVERSOLD', 'RSI_OVERSOLD', 'RSI_OVERSOLD']","[196, 68, 62, 40, 35]"
poland,JSW.WA,1d,"['RSI_OVERSOLD', 'RSI_OVERSOLD', 'RSI_OVERSOLD', 'hammer', 'engulfing']","[448, 327, 206, 199, 198]"
poland,JWW.WA,1d,"['RSI_OVERSOLD', 'inverted_hammer, RSI_OVERSOLD', 'RSI_OVERSOLD', 'RSI_OVERSOLD', 'hammer']","[604, 600, 460, 137, 134]"
poland,KCH.WA,1d,"['RSI_OVERSOLD', 'hammer', 'RSI_OVERSOLD, rebound', 'RSI_OVERSOLD', 'RSI_OVERSOLD']","[158, 155, 144, 138, 22]"
poland,KCI.WA,1d,"['engulfing', 'engulfing', 'engulfing', 'inverted_hammer, RSI_OVERSOLD', 'hammer']","[203, 194, 160, 158, 4]"
poland,KER.WA,1d,"['RSI_OVERSOLD', 'rebound', 'hammer', 'RSI_OVERSOLD', 'RSI_OVERSOLD']","[781, 778, 776, 377, 329]"
poland,KGH.WA,1d,"['RSI_OVERSOLD', 'RSI_OVERSOLD', 'RSI_OVERSOLD', 'RSI_OVERSOLD', 'RSI_OVERSOLD']","[551, 542, 472, 448, 377]"
poland,KGL.WA,1d,"['RSI_OVERSOLD', 'RSI_OVERSOLD', 'rebound', 'RSI_OVERSOLD', 'hammer']","[253, 236, 234, 114, 66]"
poland,KGN.WA,1d,"['RSI_OVERSOLD', 'RSI_OVERSOLD', 'RSI_OVERSOLD', 'RSI_OVERSOLD', 'hammer']","[1065, 991, 630, 611, 286]"
poland,KMP.WA,1d,"['hammer', 'inverted_hammer, RSI_OVERSOLD', 'RSI_OVERSOLD', 'RSI_OVERSOLD', 'hammer']","[375, 373, 224, 129, 118]"
poland,KOM.WA,1d,"['RSI_OVERSOLD', 'RSI_OVERSOLD', 'RSI_OVERSOLD', 'piercing_line', 'hammer']","[758, 542, 472, 469, 270]"
poland,KPD.WA,1d,"['RSI_OVERSOLD', 'rebound', 'rebound', 'RSI_OVERSOLD', 'RSI_OVERSOLD']","[224, 218, 192, 115, 54]"
poland,KPL.WA,1d,"['RSI_OVERSOLD', 'hammer', 'RSI_OVERSOLD', 'hammer', 'RSI_OVERSOLD']","[316, 315, 77, 68, 66]"
poland,KRK.WA,1d,"['RSI_OVERSOLD', 'RSI_OVERSOLD', 'RSI_OVERSOLD', 'inverted_hammer', 'RSI_OVERSOLD']","[1153, 1008, 781, 780, 248]"
poland,KRU.WA,1d,"['RSI_OVERSOLD', 'RSI_OVERSOLD', 'hammer', 'hammer', 'hammer']","[400, 376, 254, 250, 101]"
poland,KSG.WA,1d,"['RSI_OVERSOLD', 'RSI_OVERSOLD', 'hammer', 'RSI_OVERSOLD', 'hammer']","[1178, 1155, 130, 7, 1]"
poland,KTY.WA,1d,"['hammer', 'RSI_OVERSOLD', 'RSI_OVERSOLD', 'RSI_OVERSOLD', 'RSI_OVERSOLD']","[989, 948, 543, 485, 376]"
poland,KVT.WA,1d,"['RSI_OVERSOLD', 'hammer', 'RSI_OVERSOLD', 'RSI_OVERSOLD', 'rebound']","[636, 632, 541, 448, 445]"
poland,LBT.WA,1d,"['RSI_OVERSOLD', 'rebound', 'RSI_OVERSOLD, rebound', 'hammer', 'RSI_OVERSOLD']","[731, 716, 711, 133, 13]"
poland,LBW.WA,1d,"['hammer', 'hammer', 'RSI_OVERSOLD', 'RSI_OVERSOLD', 'engulfing']","[549, 236, 217, 202, 196]"
poland,LEN.WA,1d,"['RSI_OVERSOLD', 'inverted_hammer', 'RSI_OVERSOLD', 'RSI_OVERSOLD', 'RSI_OVERSOLD']","[445, 187, 147, 132, 17]"
poland,LES.WA,1d,"['RSI_OVERSOLD', 'RSI_OVERSOLD', 'RSI_OVERSOLD', 'rebound', 'hammer']","[453, 195, 21, 19, 16]"
poland,LKD.WA,1d,"['RSI_OVERSOLD', 'inverted_hammer', 'inverted_hammer', 'inverted_hammer', 'hammer, RSI_OVERSOLD']","[507, 506, 359, 108, 101]"
poland,LMU.WA,1d,,
poland,LPP.WA,1d,"['RSI_OVERSOLD', 'hammer', 'RSI_OVERSOLD', 'hammer', 'RSI_OVERSOLD']","[546, 473, 377, 148, 79]"
poland,LRQ.WA,1d,"['hammer', 'RSI_OVERSOLD', 'hammer', 'RSI_OVERSOLD', 'inverted_hammer']","[942, 542, 462, 329, 222]"
poland,LSI.WA,1d,"['engulfing', 'hammer', 'inverted_hammer', 'inverted_hammer', 'inverted_hammer']","[1003, 963, 222, 172, 26]"
poland,LTX.WA,1d,"['hammer', 'RSI_OVERSOLD', 'RSI_OVERSOLD', 'RSI_OVERSOLD', 'RSI_OVERSOLD']","[609, 405, 327, 258, 197]"
poland,LWB.WA,1d,"['RSI_OVERSOLD', 'RSI_OVERSOLD', 'rebound', 'rebound', 'engulfing']","[221, 209, 208, 207, 196]"
poland,MAB.WA,1d,"['engulfing', 'rebound', 'inverted_hammer', 'RSI_OVERSOLD', 'RSI_OVERSOLD']","[208, 198, 197, 113, 110]"
poland,MAK.WA,1d,"['hammer', 'RSI_OVERSOLD', 'RSI_OVERSOLD', 'engulfing', 'RSI_OVERSOLD']","[542, 467, 377, 147, 130]"
poland,MAN.WA,1d,"['RSI_OVERSOLD', 'rebound', 'RSI_OVERSOLD', 'RSI_OVERSOLD, rebound', 'RSI_OVERSOLD']","[381, 367, 312, 309, 288]"
poland,MBK.WA,1d,"['RSI_OVERSOLD', 'RSI_OVERSOLD', 'RSI_OVERSOLD, rebound', 'RSI_OVERSOLD', 'RSI_OVERSOLD']","[1155, 1069, 1059, 888, 541]"
poland,MBR.WA,1d,"['RSI_OVERSOLD', 'RSI_OVERSOLD, rebound', 'RSI_OVERSOLD', 'RSI_OVERSOLD', 'RSI_OVERSOLD']","[1079, 542, 395, 381, 335]"
poland,MBW.WA,1d,"['RSI_OVERSOLD', 'RSI_OVERSOLD', 'RSI_OVERSOLD', 'RSI_OVERSOLD', 'RSI_OVERSOLD']","[708, 485, 342, 293, 196]"
poland,MCI.WA,1d,"['hammer', 'RSI_OVERSOLD', 'RSI_OVERSOLD', 'RSI_OVERSOLD', 'RSI_OVERSOLD']","[640, 638, 582, 542, 540]"
poland,MCR.WA,1d,"['RSI_OVERSOLD', 'inverted_hammer', 'hammer', 'RSI_OVERSOLD', 'rebound']","[207, 172, 168, 153, 152]"
poland,MDG.WA,1d,"['RSI_OVERSOLD', 'RSI_OVERSOLD', 'RSI_OVERSOLD', 'RSI_OVERSOLD', 'RSI_OVERSOLD']","[450, 377, 245, 148, 127]"
poland,MDI.WA,1d,"['RSI_OVERSOLD', 'RSI_OVERSOLD, rebound', 'rebound', 'RSI_OVERSOLD', 'inverted_hammer']","[313, 255, 242, 241, 193]"
poland,MDV.WA,1d,"['RSI_OVERSOLD', 'hammer', 'RSI_OVERSOLD', 'RSI_OVERSOLD', 'RSI_OVERSOLD']","[291, 248, 243, 210, 129]"
poland,MEG.WA,1d,"['RSI_OVERSOLD', 'RSI_OVERSOLD', 'RSI_OVERSOLD', 'RSI_OVERSOLD', 'RSI_OVERSOLD']","[169, 135, 91, 70, 38]"
poland,MEX.WA,1d,"['RSI_OVERSOLD', 'RSI_OVERSOLD', 'RSI_OVERSOLD', 'inverted_hammer', 'RSI_OVERSOLD']","[368, 350, 275, 128, 96]"
poland,MFO.WA,1d,"['engulfing', 'RSI_OVERSOLD', 'RSI_OVERSOLD', 'hammer', 'RSI_OVERSOLD']","[879, 579, 298, 138, 83]"
poland,MGT.WA,1d,"['hammer', 'RSI_OVERSOLD', 'rebound', 'RSI_OVERSOLD', 'RSI_OVERSOLD']","[308, 276, 262, 258, 234]"
poland,MIL.WA,1d,"['RSI_OVERSOLD', 'RSI_OVERSOLD', 'rebound', 'RSI_OVERSOLD', 'RSI_OVERSOLD']","[1069, 1060, 1058, 888, 541]"
poland,MIR.WA,1d,"['RSI_OVERSOLD', 'RSI_OVERSOLD', 'RSI_OVERSOLD', 'RSI_OVERSOLD', 'rebound']","[139, 125, 117, 112, 111]"
poland,MLG.WA,1d,"['RSI_OVERSOLD', 'RSI_OVERSOLD', 'hammer', 'RSI_OVERSOLD, rebound', 'RSI_OVERSOLD']","[771, 765, 469, 262, 152]"
poland,MLK.WA,1d,"['RSI_OVERSOLD', 'RSI_OVERSOLD', 'RSI_OVERSOLD', 'inverted_hammer', 'RSI_OVERSOLD']","[1155, 1025, 747, 93, 35]"
poland,MLP.WA,1d,"['rebound', 'RSI_OVERSOLD', 'RSI_OVERSOLD', 'rebound', 'RSI_OVERSOLD']","[346, 219, 140, 130, 88]"
poland,MLS.WA,1d,"['RSI_OVERSOLD', 'RSI_OVERSOLD', 'hammer', 'hammer', 'RSI_OVERSOLD']","[429, 386, 376, 270, 269]"
poland,MNC.WA,1d,"['rebound', 'RSI_OVERSOLD', 'RSI_OVERSOLD', 'RSI_OVERSOLD', 'RSI_OVERSOLD']","[1006, 839, 446, 140, 138]"
poland,MOC.WA,1d,"['RSI_OVERSOLD', 'RSI_OVERSOLD', 'RSI_OVERSOLD', 'RSI_OVERSOLD', 'RSI_OVERSOLD']","[327, 272, 233, 198, 137]"
poland,MOL.WA,1d,"['RSI_OVERSOLD', 'RSI_OVERSOLD', 'RSI_OVERSOLD', 'RSI_OVERSOLD', 'RSI_OVERSOLD']","[276, 234, 225, 187, 125]"
poland,MON.WA,1d,"['RSI_OVERSOLD', 'rebound', 'RSI_OVERSOLD', 'hammer, RSI_OVERSOLD', 'RSI_OVERSOLD']","[150, 148, 14, 12, 4]"
poland,MOV.WA,1d,"['RSI_OVERSOLD', 'hammer', 'RSI_OVERSOLD', 'RSI_OVERSOLD', 'RSI_OVERSOLD']","[58, 53, 50, 47, 25]"
poland,MQR.WA,1d,"['RSI_OVERSOLD', 'RSI_OVERSOLD', 'RSI_OVERSOLD', 'rebound', 'RSI_OVERSOLD']","[99, 90, 17, 16, 10]"
poland,MRB.WA,1d,"['RSI_OVERSOLD', 'RSI_OVERSOLD', 'RSI_OVERSOLD', 'RSI_OVERSOLD', 'RSI_OVERSOLD']","[782, 522, 174, 145, 103]"
poland,MRC.WA,1d,"['rebound', 'RSI_OVERSOLD', 'RSI_OVERSOLD', 'RSI_OVERSOLD', 'rebound']","[376, 263, 240, 230, 214]"
poland,MSP.WA,1d,"['hammer', 'hammer', 'RSI_OVERSOLD', 'rebound', 'hammer']","[477, 455, 453, 450, 83]"
poland,MSW.WA,1d,"['rebound', 'rebound', 'RSI_OVERSOLD', 'RSI_OVERSOLD', 'engulfing']","[121, 111, 96, 50, 48]"
poland,MSZ.WA,1d,"['RSI_OVERSOLD', 'RSI_OVERSOLD', 'hammer', 'RSI_OVERSOLD', 'piercing_line']","[152, 149, 60, 56, 55]"
poland,MUR.WA,1d,['RSI_OVERSOLD'],[469]
poland,MVP.WA,1d,"['inverted_hammer', 'RSI_OVERSOLD', 'rebound', 'inverted_hammer', 'inverted_hammer']","[449, 446, 445, 233, 9]"
poland,MWT.WA,1d,"['RSI_OVERSOLD', 'RSI_OVERSOLD', 'RSI_OVERSOLD, rebound', 'inverted_hammer', 'RSI_OVERSOLD']","[65, 57, 53, 50, 46]"
poland,MXC.WA,1d,"['RSI_OVERSOLD', 'engulfing', 'RSI_OVERSOLD', 'RSI_OVERSOLD', 'rebound']","[256, 252, 245, 209, 205]"
poland,MZA.WA,1d,"['RSI_OVERSOLD', 'RSI_OVERSOLD, rebound', 'rebound', 'RSI_OVERSOLD', 'rebound']","[243, 235, 233, 212, 209]"
poland,NCL.WA,1d,"['RSI_OVERSOLD', 'rebound', 'hammer', 'RSI_OVERSOLD', 'rebound']","[556, 541, 357, 220, 216]"
poland,NEU.WA,1d,"['hammer, rebound', 'RSI_OVERSOLD', 'RSI_OVERSOLD', 'RSI_OVERSOLD', 'RSI_OVERSOLD']","[542, 469, 139, 135, 12]"
poland,NNG.WA,1d,"['RSI_OVERSOLD', 'RSI_OVERSOLD', 'RSI_OVERSOLD', 'rebound', 'RSI_OVERSOLD']","[775, 477, 469, 463, 331]"
poland,NTC.WA,1d,"['hammer', 'RSI_OVERSOLD', 'RSI_OVERSOLD, rebound', 'RSI_OVERSOLD', 'RSI_OVERSOLD']","[376, 225, 218, 204, 51]"
poland,NTT.WA,1d,"['inverted_hammer, RSI_OVERSOLD', 'RSI_OVERSOLD', 'RSI_OVERSOLD', 'RSI_OVERSOLD', 'RSI_OVERSOLD']","[1148, 1093, 542, 254, 245]"
poland,NTU.WA,1d,"['rebound', 'rebound', 'rebound', 'RSI_OVERSOLD', 'RSI_OVERSOLD']","[246, 239, 208, 196, 99]"
poland,NVA.WA,1d,"['RSI_OVERSOLD', 'RSI_OVERSOLD', 'hammer', 'hammer', 'hammer']","[470, 377, 140, 139, 135]"
poland,NVG.WA,1d,"['RSI_OVERSOLD', 'RSI_OVERSOLD', 'RSI_OVERSOLD', 'rebound', 'rebound']","[120, 100, 5, 4, 3]"
poland,NVT.WA,1d,"['RSI_OVERSOLD', 'RSI_OVERSOLD', 'hammer', 'RSI_OVERSOLD', 'RSI_OVERSOLD']","[1004, 894, 797, 796, 351]"
poland,NWA.WA,1d,"['RSI_OVERSOLD', 'RSI_OVERSOLD', 'piercing_line', 'inverted_hammer', 'hammer']","[1303, 1300, 1299, 1297, 1215]"
poland,NWG.WA,1d,"['rebound', 'RSI_OVERSOLD', 'RSI_OVERSOLD', 'RSI_OVERSOLD', 'RSI_OVERSOLD']","[1008, 944, 942, 152, 85]"
poland,NXG.WA,1d,"['RSI_OVERSOLD', 'rebound', 'RSI_OVERSOLD', 'hammer', 'RSI_OVERSOLD']","[202, 201, 176, 172, 82]"
poland,OBL.WA,1d,"['RSI_OVERSOLD', 'piercing_line', 'hammer', 'hammer', 'RSI_OVERSOLD']","[1155, 1154, 1113, 1103, 217]"
poland,ODL.WA,1d,"['rebound', 'RSI_OVERSOLD', 'hammer, RSI_OVERSOLD', 'inverted_hammer', 'RSI_OVERSOLD']","[499, 480, 478, 476, 28]"
poland,OML.WA,1d,"['engulfing', 'inverted_hammer', 'RSI_OVERSOLD', 'hammer, engulfing', 'RSI_OVERSOLD']","[675, 632, 589, 370, 86]"
poland,OND.WA,1d,"['hammer', 'engulfing', 'hammer', 'RSI_OVERSOLD', 'hammer']","[446, 445, 408, 265, 198]"
poland,ONO.WA,1d,"['hammer', 'RSI_OVERSOLD', 'inverted_hammer', 'hammer', 'inverted_hammer']","[955, 880, 370, 129, 87]"
poland,OPG.WA,1d,,
poland,OPL.WA,1d,"['RSI_OVERSOLD', 'inverted_hammer', 'inverted_hammer', 'RSI_OVERSOLD', 'hammer, RSI_OVERSOLD']","[1409, 1205, 1174, 1114, 480]"
poland,OPM.WA,1d,"['rebound', 'RSI_OVERSOLD', 'RSI_OVERSOLD', 'inverted_hammer', 'hammer']","[272, 254, 238, 161, 51]"
poland,OPN.WA,1d,"['RSI_OVERSOLD', 'inverted_hammer', 'hammer', 'RSI_OVERSOLD', 'rebound']","[482, 479, 288, 153, 138]"
poland,ORL.WA,1d,"['RSI_OVERSOLD', 'rebound', 'hammer', 'hammer', 'hammer']","[152, 134, 91, 87, 41]"
poland,OTM.WA,1d,"['rebound', 'hammer', 'RSI_OVERSOLD', 'hammer', 'RSI_OVERSOLD']","[1071, 516, 506, 424, 256]"
poland,OTS.WA,1d,"['RSI_OVERSOLD', 'RSI_OVERSOLD', 'hammer', 'engulfing', 'RSI_OVERSOLD']","[274, 206, 54, 53, 4]"
poland,PAS.WA,1d,"['rebound', 'RSI_OVERSOLD', 'RSI_OVERSOLD', 'RSI_OVERSOLD', 'rebound']","[889, 887, 881, 559, 554]"
poland,PAT.WA,1d,"['RSI_OVERSOLD', 'RSI_OVERSOLD', 'rebound', 'hammer, rebound', 'engulfing']","[37, 32, 29, 19, 14]"
poland,PBF.WA,1d,"['rebound', 'RSI_OVERSOLD, rebound', 'RSI_OVERSOLD', 'RSI_OVERSOLD', 'RSI_OVERSOLD, rebound']","[306, 304, 298, 41, 29]"
poland,PBG.WA,1d,"['RSI_OVERSOLD', 'rebound', 'RSI_OVERSOLD', 'RSI_OVERSOLD', 'rebound']","[701, 693, 664, 530, 525]"
poland,PBX.WA,1d,"['RSI_OVERSOLD', 'RSI_OVERSOLD', 'RSI_OVERSOLD', 'RSI_OVERSOLD', 'rebound']","[126, 111, 55, 32, 18]"
poland,PCE.WA,1d,"['inverted_hammer', 'rebound', 'rebound', 'RSI_OVERSOLD', 'rebound']","[448, 446, 204, 203, 202]"
poland,PCF.WA,1d,"['RSI_OVERSOLD', 'rebound', 'hammer', 'engulfing', 'RSI_OVERSOLD']","[260, 258, 215, 209, 8]"
poland,PCO.WA,1d,"['hammer', 'RSI_OVERSOLD', 'RSI_OVERSOLD', 'hammer', 'hammer']","[549, 471, 377, 275, 20]"
poland,PCR.WA,1d,"['RSI_OVERSOLD', 'rebound', 'RSI_OVERSOLD', 'RSI_OVERSOLD', 'RSI_OVERSOLD, rebound']","[207, 198, 138, 75, 69]"
poland,PCX.WA,1d,"['RSI_OVERSOLD', 'RSI_OVERSOLD', 'hammer', 'rebound', 'RSI_OVERSOLD']","[376, 210, 204, 202, 139]"
poland,PEN.WA,1d,"['RSI_OVERSOLD', 'engulfing', 'RSI_OVERSOLD', 'RSI_OVERSOLD', 'rebound']","[220, 201, 155, 110, 106]"
poland,PEO.WA,1d,"['engulfing', 'rebound', 'RSI_OVERSOLD', 'RSI_OVERSOLD', 'hammer']","[1021, 1005, 890, 542, 269]"
poland,PEP.WA,1d,"['RSI_OVERSOLD', 'RSI_OVERSOLD', 'RSI_OVERSOLD', 'RSI_OVERSOLD', 'RSI_OVERSOLD']","[579, 542, 325, 153, 38]"
poland,PGE.WA,1d,"['RSI_OVERSOLD', 'RSI_OVERSOLD', 'RSI_OVERSOLD', 'RSI_OVERSOLD', 'hammer']","[771, 622, 458, 211, 206]"
poland,PGM.WA,1d,"['RSI_OVERSOLD, rebound', 'rebound', 'RSI_OVERSOLD', 'RSI_OVERSOLD', 'inverted_hammer']","[472, 471, 422, 416, 235]"
poland,PGV.WA,1d,"['RSI_OVERSOLD', 'rebound', 'RSI_OVERSOLD', 'hammer', 'RSI_OVERSOLD']","[317, 315, 114, 54, 46]"
poland,PHN.WA,1d,"['RSI_OVERSOLD', 'RSI_OVERSOLD', 'RSI_OVERSOLD', 'rebound', 'RSI_OVERSOLD']","[546, 490, 479, 468, 307]"
poland,PHR.WA,1d,"['RSI_OVERSOLD, rebound', 'inverted_hammer', 'RSI_OVERSOLD', 'RSI_OVERSOLD', 'rebound']","[347, 212, 209, 199, 197]"
poland,PJP.WA,1d,"['RSI_OVERSOLD', 'RSI_OVERSOLD', 'RSI_OVERSOLD', 'RSI_OVERSOLD', 'RSI_OVERSOLD']","[585, 581, 542, 376, 115]"
poland,PKN.WA,1d,"['hammer', 'RSI_OVERSOLD', 'RSI_OVERSOLD', 'RSI_OVERSOLD', 'RSI_OVERSOLD']","[887, 770, 749, 680, 449]"
poland,PKO.WA,1d,"['rebound', 'hammer', 'RSI_OVERSOLD', 'piercing_line', 'RSI_OVERSOLD']","[887, 767, 542, 539, 377]"
poland,PKP.WA,1d,"['RSI_OVERSOLD', 'rebound', 'RSI_OVERSOLD', 'RSI_OVERSOLD', 'RSI_OVERSOLD']","[210, 209, 205, 86, 63]"
poland,PLT.WA,1d,"['RSI_OVERSOLD', 'rebound', 'RSI_OVERSOLD', 'RSI_OVERSOLD', 'RSI_OVERSOLD']","[454, 453, 405, 380, 65]"
poland,PLW.WA,1d,"['RSI_OVERSOLD', 'RSI_OVERSOLD', 'RSI_OVERSOLD', 'RSI_OVERSOLD', 'hammer']","[384, 288, 228, 209, 18]"
poland,PLZ.WA,1d,"['hammer', 'hammer', 'hammer', 'RSI_OVERSOLD', 'rebound']","[122, 87, 51, 50, 7]"
poland,PNT.WA,1d,"['RSI_OVERSOLD', 'RSI_OVERSOLD', 'RSI_OVERSOLD', 'hammer', 'hammer']","[524, 497, 470, 352, 350]"
poland,PPS.WA,1d,"['RSI_OVERSOLD', 'RSI_OVERSOLD', 'RSI_OVERSOLD', 'rebound', 'rebound']","[176, 172, 72, 52, 41]"
poland,PRE.WA,1d,"['RSI_OVERSOLD', 'RSI_OVERSOLD', 'rebound', 'inverted_hammer']","[288, 152, 142, 1]"
poland,PRI.WA,1d,"['RSI_OVERSOLD, rebound', 'hammer', 'hammer', 'hammer', 'RSI_OVERSOLD']","[187, 177, 175, 165, 157]"
poland,PRM.WA,1d,"['RSI_OVERSOLD', 'hammer', 'RSI_OVERSOLD', 'hammer', 'RSI_OVERSOLD']","[278, 47, 46, 36, 35]"
poland,PRT.WA,1d,"['RSI_OVERSOLD', 'rebound', 'rebound', 'RSI_OVERSOLD', 'hammer']","[313, 309, 308, 232, 46]"
poland,PRTP.WA,1d,,
poland,PTG.WA,1d,"['inverted_hammer', 'RSI_OVERSOLD', 'RSI_OVERSOLD', 'RSI_OVERSOLD', 'hammer, RSI_OVERSOLD']","[446, 321, 275, 135, 10]"
poland,PTN.WA,1d,"['RSI_OVERSOLD', 'hammer, RSI_OVERSOLD', 'RSI_OVERSOLD, rebound', 'RSI_OVERSOLD', 'inverted_hammer']","[313, 80, 71, 52, 11]"
poland,PTW.WA,1d,"['rebound', 'RSI_OVERSOLD', 'RSI_OVERSOLD', 'RSI_OVERSOLD', 'engulfing']","[614, 480, 459, 226, 224]"
poland,PWX.WA,1d,"['rebound', 'rebound', 'RSI_OVERSOLD', 'RSI_OVERSOLD', 'RSI_OVERSOLD']","[198, 197, 145, 120, 6]"
poland,PXM.WA,1d,"['RSI_OVERSOLD', 'RSI_OVERSOLD', 'engulfing', 'RSI_OVERSOLD', 'RSI_OVERSOLD']","[498, 474, 471, 449, 61]"
poland,PZU.WA,1d,"['RSI_OVERSOLD', 'RSI_OVERSOLD', 'hammer', 'RSI_OVERSOLD', 'hammer']","[1216, 1155, 1079, 889, 887]"
poland,QNA.WA,1d,"['RSI_OVERSOLD', 'RSI_OVERSOLD', 'RSI_OVERSOLD', 'rebound', 'engulfing']","[455, 422, 57, 55, 52]"
poland,QNT.WA,1d,"['RSI_OVERSOLD, rebound', 'RSI_OVERSOLD', 'RSI_OVERSOLD', 'rebound', 'RSI_OVERSOLD']","[798, 520, 255, 253, 128]"
poland,QRS.WA,1d,"['RSI_OVERSOLD', 'hammer', 'RSI_OVERSOLD', 'RSI_OVERSOLD', 'rebound']","[152, 22, 15, 6, 4]"
poland,RAF.WA,1d,"['rebound', 'inverted_hammer', 'inverted_hammer', 'RSI_OVERSOLD', 'rebound']","[195, 77, 46, 19, 13]"
poland,RBW.WA,1d,"['RSI_OVERSOLD', 'RSI_OVERSOLD', 'RSI_OVERSOLD', 'RSI_OVERSOLD', 'RSI_OVERSOLD']","[1215, 1058, 337, 257, 8]"
poland,RDN.WA,1d,"['RSI_OVERSOLD', 'RSI_OVERSOLD', 'rebound', 'hammer', 'hammer, RSI_OVERSOLD']","[467, 459, 455, 445, 441]"
poland,REX.WA,1d,"['RSI_OVERSOLD', 'rebound', 'RSI_OVERSOLD', 'inverted_hammer', 'RSI_OVERSOLD']","[66, 56, 16, 15, 6]"
poland,RHD.WA,1d,"['RSI_OVERSOLD', 'RSI_OVERSOLD', 'rebound', 'RSI_OVERSOLD', 'RSI_OVERSOLD']","[155, 117, 108, 59, 39]"
poland,RLP.WA,1d,"['RSI_OVERSOLD', 'hammer', 'RSI_OVERSOLD', 'RSI_OVERSOLD', 'RSI_OVERSOLD']","[589, 571, 570, 464, 281]"
poland,RMK.WA,1d,"['RSI_OVERSOLD', 'inverted_hammer', 'hammer', 'RSI_OVERSOLD', 'RSI_OVERSOLD']","[216, 215, 118, 115, 110]"
poland,RNC.WA,1d,"['RSI_OVERSOLD', 'RSI_OVERSOLD', 'RSI_OVERSOLD', 'hammer', 'hammer']","[252, 249, 133, 131, 128]"
poland,RND.WA,1d,"['hammer, RSI_OVERSOLD', 'engulfing', 'RSI_OVERSOLD', 'RSI_OVERSOLD', 'rebound']","[450, 446, 423, 420, 386]"
poland,RNK.WA,1d,"['RSI_OVERSOLD', 'RSI_OVERSOLD', 'hammer', 'RSI_OVERSOLD', 'RSI_OVERSOLD']","[265, 262, 152, 139, 5]"
poland,ROB.WA,1d,,
poland,RPC.WA,1d,"['RSI_OVERSOLD', 'RSI_OVERSOLD', 'inverted_hammer', 'RSI_OVERSOLD', 'RSI_OVERSOLD']","[269, 267, 264, 134, 6]"
poland,RVU.WA,1d,"['RSI_OVERSOLD', 'RSI_OVERSOLD', 'RSI_OVERSOLD', 'rebound', 'rebound']","[227, 140, 98, 91, 89]"
poland,RWL.WA,1d,"['hammer', 'hammer', 'RSI_OVERSOLD', 'RSI_OVERSOLD', 'hammer']","[1003, 745, 231, 199, 66]"
poland,S2B.WA,1d,,
poland,SAN.WA,1d,"['RSI_OVERSOLD', 'hammer', 'RSI_OVERSOLD', 'inverted_hammer', 'hammer']","[1112, 1065, 1059, 577, 569]"
poland,SCP.WA,1d,"['hammer', 'RSI_OVERSOLD', 'RSI_OVERSOLD', 'rebound', 'RSI_OVERSOLD']","[286, 195, 107, 105, 101]"
poland,SCW.WA,1d,['RSI_OVERSOLD'],[630]
poland,SEK.WA,1d,"['RSI_OVERSOLD', 'hammer', 'hammer', 'RSI_OVERSOLD', 'RSI_OVERSOLD']","[455, 415, 414, 408, 4]"
poland,SEL.WA,1d,"['RSI_OVERSOLD', 'hammer', 'inverted_hammer', 'RSI_OVERSOLD', 'engulfing']","[466, 376, 294, 134, 126]"
poland,SFG.WA,1d,"['RSI_OVERSOLD', 'hammer, RSI_OVERSOLD', 'RSI_OVERSOLD', 'RSI_OVERSOLD', 'rebound']","[794, 630, 95, 75, 72]"
poland,SFS.WA,1d,"['RSI_OVERSOLD', 'rebound', 'RSI_OVERSOLD', 'RSI_OVERSOLD', 'inverted_hammer']","[505, 496, 467, 266, 174]"
poland,SGN.WA,1d,"['RSI_OVERSOLD, rebound', 'RSI_OVERSOLD', 'RSI_OVERSOLD', 'rebound', 'rebound']","[542, 176, 171, 169, 164]"
poland,SHD.WA,1d,"['RSI_OVERSOLD', 'rebound', 'RSI_OVERSOLD', 'RSI_OVERSOLD', 'rebound']","[712, 703, 531, 202, 200]"
poland,SHG.WA,1d,"['RSI_OVERSOLD', 'RSI_OVERSOLD', 'rebound', 'RSI_OVERSOLD', 'RSI_OVERSOLD']","[258, 231, 230, 128, 109]"
poland,SIM.WA,1d,"['RSI_OVERSOLD', 'RSI_OVERSOLD', 'hammer', 'RSI_OVERSOLD', 'inverted_hammer']","[369, 364, 204, 200, 172]"
poland,SKA.WA,1d,"['RSI_OVERSOLD', 'RSI_OVERSOLD', 'RSI_OVERSOLD', 'RSI_OVERSOLD', 'hammer']","[1196, 988, 552, 482, 479]"
poland,SKH.WA,1d,"['RSI_OVERSOLD', 'hammer, rebound', 'inverted_hammer', 'hammer', 'RSI_OVERSOLD']","[157, 148, 139, 138, 129]"
poland,SKL.WA,1d,"['RSI_OVERSOLD, rebound', 'rebound', 'RSI_OVERSOLD', 'RSI_OVERSOLD', 'rebound']","[225, 222, 195, 151, 150]"
poland,SLV.WA,1d,"['rebound', 'hammer', 'RSI_OVERSOLD', 'RSI_OVERSOLD', 'rebound']","[138, 135, 56, 13, 5]"
poland,SNK.WA,1d,"['hammer', 'RSI_OVERSOLD', 'RSI_OVERSOLD', 'RSI_OVERSOLD', 'hammer']","[944, 630, 594, 542, 9]"
poland,SNT.WA,1d,"['hammer', 'RSI_OVERSOLD', 'inverted_hammer', 'RSI_OVERSOLD', 'RSI_OVERSOLD']","[1302, 1261, 1100, 1074, 376]"
poland,SNW.WA,1d,"['RSI_OVERSOLD', 'inverted_hammer', 'RSI_OVERSOLD', 'engulfing', 'RSI_OVERSOLD']","[542, 502, 210, 198, 197]"
poland,SNX.WA,1d,"['RSI_OVERSOLD', 'rebound', 'piercing_line', 'inverted_hammer', 'hammer']","[213, 199, 197, 133, 10]"
poland,SON.WA,1d,"['RSI_OVERSOLD, rebound', 'inverted_hammer', 'RSI_OVERSOLD', 'RSI_OVERSOLD', 'RSI_OVERSOLD']","[494, 327, 197, 138, 10]"
poland,SPH.WA,1d,"['hammer', 'RSI_OVERSOLD', 'rebound', 'rebound', 'hammer']","[385, 165, 164, 152, 143]"
poland,SPR.WA,1d,"['RSI_OVERSOLD', 'RSI_OVERSOLD', 'inverted_hammer', 'RSI_OVERSOLD', 'RSI_OVERSOLD']","[616, 377, 265, 129, 12]"
poland,STF.WA,1d,"['RSI_OVERSOLD', 'rebound', 'hammer', 'inverted_hammer', 'RSI_OVERSOLD']","[199, 197, 73, 4, 3]"
poland,STP.WA,1d,"['engulfing', 'RSI_OVERSOLD', 'RSI_OVERSOLD', 'rebound', 'engulfing']","[147, 88, 71, 66, 63]"
poland,STS.WA,1d,"['RSI_OVERSOLD', 'RSI_OVERSOLD', 'rebound', 'rebound', 'RSI_OVERSOLD']","[102, 46, 41, 40, 23]"
poland,STX.WA,1d,"['RSI_OVERSOLD', 'RSI_OVERSOLD', 'RSI_OVERSOLD', 'engulfing', 'RSI_OVERSOLD']","[179, 153, 80, 69, 18]"
poland,SVE.WA,1d,"['RSI_OVERSOLD', 'RSI_OVERSOLD', 'RSI_OVERSOLD', 'RSI_OVERSOLD', 'rebound']","[152, 116, 111, 99, 90]"
poland,SVRS.WA,1d,"['rebound', 'rebound', 'RSI_OVERSOLD', 'RSI_OVERSOLD', 'RSI_OVERSOLD']","[402, 400, 178, 119, 114]"
poland,SWG.WA,1d,"['hammer', 'RSI_OVERSOLD', 'RSI_OVERSOLD', 'hammer', 'hammer']","[298, 296, 15, 13, 9]"
poland,TAR.WA,1d,"['rebound', 'RSI_OVERSOLD', 'inverted_hammer', 'RSI_OVERSOLD', 'RSI_OVERSOLD']","[1225, 838, 745, 335, 240]"
poland,TBL.WA,1d,"['RSI_OVERSOLD', 'rebound', 'RSI_OVERSOLD', 'RSI_OVERSOLD', 'rebound']","[218, 205, 196, 74, 63]"
poland,TEN.WA,1d,"['RSI_OVERSOLD', 'RSI_OVERSOLD', 'RSI_OVERSOLD', 'inverted_hammer', 'hammer']","[577, 482, 480, 446, 61]"
poland,THG.WA,1d,"['RSI_OVERSOLD', 'RSI_OVERSOLD, rebound', 'rebound', 'rebound', 'RSI_OVERSOLD']","[493, 491, 481, 475, 103]"
poland,TLX.WA,1d,"['hammer, rebound', 'engulfing', 'RSI_OVERSOLD', 'RSI_OVERSOLD', 'engulfing']","[1004, 1003, 706, 170, 169]"
poland,TME.WA,1d,"['RSI_OVERSOLD', 'rebound', 'RSI_OVERSOLD', 'RSI_OVERSOLD', 'rebound']","[159, 155, 100, 72, 68]"
poland,TMR.WA,1d,"['RSI_OVERSOLD', 'RSI_OVERSOLD', 'rebound', 'RSI_OVERSOLD', 'RSI_OVERSOLD']","[311, 153, 152, 72, 54]"
poland,TOA.WA,1d,"['RSI_OVERSOLD', 'RSI_OVERSOLD', 'RSI_OVERSOLD', 'rebound', 'RSI_OVERSOLD']","[446, 372, 151, 138, 83]"
poland,TOR.WA,1d,"['RSI_OVERSOLD', 'inverted_hammer', 'hammer', 'RSI_OVERSOLD', 'RSI_OVERSOLD']","[846, 845, 782, 777, 602]"
poland,TOW.WA,1d,"['rebound', 'engulfing', 'RSI_OVERSOLD', 'RSI_OVERSOLD', 'rebound']","[589, 587, 383, 77, 68]"
poland,TPE.WA,1d,"['RSI_OVERSOLD', 'hammer', 'RSI_OVERSOLD', 'RSI_OVERSOLD', 'RSI_OVERSOLD']","[646, 644, 620, 541, 146]"
poland,TRI.WA,1d,"['RSI_OVERSOLD', 'RSI_OVERSOLD', 'RSI_OVERSOLD', 'RSI_OVERSOLD', 'rebound']","[264, 238, 43, 41, 27]"
poland,TRK.WA,1d,"['RSI_OVERSOLD', 'RSI_OVERSOLD', 'RSI_OVERSOLD', 'engulfing', 'hammer']","[470, 447, 91, 86, 12]"
poland,TRN.WA,1d,"['RSI_OVERSOLD', 'rebound', 'RSI_OVERSOLD', 'RSI_OVERSOLD', 'hammer']","[1178, 1177, 1059, 644, 508]"
poland,TRR.WA,1d,"['rebound', 'RSI_OVERSOLD', 'rebound', 'RSI_OVERSOLD', 'rebound']","[216, 60, 57, 34, 20]"
poland,TSG.WA,1d,"['RSI_OVERSOLD', 'rebound', 'hammer', 'inverted_hammer, RSI_OVERSOLD', 'RSI_OVERSOLD']","[204, 203, 200, 90, 5]"
poland,TXT.WA,1d,"['RSI_OVERSOLD, rebound', 'rebound', 'rebound', 'RSI_OVERSOLD', 'RSI_OVERSOLD']","[214, 207, 201, 157, 27]"
poland,UCG.WA,1d,"['RSI_OVERSOLD', 'RSI_OVERSOLD', 'rebound', 'hammer', 'inverted_hammer']","[541, 376, 375, 147, 138]"
poland,ULG.WA,1d,"['RSI_OVERSOLD', 'RSI_OVERSOLD', 'inverted_hammer, RSI_OVERSOLD', 'hammer', 'RSI_OVERSOLD']","[211, 203, 196, 28, 5]"
poland,ULM.WA,1d,"['RSI_OVERSOLD', 'hammer', 'RSI_OVERSOLD', 'hammer, rebound', 'RSI_OVERSOLD']","[448, 425, 422, 420, 398]"
poland,UNF.WA,1d,"['rebound', 'RSI_OVERSOLD', 'RSI_OVERSOLD, rebound', 'rebound', 'hammer']","[756, 361, 349, 344, 138]"
poland,UNI.WA,1d,"['RSI_OVERSOLD', 'RSI_OVERSOLD', 'hammer', 'RSI_OVERSOLD', 'RSI_OVERSOLD']","[642, 496, 482, 463, 88]"
poland,UNT.WA,1d,"['RSI_OVERSOLD', 'RSI_OVERSOLD', 'RSI_OVERSOLD', 'RSI_OVERSOLD', 'engulfing']","[1155, 782, 542, 308, 307]"
poland,URT.WA,1d,"['RSI_OVERSOLD', 'hammer', 'RSI_OVERSOLD', 'rebound', 'rebound']","[318, 268, 254, 248, 236]"
poland,VER.WA,1d,"['rebound', 'RSI_OVERSOLD', 'RSI_OVERSOLD', 'RSI_OVERSOLD', 'RSI_OVERSOLD']","[534, 519, 475, 332, 131]"
poland,VGO.WA,1d,"['RSI_OVERSOLD', 'RSI_OVERSOLD', 'inverted_hammer', 'RSI_OVERSOLD', 'RSI_OVERSOLD']","[509, 484, 464, 308, 219]"
poland,VIN.WA,1d,"['RSI_OVERSOLD', 'engulfing', 'RSI_OVERSOLD', 'engulfing', 'RSI_OVERSOLD']","[596, 266, 259, 151, 1]"
poland,VOT.WA,1d,"['RSI_OVERSOLD', 'rebound', 'RSI_OVERSOLD', 'rebound', 'engulfing']","[381, 376, 142, 138, 42]"
poland,VOX.WA,1d,"['RSI_OVERSOLD', 'RSI_OVERSOLD', 'rebound', 'rebound', 'RSI_OVERSOLD']","[149, 143, 138, 133, 127]"
poland,VRC.WA,1d,"['RSI_OVERSOLD', 'hammer, RSI_OVERSOLD', 'rebound', 'RSI_OVERSOLD', 'RSI_OVERSOLD']","[1160, 1089, 1081, 541, 157]"
poland,VRG.WA,1d,"['rebound', 'hammer', 'RSI_OVERSOLD', 'inverted_hammer', 'RSI_OVERSOLD']","[1146, 857, 632, 448, 138]"
poland,VVD.WA,1d,"['RSI_OVERSOLD', 'RSI_OVERSOLD', 'RSI_OVERSOLD', 'RSI_OVERSOLD', 'RSI_OVERSOLD']","[328, 198, 113, 69, 64]"
poland,WAS.WA,1d,"['hammer', 'RSI_OVERSOLD', 'hammer', 'RSI_OVERSOLD', 'RSI_OVERSOLD']","[486, 95, 94, 92, 55]"
poland,WIG.WA,1d,,
poland,WIK.WA,1d,"['inverted_hammer', 'RSI_OVERSOLD', 'RSI_OVERSOLD, rebound', 'RSI_OVERSOLD', 'RSI_OVERSOLD']","[380, 376, 374, 230, 4]"
poland,WLT.WA,1d,"['RSI_OVERSOLD', 'RSI_OVERSOLD', 'RSI_OVERSOLD', 'RSI_OVERSOLD', 'RSI_OVERSOLD']","[201, 198, 69, 52, 8]"
poland,WPL.WA,1d,"['hammer', 'RSI_OVERSOLD', 'RSI_OVERSOLD', 'RSI_OVERSOLD', 'RSI_OVERSOLD']","[334, 328, 279, 265, 159]"
poland,WPR.WA,1d,"['hammer', 'RSI_OVERSOLD', 'engulfing', 'rebound', 'RSI_OVERSOLD']","[221, 217, 200, 170, 119]"
poland,WTN.WA,1d,"['rebound', 'engulfing', 'RSI_OVERSOLD', 'inverted_hammer', 'hammer']","[88, 83, 8, 6, 1]"
poland,WWL.WA,1d,"['RSI_OVERSOLD', 'hammer', 'RSI_OVERSOLD', 'inverted_hammer', 'hammer']","[646, 615, 542, 531, 376]"
poland,WXF.WA,1d,"['rebound', 'RSI_OVERSOLD, rebound', 'inverted_hammer', 'RSI_OVERSOLD', 'hammer']","[449, 445, 228, 149, 62]"
poland,XPL.WA,1d,"['rebound', 'RSI_OVERSOLD', 'RSI_OVERSOLD', 'RSI_OVERSOLD', 'hammer']","[259, 220, 152, 149, 131]"
poland,XTB.WA,1d,"['RSI_OVERSOLD', 'hammer', 'RSI_OVERSOLD', 'RSI_OVERSOLD', 'rebound']","[555, 554, 251, 249, 234]"
poland,XTP.WA,1d,"['RSI_OVERSOLD', 'inverted_hammer', 'RSI_OVERSOLD', 'RSI_OVERSOLD', 'hammer']","[255, 198, 167, 99, 97]"
poland,YAN.WA,1d,"['RSI_OVERSOLD', 'RSI_OVERSOLD', 'RSI_OVERSOLD', 'rebound', 'rebound']","[634, 624, 571, 557, 529]"
poland,YRL.WA,1d,"['hammer', 'RSI_OVERSOLD', 'RSI_OVERSOLD', 'rebound', 'RSI_OVERSOLD']","[127, 56, 17, 4, 1]"
poland,ZAB.WA,1d,,
poland,ZAP.WA,1d,"['RSI_OVERSOLD', 'RSI_OVERSOLD', 'rebound', 'RSI_OVERSOLD', 'RSI_OVERSOLD']","[552, 530, 518, 470, 447]"
poland,ZEP.WA,1d,"['RSI_OVERSOLD', 'RSI_OVERSOLD', 'rebound', 'RSI_OVERSOLD', 'RSI_OVERSOLD']","[294, 212, 209, 73, 71]"
poland,ZMT.WA,1d,"['RSI_OVERSOLD', 'RSI_OVERSOLD', 'RSI_OVERSOLD', 'RSI_OVERSOLD', 'RSI_OVERSOLD']","[246, 210, 66, 56, 51]"
poland,ZRE.WA,1d,"['RSI_OVERSOLD', 'engulfing', 'RSI_OVERSOLD', 'hammer', 'RSI_OVERSOLD']","[315, 215, 203, 65, 16]"
poland,ZUE.WA,1d,"['hammer', 'RSI_OVERSOLD', 'rebound', 'RSI_OVERSOLD', 'hammer']","[505, 485, 470, 377, 218]"
poland,ZUK.WA,1d,"['RSI_OVERSOLD', 'rebound', 'hammer', 'inverted_hammer', 'RSI_OVERSOLD']","[728, 715, 652, 556, 471]"
poland,06N.WA,1w,,
poland,08N.WA,1w,"['hammer', 'hammer', 'RSI_OVERSOLD', 'RSI_OVERSOLD', 'RSI_OVERSOLD']","[411, 175, 137, 96, 43]"
poland,11B.WA,1w,"['hammer', 'hammer', 'RSI_OVERSOLD', 'RSI_OVERSOLD', 'RSI_OVERSOLD']","[418, 152, 107, 47, 43]"
poland,1AT.WA,1w,"['RSI_OVERSOLD', 'RSI_OVERSOLD', 'hammer']","[433, 343, 240]"
poland,3RG.WA,1w,"['RSI_OVERSOLD', 'engulfing', 'RSI_OVERSOLD', 'hammer', 'RSI_OVERSOLD']","[460, 458, 338, 231, 139]"
poland,4MS.WA,1w,['RSI_OVERSOLD'],[76]
poland,AAT.WA,1w,"['RSI_OVERSOLD', 'RSI_OVERSOLD', 'RSI_OVERSOLD', 'RSI_OVERSOLD', 'inverted_hammer']","[344, 333, 49, 44, 43]"
poland,ABE.WA,1w,"['RSI_OVERSOLD', 'RSI_OVERSOLD', 'RSI_OVERSOLD']","[409, 344, 220]"
poland,ABS.WA,1w,['RSI_OVERSOLD'],[211]
poland,ACG.WA,1w,"['RSI_OVERSOLD', 'RSI_OVERSOLD', 'hammer', 'RSI_OVERSOLD', 'engulfing']","[151, 45, 15, 13, 10]"
poland,ACP.WA,1w,['hammer'],[32]
poland,ACT.WA,1w,"['hammer', 'RSI_OVERSOLD', 'RSI_OVERSOLD']","[412, 344, 103]"
poland,ADV.WA,1w,"['RSI_OVERSOLD', 'engulfing', 'RSI_OVERSOLD', 'RSI_OVERSOLD', 'RSI_OVERSOLD']","[237, 232, 207, 123, 43]"
poland,ADX.WA,1w,"['RSI_OVERSOLD', 'RSI_OVERSOLD', 'RSI_OVERSOLD', 'hammer', 'RSI_OVERSOLD']","[233, 220, 204, 199, 178]"
poland,AGO.WA,1w,"['hammer', 'RSI_OVERSOLD', 'RSI_OVERSOLD', 'RSI_OVERSOLD', 'RSI_OVERSOLD']","[456, 423, 344, 313, 252]"
poland,AGT.WA,1w,"['RSI_OVERSOLD', 'engulfing', 'hammer']","[434, 431, 162]"
poland,AIN.WA,1w,"['RSI_OVERSOLD', 'engulfing', 'RSI_OVERSOLD', 'hammer', 'hammer']","[412, 371, 211, 208, 174]"
poland,ALE.WA,1w,"['RSI_OVERSOLD', 'inverted_hammer', 'engulfing', 'hammer', 'engulfing']","[242, 241, 240, 209, 32]"
poland,ALG.WA,1w,"['RSI_OVERSOLD', 'inverted_hammer', 'RSI_OVERSOLD', 'hammer', 'RSI_OVERSOLD']","[437, 435, 290, 254, 107]"
poland,ALI.WA,1w,"['hammer', 'RSI_OVERSOLD', 'RSI_OVERSOLD', 'RSI_OVERSOLD']","[469, 437, 343, 115]"
poland,ALL.WA,1w,['RSI_OVERSOLD'],[345]
poland,ALR.WA,1w,"['RSI_OVERSOLD', 'hammer', 'RSI_OVERSOLD', 'hammer', 'hammer']","[375, 366, 364, 231, 223]"
poland,AMB.WA,1w,"['RSI_OVERSOLD', 'RSI_OVERSOLD']","[110, 57]"
poland,AMC.WA,1w,"['RSI_OVERSOLD', 'RSI_OVERSOLD', 'RSI_OVERSOLD', 'RSI_OVERSOLD', 'hammer, engulfing']","[255, 252, 242, 107, 56]"
poland,ANR.WA,1w,"['engulfing', 'RSI_OVERSOLD']","[239, 131]"
poland,APE.WA,1w,"['RSI_OVERSOLD', 'engulfing', 'hammer', 'RSI_OVERSOLD', 'hammer']","[269, 267, 128, 127, 115]"
poland,APL.WA,1w,['RSI_OVERSOLD'],[338]
poland,APN.WA,1w,"['RSI_OVERSOLD', 'RSI_OVERSOLD']","[473, 242]"
poland,APR.WA,1w,"['inverted_hammer', 'RSI_OVERSOLD', 'hammer']","[51, 47, 43]"
poland,APT.WA,1w,"['inverted_hammer', 'hammer', 'RSI_OVERSOLD']","[452, 443, 258]"
poland,ARH.WA,1w,,
poland,ARL.WA,1w,['RSI_OVERSOLD'],[20]
poland,ART.WA,1w,"['RSI_OVERSOLD', 'RSI_OVERSOLD', 'hammer', 'engulfing', 'RSI_OVERSOLD']","[496, 255, 253, 250, 99]"
poland,ASB.WA,1w,"['RSI_OVERSOLD', 'RSI_OVERSOLD', 'RSI_OVERSOLD', 'hammer']","[242, 114, 96, 95]"
poland,ASE.WA,1w,,
poland,ASM.WA,1w,"['RSI_OVERSOLD', 'inverted_hammer', 'hammer', 'hammer', 'engulfing']","[411, 402, 314, 295, 276]"
poland,AST.WA,1w,"['engulfing', 'RSI_OVERSOLD', 'RSI_OVERSOLD', 'RSI_OVERSOLD']","[417, 361, 242, 4]"
poland,ATC.WA,1w,"['RSI_OVERSOLD', 'engulfing', 'RSI_OVERSOLD', 'RSI_OVERSOLD']","[74, 68, 61, 25]"
poland,ATD.WA,1w,"['RSI_OVERSOLD', 'hammer', 'RSI_OVERSOLD', 'engulfing', 'inverted_hammer']","[223, 211, 97, 93, 83]"
poland,ATG.WA,1w,"['RSI_OVERSOLD', 'RSI_OVERSOLD']","[223, 215]"
poland,ATP.WA,1w,"['RSI_OVERSOLD', 'hammer', 'RSI_OVERSOLD']","[467, 420, 416]"
poland,ATR.WA,1w,"['RSI_OVERSOLD', 'RSI_OVERSOLD', 'RSI_OVERSOLD', 'RSI_OVERSOLD', 'RSI_OVERSOLD']","[462, 412, 410, 344, 255]"
poland,ATS.WA,1w,"['engulfing', 'RSI_OVERSOLD', 'engulfing', 'hammer', 'engulfing']","[135, 95, 57, 42, 16]"
poland,ATT.WA,1w,"['RSI_OVERSOLD', 'RSI_OVERSOLD', 'hammer, RSI_OVERSOLD', 'RSI_OVERSOLD', 'engulfing']","[344, 177, 174, 117, 114]"
poland,AWM.WA,1w,"['RSI_OVERSOLD', 'hammer', 'RSI_OVERSOLD', 'inverted_hammer', 'RSI_OVERSOLD']","[344, 209, 208, 159, 32]"
poland,BBD.WA,1w,"['RSI_OVERSOLD', 'RSI_OVERSOLD', 'RSI_OVERSOLD', 'RSI_OVERSOLD', 'RSI_OVERSOLD']","[466, 464, 422, 420, 341]"
poland,BBT.WA,1w,"['hammer', 'RSI_OVERSOLD', 'hammer, RSI_OVERSOLD', 'RSI_OVERSOLD', 'RSI_OVERSOLD']","[99, 96, 79, 43, 12]"
poland,BCM.WA,1w,"['RSI_OVERSOLD', 'hammer', 'hammer', 'hammer', 'RSI_OVERSOLD']","[257, 256, 253, 250, 116]"
poland,BCS.WA,1w,"['RSI_OVERSOLD', 'hammer', 'RSI_OVERSOLD', 'hammer']","[151, 95, 28, 26]"
poland,BCX.WA,1w,,
poland,BDF.WA,1w,"['hammer', 'RSI_OVERSOLD', 'inverted_hammer, RSI_OVERSOLD', 'RSI_OVERSOLD', 'hammer']","[405, 396, 371, 112, 108]"
poland,BDX.WA,1w,,
poland,BFT.WA,1w,"['RSI_OVERSOLD', 'RSI_OVERSOLD']","[414, 388]"
poland,BHW.WA,1w,"['RSI_OVERSOLD', 'RSI_OVERSOLD', 'RSI_OVERSOLD']","[388, 343, 312]"
poland,BIO.WA,1w,"['RSI_OVERSOLD', 'RSI_OVERSOLD', 'RSI_OVERSOLD', 'engulfing', 'RSI_OVERSOLD']","[251, 242, 101, 12, 4]"
poland,BIP.WA,1w,"['RSI_OVERSOLD', 'hammer', 'RSI_OVERSOLD', 'hammer', 'RSI_OVERSOLD']","[473, 452, 413, 242, 233]"
poland,BLO.WA,1w,"['RSI_OVERSOLD', 'RSI_OVERSOLD']","[475, 456]"
poland,BMC.WA,1w,"['RSI_OVERSOLD', 'RSI_OVERSOLD', 'RSI_OVERSOLD', 'RSI_OVERSOLD', 'engulfing']","[463, 350, 346, 151, 134]"
poland,BMX.WA,1w,"['RSI_OVERSOLD', 'engulfing', 'hammer', 'RSI_OVERSOLD', 'RSI_OVERSOLD']","[141, 138, 96, 95, 19]"
poland,BNP.WA,1w,"['RSI_OVERSOLD', 'RSI_OVERSOLD']","[426, 424]"
poland,BOS.WA,1w,"['RSI_OVERSOLD', 'RSI_OVERSOLD']","[418, 346]"
poland,BOW.WA,1w,"['hammer', 'RSI_OVERSOLD', 'RSI_OVERSOLD', 'RSI_OVERSOLD', 'inverted_hammer']","[468, 385, 375, 114, 103]"
poland,BRS.WA,1w,"['engulfing', 'RSI_OVERSOLD', 'hammer', 'RSI_OVERSOLD', 'RSI_OVERSOLD']","[428, 423, 421, 386, 82]"
poland,BST.WA,1w,"['hammer', 'hammer', 'RSI_OVERSOLD']","[329, 328, 314]"
poland,CAP.WA,1w,"['hammer', 'hammer', 'RSI_OVERSOLD', 'RSI_OVERSOLD', 'RSI_OVERSOLD']","[447, 148, 96, 51, 46]"
poland,CAR.WA,1w,['RSI_OVERSOLD'],[343]
poland,CAV.WA,1w,"['RSI_OVERSOLD', 'RSI_OVERSOLD', 'inverted_hammer, RSI_OVERSOLD']","[105, 58, 15]"
poland,CBF.WA,1w,"['RSI_OVERSOLD', 'RSI_OVERSOLD']","[421, 208]"
poland,CCE.WA,1w,"['inverted_hammer', 'hammer', 'RSI_OVERSOLD']","[220, 199, 175]"
poland,CDL.WA,1w,"['RSI_OVERSOLD', 'hammer', 'RSI_OVERSOLD', 'RSI_OVERSOLD', 'RSI_OVERSOLD']","[345, 221, 148, 42, 38]"
poland,CDR.WA,1w,['RSI_OVERSOLD'],[234]
poland,CEZ.WA,1w,['RSI_OVERSOLD'],[344]
poland,CFI.WA,1w,"['inverted_hammer', 'RSI_OVERSOLD', 'RSI_OVERSOLD', 'inverted_hammer']","[232, 97, 95, 2]"
poland,CIG.WA,1w,"['inverted_hammer', 'RSI_OVERSOLD', 'RSI_OVERSOLD', 'RSI_OVERSOLD', 'RSI_OVERSOLD']","[241, 156, 150, 130, 95]"
poland,CLC.WA,1w,"['RSI_OVERSOLD', 'engulfing', 'RSI_OVERSOLD', 'engulfing', 'RSI_OVERSOLD']","[259, 250, 232, 56, 42]"
poland,CLD.WA,1w,"['RSI_OVERSOLD', 'RSI_OVERSOLD', 'RSI_OVERSOLD', 'hammer', 'RSI_OVERSOLD']","[486, 469, 460, 434, 97]"
poland,CLE.WA,1w,"['RSI_OVERSOLD', 'inverted_hammer, RSI_OVERSOLD', 'RSI_OVERSOLD', 'engulfing', 'RSI_OVERSOLD']","[434, 359, 147, 146, 103]"
poland,CLN.WA,1w,"['RSI_OVERSOLD', 'inverted_hammer', 'RSI_OVERSOLD', 'engulfing', 'RSI_OVERSOLD']","[344, 260, 253, 240, 231]"
poland,CMP.WA,1w,"['inverted_hammer', 'RSI_OVERSOLD']","[428, 242]"
poland,COG.WA,1w,"['RSI_OVERSOLD', 'RSI_OVERSOLD', 'RSI_OVERSOLD', 'RSI_OVERSOLD', 'RSI_OVERSOLD']","[346, 344, 100, 45, 43]"
poland,CPD.WA,1w,"['hammer', 'hammer', 'hammer', 'hammer', 'RSI_OVERSOLD']","[339, 101, 95, 53, 5]"
poland,CPI.WA,1w,"['RSI_OVERSOLD', 'engulfing', 'RSI_OVERSOLD', 'RSI_OVERSOLD', 'RSI_OVERSOLD']","[223, 218, 187, 106, 50]"
poland,CPL.WA,1w,"['RSI_OVERSOLD', 'engulfing', 'RSI_OVERSOLD', 'RSI_OVERSOLD', 'RSI_OVERSOLD']","[355, 223, 150, 109, 103]"
poland,CPR.WA,1w,"['RSI_OVERSOLD', 'RSI_OVERSOLD', 'RSI_OVERSOLD', 'RSI_OVERSOLD', 'RSI_OVERSOLD']","[401, 99, 97, 68, 61]"
poland,CPS.WA,1w,"['RSI_OVERSOLD', 'inverted_hammer', 'RSI_OVERSOLD', 'RSI_OVERSOLD']","[344, 208, 162, 47]"
poland,CRC.WA,1w,"['RSI_OVERSOLD', 'inverted_hammer', 'hammer', 'RSI_OVERSOLD', 'RSI_OVERSOLD']","[242, 176, 175, 84, 81]"
poland,CRI.WA,1w,,
poland,CRJ.WA,1w,"['RSI_OVERSOLD', 'hammer', 'inverted_hammer']","[107, 99, 95]"
poland,CRM.WA,1w,"['RSI_OVERSOLD', 'RSI_OVERSOLD', 'RSI_OVERSOLD', 'RSI_OVERSOLD', 'RSI_OVERSOLD']","[449, 185, 162, 160, 100]"
poland,CRQ.WA,1w,,
poland,CSR.WA,1w,"['RSI_OVERSOLD', 'RSI_OVERSOLD', 'hammer', 'RSI_OVERSOLD', 'inverted_hammer']","[181, 82, 78, 65, 64]"
poland,CTS.WA,1w,"['RSI_OVERSOLD', 'RSI_OVERSOLD', 'hammer']","[378, 347, 80]"
poland,CTX.WA,1w,"['RSI_OVERSOLD', 'RSI_OVERSOLD', 'inverted_hammer, RSI_OVERSOLD', 'RSI_OVERSOLD', 'hammer, RSI_OVERSOLD']","[162, 155, 152, 100, 81]"
poland,CZT.WA,1w,"['RSI_OVERSOLD', 'inverted_hammer', 'RSI_OVERSOLD', 'RSI_OVERSOLD', 'RSI_OVERSOLD']","[460, 424, 341, 44, 42]"
poland,DAD.WA,1w,['RSI_OVERSOLD'],[212]
poland,DAT.WA,1w,"['hammer', 'RSI_OVERSOLD', 'RSI_OVERSOLD']","[207, 188, 153]"
poland,DBC.WA,1w,"['RSI_OVERSOLD', 'RSI_OVERSOLD', 'RSI_OVERSOLD']","[402, 344, 220]"
poland,DBE.WA,1w,"['RSI_OVERSOLD', 'hammer', 'engulfing', 'hammer']","[121, 107, 99, 42]"
poland,DCR.WA,1w,,
poland,DEK.WA,1w,"['RSI_OVERSOLD', 'RSI_OVERSOLD', 'RSI_OVERSOLD', 'hammer']","[379, 345, 340, 239]"
poland,DEL.WA,1w,"['RSI_OVERSOLD', 'RSI_OVERSOLD', 'RSI_OVERSOLD']","[438, 124, 80]"
poland,DGA.WA,1w,"['RSI_OVERSOLD', 'hammer', 'hammer']","[346, 339, 272]"
poland,DGE.WA,1w,"['RSI_OVERSOLD', 'RSI_OVERSOLD']","[136, 116]"
poland,DIA.WA,1w,,
poland,DIG.WA,1w,"['RSI_OVERSOLD', 'RSI_OVERSOLD', 'RSI_OVERSOLD', 'RSI_OVERSOLD', 'RSI_OVERSOLD']","[376, 372, 367, 346, 344]"
poland,DMG.WA,1w,"['RSI_OVERSOLD', 'RSI_OVERSOLD', 'engulfing', 'RSI_OVERSOLD', 'RSI_OVERSOLD']","[200, 52, 51, 25, 2]"
poland,DNP.WA,1w,"['engulfing', 'engulfing', 'RSI_OVERSOLD', 'RSI_OVERSOLD']","[162, 157, 29, 23]"
poland,DOM.WA,1w,['hammer'],[231]
poland,DTR.WA,1w,"['RSI_OVERSOLD', 'RSI_OVERSOLD', 'RSI_OVERSOLD']","[427, 393, 361]"
poland,DVL.WA,1w,['RSI_OVERSOLD'],[343]
poland,EAH.WA,1w,"['RSI_OVERSOLD', 'RSI_OVERSOLD', 'engulfing', 'RSI_OVERSOLD']","[343, 211, 207, 20]"
poland,EAT.WA,1w,"['RSI_OVERSOLD', 'RSI_OVERSOLD', 'RSI_OVERSOLD', 'RSI_OVERSOLD', 'RSI_OVERSOLD']","[241, 95, 92, 47, 32]"
poland,EBP.WA,1w,"['RSI_OVERSOLD', 'RSI_OVERSOLD', 'RSI_OVERSOLD']","[344, 342, 335]"
poland,ECB.WA,1w,"['inverted_hammer', 'hammer', 'RSI_OVERSOLD', 'RSI_OVERSOLD', 'engulfing']","[421, 409, 370, 43, 41]"
poland,ECH.WA,1w,['RSI_OVERSOLD'],[242]
poland,EDI.WA,1w,['hammer'],[105]
poland,EFK.WA,1w,"['RSI_OVERSOLD', 'RSI_OVERSOLD', 'RSI_OVERSOLD', 'RSI_OVERSOLD', 'RSI_OVERSOLD']","[468, 372, 346, 344, 83]"
poland,EHG.WA,1w,"['RSI_OVERSOLD', 'hammer', 'RSI_OVERSOLD', 'engulfing', 'hammer']","[400, 362, 345, 183, 95]"
poland,EKP.WA,1w,"['RSI_OVERSOLD', 'RSI_OVERSOLD', 'engulfing', 'RSI_OVERSOLD']","[400, 47, 42, 23]"
poland,ELT.WA,1w,"['RSI_OVERSOLD', 'RSI_OVERSOLD', 'RSI_OVERSOLD']","[469, 423, 376]"
poland,ENA.WA,1w,"['RSI_OVERSOLD', 'RSI_OVERSOLD', 'piercing_line', 'RSI_OVERSOLD']","[423, 346, 343, 211]"
poland,ENE.WA,1w,"['RSI_OVERSOLD', 'RSI_OVERSOLD']","[186, 60]"
poland,ENG.WA,1w,['RSI_OVERSOLD'],[213]
poland,ENI.WA,1w,"['hammer', 'RSI_OVERSOLD', 'engulfing', 'RSI_OVERSOLD', 'RSI_OVERSOLD']","[355, 251, 250, 242, 225]"
poland,ENP.WA,1w,"['hammer', 'engulfing']","[426, 419]"
poland,ENT.WA,1w,"['engulfing', 'hammer', 'RSI_OVERSOLD', 'inverted_hammer', 'engulfing']","[340, 264, 225, 60, 28]"
poland,EQU.WA,1w,"['RSI_OVERSOLD', 'RSI_OVERSOLD', 'engulfing']","[462, 241, 105]"
poland,ERB.WA,1w,"['inverted_hammer', 'RSI_OVERSOLD', 'RSI_OVERSOLD', 'RSI_OVERSOLD', 'RSI_OVERSOLD']","[243, 224, 44, 11, 4]"
poland,ERG.WA,1w,"['hammer', 'inverted_hammer', 'RSI_OVERSOLD', 'inverted_hammer, RSI_OVERSOLD', 'inverted_hammer']","[123, 88, 86, 53, 44]"
poland,EST.WA,1w,"['RSI_OVERSOLD', 'RSI_OVERSOLD']","[450, 12]"
poland,ETL.WA,1w,"['RSI_OVERSOLD', 'RSI_OVERSOLD', 'RSI_OVERSOLD', 'hammer']","[159, 95, 88, 77]"
poland,EUC.WA,1w,"['RSI_OVERSOLD', 'engulfing', 'RSI_OVERSOLD', 'hammer', 'RSI_OVERSOLD']","[233, 206, 158, 149, 30]"
poland,EUR.WA,1w,"['RSI_OVERSOLD', 'RSI_OVERSOLD', 'RSI_OVERSOLD', 'RSI_OVERSOLD', 'RSI_OVERSOLD']","[111, 106, 100, 44, 30]"
poland,FAB.WA,1w,['RSI_OVERSOLD'],[79]
poland,FEE.WA,1w,"['RSI_OVERSOLD', 'RSI_OVERSOLD', 'RSI_OVERSOLD', 'RSI_OVERSOLD', 'engulfing']","[440, 425, 422, 237, 235]"
poland,FHB.WA,1w,"['RSI_OVERSOLD', 'engulfing', 'hammer']","[482, 478, 95]"
poland,FMG.WA,1w,"['engulfing', 'RSI_OVERSOLD', 'RSI_OVERSOLD', 'RSI_OVERSOLD', 'piercing_line']","[380, 367, 252, 44, 42]"
poland,FON.WA,1w,"['RSI_OVERSOLD', 'hammer', 'RSI_OVERSOLD', 'RSI_OVERSOLD', 'engulfing']","[365, 359, 220, 202, 37]"
poland,FOR.WA,1w,"['RSI_OVERSOLD', 'RSI_OVERSOLD', 'RSI_OVERSOLD', 'engulfing', 'engulfing']","[155, 62, 55, 53, 42]"
poland,FRO.WA,1w,"['hammer', 'RSI_OVERSOLD']","[220, 198]"
poland,FSG.WA,1w,"['RSI_OVERSOLD', 'RSI_OVERSOLD', 'RSI_OVERSOLD']","[338, 311, 95]"
poland,FTE.WA,1w,"['RSI_OVERSOLD', 'RSI_OVERSOLD', 'hammer', 'RSI_OVERSOLD', 'engulfing']","[210, 155, 154, 45, 10]"
poland,GIF.WA,1w,"['engulfing', 'RSI_OVERSOLD', 'RSI_OVERSOLD', 'engulfing', 'hammer']","[268, 225, 113, 110, 107]"
poland,GKI.WA,1w,"['RSI_OVERSOLD', 'RSI_OVERSOLD', 'inverted_hammer', 'RSI_OVERSOLD', 'engulfing']","[444, 343, 232, 115, 106]"
poland,GMT.WA,1w,"['RSI_OVERSOLD', 'RSI_OVERSOLD', 'RSI_OVERSOLD', 'RSI_OVERSOLD', 'RSI_OVERSOLD']","[259, 240, 109, 49, 47]"
poland,GNS.WA,1w,"['RSI_OVERSOLD', 'RSI_OVERSOLD', 'RSI_OVERSOLD', 'hammer', 'engulfing']","[269, 266, 161, 103, 102]"
poland,GOB.WA,1w,"['hammer', 'engulfing', 'RSI_OVERSOLD', 'RSI_OVERSOLD', 'inverted_hammer, RSI_OVERSOLD']","[253, 251, 95, 92, 43]"
poland,GOP.WA,1w,"['RSI_OVERSOLD', 'hammer', 'RSI_OVERSOLD', 'RSI_OVERSOLD', 'engulfing']","[259, 258, 96, 45, 42]"
poland,GPP.WA,1w,"['engulfing', 'RSI_OVERSOLD']","[33, 32]"
poland,GPW.WA,1w,"['RSI_OVERSOLD', 'RSI_OVERSOLD']","[438, 241]"
poland,GRM.WA,1w,,
poland,GRN.WA,1w,"['engulfing', 'RSI_OVERSOLD', 'RSI_OVERSOLD']","[429, 423, 97]"
poland,GRX.WA,1w,"['RSI_OVERSOLD', 'RSI_OVERSOLD']","[346, 112]"
poland,GTC.WA,1w,"['RSI_OVERSOLD', 'engulfing', 'RSI_OVERSOLD']","[343, 43, 40]"
poland,GTN.WA,1w,"['engulfing', 'RSI_OVERSOLD', 'RSI_OVERSOLD', 'RSI_OVERSOLD', 'RSI_OVERSOLD']","[447, 443, 241, 16, 5]"
poland,GVT.WA,1w,"['RSI_OVERSOLD', 'RSI_OVERSOLD', 'RSI_OVERSOLD', 'RSI_OVERSOLD', 'hammer']","[363, 253, 237, 234, 118]"
poland,HDR.WA,1w,"['RSI_OVERSOLD', 'engulfing', 'RSI_OVERSOLD', 'RSI_OVERSOLD', 'RSI_OVERSOLD']","[57, 55, 49, 18, 13]"
poland,HEL.WA,1w,"['RSI_OVERSOLD', 'RSI_OVERSOLD', 'RSI_OVERSOLD', 'engulfing']","[407, 344, 101, 99]"
poland,HRP.WA,1w,"['RSI_OVERSOLD', 'hammer', 'hammer', 'engulfing', 'hammer']","[460, 459, 412, 409, 378]"
poland,HRS.WA,1w,"['RSI_OVERSOLD', 'inverted_hammer', 'RSI_OVERSOLD', 'RSI_OVERSOLD', 'RSI_OVERSOLD']","[348, 337, 210, 207, 168]"
poland,HUB.WA,1w,"['RSI_OVERSOLD', 'RSI_OVERSOLD', 'inverted_hammer']","[252, 138, 43]"
poland,HUG.WA,1w,,
poland,IBS.WA,1w,"['RSI_OVERSOLD', 'RSI_OVERSOLD', 'RSI_OVERSOLD', 'RSI_OVERSOLD', 'RSI_OVERSOLD']","[415, 405, 353, 331, 14]"
poland,ICE.WA,1w,"['hammer', 'RSI_OVERSOLD', 'RSI_OVERSOLD', 'RSI_OVERSOLD']","[352, 242, 158, 129]"
poland,IDM.WA,1w,,
poland,IFI.WA,1w,['RSI_OVERSOLD'],[18]
poland,IFR.WA,1w,"['RSI_OVERSOLD', 'hammer', 'RSI_OVERSOLD']","[437, 248, 36]"
poland,IMC.WA,1w,"['RSI_OVERSOLD', 'RSI_OVERSOLD', 'engulfing', 'RSI_OVERSOLD', 'hammer']","[434, 242, 157, 149, 143]"
poland,IMP.WA,1w,"['RSI_OVERSOLD', 'engulfing', 'hammer', 'RSI_OVERSOLD']","[420, 417, 250, 159]"
poland,IMS.WA,1w,"['hammer', 'RSI_OVERSOLD']","[424, 42]"
poland,INC.WA,1w,"['hammer', 'engulfing', 'inverted_hammer', 'RSI_OVERSOLD', 'RSI_OVERSOLD']","[251, 250, 227, 99, 97]"
poland,ING.WA,1w,"['RSI_OVERSOLD', 'engulfing', 'hammer']","[344, 339, 215]"
poland,INK.WA,1w,,
poland,INL.WA,1w,"['RSI_OVERSOLD', 'RSI_OVERSOLD', 'RSI_OVERSOLD', 'hammer', 'RSI_OVERSOLD']","[418, 350, 80, 77, 72]"
poland,INP.WA,1w,"['hammer', 'RSI_OVERSOLD', 'hammer', 'RSI_OVERSOLD', 'hammer']","[399, 222, 205, 104, 99]"
poland,IPE.WA,1w,"['hammer', 'RSI_OVERSOLD']","[477, 242]"
poland,IPO.WA,1w,"['RSI_OVERSOLD', 'RSI_OVERSOLD', 'RSI_OVERSOLD', 'RSI_OVERSOLD']","[439, 366, 227, 12]"
poland,ITB.WA,1w,"['RSI_OVERSOLD', 'RSI_OVERSOLD', 'hammer', 'inverted_hammer', 'RSI_OVERSOLD']","[461, 451, 449, 223, 18]"
poland,IZB.WA,1w,"['RSI_OVERSOLD', 'RSI_OVERSOLD', 'RSI_OVERSOLD', 'hammer', 'hammer']","[466, 403, 97, 95, 47]"
poland,IZO.WA,1w,"['RSI_OVERSOLD', 'hammer']","[428, 425]"
poland,IZS.WA,1w,"['RSI_OVERSOLD', 'RSI_OVERSOLD', 'hammer', 'RSI_OVERSOLD', 'RSI_OVERSOLD']","[411, 346, 318, 251, 242]"
poland,JMT.WA,1w,"['inverted_hammer', 'RSI_OVERSOLD', 'RSI_OVERSOLD', 'hammer', 'RSI_OVERSOLD']","[143, 135, 116, 22, 15]"
poland,JRH.WA,1w,"['RSI_OVERSOLD', 'RSI_OVERSOLD']","[259, 159]"
poland,JSW.WA,1w,"['inverted_hammer', 'RSI_OVERSOLD', 'RSI_OVERSOLD', 'RSI_OVERSOLD', 'RSI_OVERSOLD']","[384, 383, 211, 129, 124]"
poland,JWW.WA,1w,"['RSI_OVERSOLD', 'RSI_OVERSOLD', 'piercing_line', 'RSI_OVERSOLD']","[483, 458, 457, 442]"
poland,KCH.WA,1w,"['RSI_OVERSOLD', 'RSI_OVERSOLD', 'hammer', 'RSI_OVERSOLD', 'RSI_OVERSOLD']","[450, 377, 370, 126, 44]"
poland,KCI.WA,1w,"['RSI_OVERSOLD', 'RSI_OVERSOLD', 'RSI_OVERSOLD', 'inverted_hammer']","[444, 435, 373, 33]"
poland,KER.WA,1w,"['RSI_OVERSOLD', 'RSI_OVERSOLD', 'RSI_OVERSOLD', 'RSI_OVERSOLD']","[471, 466, 343, 242]"
poland,KGH.WA,1w,"['RSI_OVERSOLD', 'engulfing', 'RSI_OVERSOLD', 'hammer']","[446, 372, 344, 223]"
poland,KGL.WA,1w,"['RSI_OVERSOLD', 'engulfing', 'RSI_OVERSOLD', 'RSI_OVERSOLD', 'RSI_OVERSOLD']","[406, 252, 248, 50, 24]"
poland,KGN.WA,1w,"['RSI_OVERSOLD', 'RSI_OVERSOLD', 'inverted_hammer, RSI_OVERSOLD', 'engulfing', 'engulfing']","[402, 383, 345, 343, 250]"
poland,KMP.WA,1w,"['hammer', 'RSI_OVERSOLD']","[409, 404]"
poland,KOM.WA,1w,"['RSI_OVERSOLD', 'RSI_OVERSOLD', 'RSI_OVERSOLD', 'RSI_OVERSOLD', 'RSI_OVERSOLD']","[408, 372, 358, 356, 344]"
poland,KPD.WA,1w,"['RSI_OVERSOLD', 'engulfing', 'RSI_OVERSOLD', 'inverted_hammer', 'RSI_OVERSOLD']","[147, 126, 108, 78, 47]"
poland,KPL.WA,1w,"['RSI_OVERSOLD', 'hammer']","[342, 16]"
poland,KRK.WA,1w,['RSI_OVERSOLD'],[241]
poland,KRU.WA,1w,"['RSI_OVERSOLD', 'RSI_OVERSOLD', 'RSI_OVERSOLD']","[457, 366, 344]"
poland,KSG.WA,1w,"['RSI_OVERSOLD', 'RSI_OVERSOLD']","[439, 242]"
poland,KTY.WA,1w,,
poland,KVT.WA,1w,"['RSI_OVERSOLD', 'RSI_OVERSOLD']","[467, 95]"
poland,LBT.WA,1w,"['RSI_OVERSOLD', 'RSI_OVERSOLD', 'RSI_OVERSOLD', 'RSI_OVERSOLD']","[384, 378, 367, 152]"
poland,LBW.WA,1w,"['RSI_OVERSOLD', 'RSI_OVERSOLD', 'RSI_OVERSOLD', 'RSI_OVERSOLD']","[475, 416, 408, 344]"
poland,LEN.WA,1w,"['RSI_OVERSOLD', 'hammer', 'RSI_OVERSOLD', 'hammer', 'RSI_OVERSOLD']","[428, 156, 155, 42, 5]"
poland,LES.WA,1w,"['RSI_OVERSOLD', 'RSI_OVERSOLD', 'RSI_OVERSOLD', 'engulfing', 'RSI_OVERSOLD']","[346, 211, 163, 160, 5]"
poland,LKD.WA,1w,['RSI_OVERSOLD'],[336]
poland,LMU.WA,1w,,
poland,LPP.WA,1w,"['RSI_OVERSOLD', 'RSI_OVERSOLD', 'engulfing']","[346, 241, 240]"
poland,LRQ.WA,1w,"['RSI_OVERSOLD', 'piercing_line', 'RSI_OVERSOLD', 'RSI_OVERSOLD', 'RSI_OVERSOLD']","[436, 422, 388, 373, 277]"
poland,LSI.WA,1w,"['hammer', 'hammer', 'RSI_OVERSOLD']","[430, 250, 211]"
poland,LTX.WA,1w,"['RSI_OVERSOLD', 'RSI_OVERSOLD', 'engulfing', 'RSI_OVERSOLD', 'hammer']","[218, 156, 152, 43, 36]"
poland,LWB.WA,1w,"['RSI_OVERSOLD', 'RSI_OVERSOLD', 'RSI_OVERSOLD', 'RSI_OVERSOLD']","[391, 348, 109, 44]"
poland,MAB.WA,1w,"['RSI_OVERSOLD', 'RSI_OVERSOLD', 'RSI_OVERSOLD', 'RSI_OVERSOLD']","[403, 344, 242, 102]"
poland,MAK.WA,1w,['RSI_OVERSOLD'],[466]
poland,MAN.WA,1w,"['RSI_OVERSOLD', 'RSI_OVERSOLD', 'RSI_OVERSOLD', 'inverted_hammer', 'RSI_OVERSOLD']","[367, 217, 213, 149, 148]"
poland,MBK.WA,1w,"['RSI_OVERSOLD', 'RSI_OVERSOLD', 'RSI_OVERSOLD', 'hammer', 'hammer']","[344, 341, 311, 231, 209]"
poland,MBR.WA,1w,"['hammer', 'RSI_OVERSOLD']","[116, 71]"
poland,MBW.WA,1w,"['RSI_OVERSOLD', 'hammer', 'RSI_OVERSOLD', 'RSI_OVERSOLD', 'RSI_OVERSOLD']","[422, 408, 385, 344, 42]"
poland,MCI.WA,1w,"['RSI_OVERSOLD', 'RSI_OVERSOLD', 'inverted_hammer', 'hammer', 'hammer']","[390, 385, 382, 240, 111]"
poland,MCR.WA,1w,"['RSI_OVERSOLD', 'RSI_OVERSOLD', 'RSI_OVERSOLD', 'inverted_hammer', 'hammer']","[342, 245, 242, 137, 136]"
poland,MDG.WA,1w,"['RSI_OVERSOLD', 'RSI_OVERSOLD', 'RSI_OVERSOLD', 'engulfing', 'RSI_OVERSOLD']","[424, 357, 263, 230, 229]"
poland,MDI.WA,1w,"['RSI_OVERSOLD', 'RSI_OVERSOLD', 'RSI_OVERSOLD', 'RSI_OVERSOLD', 'RSI_OVERSOLD']","[200, 186, 95, 57, 52]"
poland,MDV.WA,1w,"['RSI_OVERSOLD', 'engulfing', 'RSI_OVERSOLD', 'hammer', 'RSI_OVERSOLD']","[247, 240, 239, 231, 45]"
poland,MEG.WA,1w,"['RSI_OVERSOLD', 'RSI_OVERSOLD', 'hammer', 'RSI_OVERSOLD', 'RSI_OVERSOLD']","[181, 135, 91, 90, 53]"
poland,MEX.WA,1w,"['engulfing', 'RSI_OVERSOLD', 'RSI_OVERSOLD', 'RSI_OVERSOLD', 'RSI_OVERSOLD']","[340, 323, 313, 95, 78]"
poland,MFO.WA,1w,"['RSI_OVERSOLD', 'RSI_OVERSOLD', 'RSI_OVERSOLD', 'RSI_OVERSOLD']","[414, 410, 344, 105]"
poland,MGT.WA,1w,"['engulfing', 'RSI_OVERSOLD', 'RSI_OVERSOLD']","[416, 344, 106]"
poland,MIL.WA,1w,"['RSI_OVERSOLD', 'RSI_OVERSOLD', 'RSI_OVERSOLD']","[375, 372, 344]"
poland,MIR.WA,1w,"['RSI_OVERSOLD', 'RSI_OVERSOLD', 'engulfing', 'RSI_OVERSOLD', 'RSI_OVERSOLD']","[112, 100, 96, 45, 42]"
poland,MLG.WA,1w,"['hammer', 'RSI_OVERSOLD']","[58, 56]"
poland,MLK.WA,1w,"['inverted_hammer, RSI_OVERSOLD', 'inverted_hammer', 'RSI_OVERSOLD', 'RSI_OVERSOLD']","[434, 408, 361, 3]"
poland,MLP.WA,1w,"['RSI_OVERSOLD', 'RSI_OVERSOLD', 'hammer', 'RSI_OVERSOLD', 'RSI_OVERSOLD']","[139, 135, 100, 96, 30]"
poland,MLS.WA,1w,"['RSI_OVERSOLD', 'RSI_OVERSOLD', 'RSI_OVERSOLD', 'RSI_OVERSOLD', 'RSI_OVERSOLD']","[383, 246, 242, 134, 98]"
poland,MNC.WA,1w,"['hammer', 'RSI_OVERSOLD', 'RSI_OVERSOLD']","[419, 344, 95]"
poland,MOC.WA,1w,"['RSI_OVERSOLD', 'RSI_OVERSOLD', 'RSI_OVERSOLD', 'RSI_OVERSOLD', 'RSI_OVERSOLD']","[260, 242, 225, 105, 72]"
poland,MOL.WA,1w,"['RSI_OVERSOLD', 'RSI_OVERSOLD', 'engulfing', 'RSI_OVERSOLD', 'inverted_hammer']","[240, 169, 159, 71, 58]"
poland,MON.WA,1w,"['RSI_OVERSOLD', 'RSI_OVERSOLD', 'engulfing', 'RSI_OVERSOLD']","[416, 368, 362, 349]"
poland,MOV.WA,1w,"['RSI_OVERSOLD', 'hammer', 'RSI_OVERSOLD', 'hammer', 'RSI_OVERSOLD']","[215, 97, 52, 48, 6]"
poland,MQR.WA,1w,"['hammer', 'RSI_OVERSOLD', 'engulfing', 'RSI_OVERSOLD', 'RSI_OVERSOLD']","[147, 72, 69, 68, 31]"
poland,MRB.WA,1w,"['RSI_OVERSOLD', 'RSI_OVERSOLD', 'RSI_OVERSOLD']","[344, 31, 22]"
poland,MRC.WA,1w,"['RSI_OVERSOLD', 'hammer, engulfing', 'RSI_OVERSOLD', 'RSI_OVERSOLD', 'RSI_OVERSOLD']","[391, 262, 260, 247, 49]"
poland,MSP.WA,1w,"['RSI_OVERSOLD', 'engulfing', 'RSI_OVERSOLD']","[421, 406, 130]"
poland,MSW.WA,1w,"['RSI_OVERSOLD', 'RSI_OVERSOLD', 'RSI_OVERSOLD', 'RSI_OVERSOLD', 'RSI_OVERSOLD']","[464, 434, 346, 344, 25]"
poland,MSZ.WA,1w,"['hammer', 'engulfing', 'RSI_OVERSOLD', 'RSI_OVERSOLD']","[462, 461, 460, 442]"
poland,MUR.WA,1w,,
poland,MVP.WA,1w,"['inverted_hammer', 'RSI_OVERSOLD']","[210, 95]"
poland,MWT.WA,1w,"['RSI_OVERSOLD', 'RSI_OVERSOLD', 'hammer', 'RSI_OVERSOLD', 'RSI_OVERSOLD']","[492, 471, 468, 429, 340]"
poland,MXC.WA,1w,"['RSI_OVERSOLD', 'inverted_hammer', 'hammer', 'RSI_OVERSOLD', 'hammer']","[344, 97, 96, 67, 64]"
poland,MZA.WA,1w,"['RSI_OVERSOLD', 'RSI_OVERSOLD', 'RSI_OVERSOLD', 'hammer', 'RSI_OVERSOLD']","[413, 346, 344, 147, 50]"
poland,NCL.WA,1w,['RSI_OVERSOLD'],[117]
poland,NEU.WA,1w,"['hammer', 'hammer', 'engulfing', 'RSI_OVERSOLD', 'RSI_OVERSOLD']","[479, 476, 254, 209, 29]"
poland,NNG.WA,1w,"['RSI_OVERSOLD', 'inverted_hammer, RSI_OVERSOLD', 'RSI_OVERSOLD', 'RSI_OVERSOLD']","[416, 408, 251, 163]"
poland,NTC.WA,1w,"['RSI_OVERSOLD', 'RSI_OVERSOLD', 'inverted_hammer', 'RSI_OVERSOLD', 'RSI_OVERSOLD']","[339, 321, 205, 200, 43]"
poland,NTT.WA,1w,"['RSI_OVERSOLD', 'inverted_hammer']","[498, 340]"
poland,NTU.WA,1w,"['RSI_OVERSOLD', 'piercing_line', 'RSI_OVERSOLD', 'RSI_OVERSOLD', 'RSI_OVERSOLD']","[311, 240, 148, 104, 52]"
poland,NVA.WA,1w,"['RSI_OVERSOLD', 'RSI_OVERSOLD', 'RSI_OVERSOLD', 'RSI_OVERSOLD', 'hammer']","[414, 410, 402, 341, 77]"
poland,NVG.WA,1w,"['RSI_OVERSOLD', 'RSI_OVERSOLD', 'RSI_OVERSOLD', 'RSI_OVERSOLD', 'RSI_OVERSOLD']","[222, 97, 44, 25, 3]"
poland,NVT.WA,1w,"['RSI_OVERSOLD', 'RSI_OVERSOLD', 'RSI_OVERSOLD', 'piercing_line', 'RSI_OVERSOLD']","[211, 207, 72, 71, 70]"
poland,NWA.WA,1w,,
poland,NWG.WA,1w,"['RSI_OVERSOLD', 'RSI_OVERSOLD']","[414, 255]"
poland,NXG.WA,1w,"['RSI_OVERSOLD', 'RSI_OVERSOLD', 'inverted_hammer']","[286, 100, 35]"
poland,OBL.WA,1w,,
poland,ODL.WA,1w,"['hammer', 'RSI_OVERSOLD']","[473, 106]"
poland,OML.WA,1w,"['RSI_OVERSOLD', 'hammer', 'RSI_OVERSOLD', 'RSI_OVERSOLD', 'RSI_OVERSOLD']","[251, 230, 228, 155, 124]"
poland,OND.WA,1w,,
poland,ONO.WA,1w,"['hammer', 'hammer', 'RSI_OVERSOLD', 'RSI_OVERSOLD']","[250, 116, 94, 44]"
poland,OPG.WA,1w,,
poland,OPL.WA,1w,['RSI_OVERSOLD'],[430]
poland,OPM.WA,1w,"['RSI_OVERSOLD', 'RSI_OVERSOLD', 'RSI_OVERSOLD', 'hammer', 'RSI_OVERSOLD']","[123, 114, 112, 96, 51]"
poland,OPN.WA,1w,"['RSI_OVERSOLD', 'RSI_OVERSOLD', 'engulfing', 'hammer']","[433, 423, 339, 240]"
poland,ORL.WA,1w,"['inverted_hammer', 'inverted_hammer', 'inverted_hammer', 'RSI_OVERSOLD', 'inverted_hammer']","[68, 62, 60, 32, 16]"
poland,OTM.WA,1w,"['inverted_hammer', 'engulfing', 'RSI_OVERSOLD', 'RSI_OVERSOLD', 'RSI_OVERSOLD']","[434, 431, 409, 343, 224]"
poland,OTS.WA,1w,"['engulfing', 'piercing_line', 'engulfing', 'RSI_OVERSOLD']","[428, 422, 411, 108]"
poland,PAS.WA,1w,"['hammer', 'engulfing']","[187, 161]"
poland,PAT.WA,1w,"['RSI_OVERSOLD', 'hammer']","[434, 272]"
poland,PBF.WA,1w,"['inverted_hammer', 'inverted_hammer', 'engulfing', 'RSI_OVERSOLD', 'RSI_OVERSOLD']","[468, 420, 411, 409, 65]"
poland,PBG.WA,1w,"['RSI_OVERSOLD', 'engulfing', 'RSI_OVERSOLD', 'RSI_OVERSOLD']","[479, 477, 384, 358]"
poland,PBX.WA,1w,"['RSI_OVERSOLD', 'hammer', 'RSI_OVERSOLD', 'RSI_OVERSOLD', 'RSI_OVERSOLD']","[231, 114, 109, 106, 47]"
poland,PCE.WA,1w,"['RSI_OVERSOLD', 'hammer', 'RSI_OVERSOLD', 'hammer', 'RSI_OVERSOLD']","[116, 103, 95, 46, 44]"
poland,PCF.WA,1w,"['RSI_OVERSOLD', 'engulfing', 'RSI_OVERSOLD', 'engulfing', 'RSI_OVERSOLD']","[149, 125, 71, 63, 55]"
poland,PCO.WA,1w,"['RSI_OVERSOLD', 'RSI_OVERSOLD', 'RSI_OVERSOLD', 'inverted_hammer']","[222, 211, 162, 135]"
poland,PCR.WA,1w,"['RSI_OVERSOLD', 'RSI_OVERSOLD', 'RSI_OVERSOLD', 'RSI_OVERSOLD']","[346, 344, 100, 42]"
poland,PCX.WA,1w,"['hammer', 'engulfing', 'RSI_OVERSOLD', 'RSI_OVERSOLD', 'RSI_OVERSOLD']","[163, 159, 96, 43, 30]"
poland,PEN.WA,1w,"['RSI_OVERSOLD', 'RSI_OVERSOLD', 'RSI_OVERSOLD', 'engulfing']","[164, 148, 109, 42]"
poland,PEO.WA,1w,"['RSI_OVERSOLD', 'hammer']","[344, 231]"
poland,PEP.WA,1w,"['RSI_OVERSOLD', 'RSI_OVERSOLD']","[135, 59]"
poland,PGE.WA,1w,,
poland,PGM.WA,1w,"['RSI_OVERSOLD', 'RSI_OVERSOLD', 'RSI_OVERSOLD', 'RSI_OVERSOLD', 'RSI_OVERSOLD']","[389, 239, 233, 100, 89]"
poland,PGV.WA,1w,"['RSI_OVERSOLD', 'RSI_OVERSOLD', 'RSI_OVERSOLD', 'RSI_OVERSOLD', 'RSI_OVERSOLD']","[252, 230, 160, 148, 118]"
poland,PHN.WA,1w,"['RSI_OVERSOLD', 'RSI_OVERSOLD', 'RSI_OVERSOLD', 'RSI_OVERSOLD', 'RSI_OVERSOLD']","[424, 414, 311, 115, 95]"
poland,PHR.WA,1w,"['RSI_OVERSOLD', 'engulfing', 'RSI_OVERSOLD', 'RSI_OVERSOLD', 'engulfing']","[423, 239, 73, 44, 41]"
poland,PJP.WA,1w,"['RSI_OVERSOLD', 'RSI_OVERSOLD', 'RSI_OVERSOLD', 'RSI_OVERSOLD']","[343, 255, 248, 235]"
poland,PKN.WA,1w,"['engulfing', 'RSI_OVERSOLD', 'RSI_OVERSOLD', 'RSI_OVERSOLD']","[348, 346, 313, 95]"
poland,PKO.WA,1w,"['RSI_OVERSOLD', 'hammer', 'RSI_OVERSOLD']","[345, 223, 211]"
poland,PKP.WA,1w,"['piercing_line', 'RSI_OVERSOLD', 'RSI_OVERSOLD', 'RSI_OVERSOLD', 'RSI_OVERSOLD']","[343, 336, 44, 14, 8]"
poland,PLT.WA,1w,,
poland,PLW.WA,1w,,
poland,PLZ.WA,1w,"['RSI_OVERSOLD', 'RSI_OVERSOLD', 'engulfing', 'hammer', 'RSI_OVERSOLD']","[469, 465, 340, 338, 26]"
poland,PNT.WA,1w,"['hammer', 'RSI_OVERSOLD', 'hammer', 'engulfing', 'RSI_OVERSOLD']","[255, 244, 212, 211, 133]"
poland,PPS.WA,1w,"['RSI_OVERSOLD', 'RSI_OVERSOLD', 'RSI_OVERSOLD', 'hammer', 'RSI_OVERSOLD']","[130, 125, 70, 12, 11]"
poland,PRE.WA,1w,,
poland,PRI.WA,1w,"['engulfing', 'hammer', 'RSI_OVERSOLD', 'piercing_line', 'RSI_OVERSOLD']","[291, 94, 69, 50, 39]"
poland,PRM.WA,1w,"['RSI_OVERSOLD', 'hammer', 'RSI_OVERSOLD', 'RSI_OVERSOLD', 'RSI_OVERSOLD']","[344, 185, 159, 79, 70]"
poland,PRT.WA,1w,"['RSI_OVERSOLD', 'engulfing', 'RSI_OVERSOLD', 'RSI_OVERSOLD', 'engulfing']","[352, 161, 147, 97, 91]"
poland,PRTP.WA,1w,,
poland,PTG.WA,1w,"['RSI_OVERSOLD', 'RSI_OVERSOLD', 'RSI_OVERSOLD', 'RSI_OVERSOLD', 'engulfing']","[95, 68, 58, 29, 25]"
poland,PTN.WA,1w,['hammer'],[148]
poland,PTW.WA,1w,"['RSI_OVERSOLD', 'RSI_OVERSOLD']","[377, 311]"
poland,PWX.WA,1w,"['RSI_OVERSOLD', 'RSI_OVERSOLD', 'RSI_OVERSOLD', 'hammer', 'RSI_OVERSOLD']","[266, 151, 43, 25, 2]"
poland,PXM.WA,1w,"['RSI_OVERSOLD', 'inverted_hammer', 'RSI_OVERSOLD', 'hammer', 'RSI_OVERSOLD']","[344, 241, 110, 105, 95]"
poland,PZU.WA,1w,"['piercing_line', 'RSI_OVERSOLD', 'hammer', 'RSI_OVERSOLD', 'RSI_OVERSOLD']","[343, 313, 311, 241, 211]"
poland,QNA.WA,1w,,
poland,QNT.WA,1w,"['hammer', 'hammer', 'hammer']","[149, 92, 90]"
poland,QRS.WA,1w,"['RSI_OVERSOLD', 'engulfing', 'RSI_OVERSOLD', 'hammer']","[445, 366, 242, 211]"
poland,RAF.WA,1w,"['RSI_OVERSOLD', 'hammer', 'RSI_OVERSOLD', 'RSI_OVERSOLD', 'RSI_OVERSOLD']","[410, 405, 360, 356, 193]"
poland,RBW.WA,1w,"['RSI_OVERSOLD', 'inverted_hammer', 'RSI_OVERSOLD']","[431, 345, 344]"
poland,RDN.WA,1w,"['hammer', 'RSI_OVERSOLD', 'RSI_OVERSOLD', 'RSI_OVERSOLD', 'hammer']","[207, 116, 99, 88, 86]"
poland,REX.WA,1w,,
poland,RHD.WA,1w,"['RSI_OVERSOLD', 'RSI_OVERSOLD']","[425, 222]"
poland,RLP.WA,1w,"['RSI_OVERSOLD', 'RSI_OVERSOLD', 'RSI_OVERSOLD', 'RSI_OVERSOLD']","[374, 369, 242, 97]"
poland,RMK.WA,1w,"['RSI_OVERSOLD', 'RSI_OVERSOLD', 'RSI_OVERSOLD', 'RSI_OVERSOLD', 'RSI_OVERSOLD']","[462, 424, 344, 101, 96]"
poland,RNC.WA,1w,"['hammer', 'hammer', 'RSI_OVERSOLD', 'RSI_OVERSOLD']","[464, 253, 242, 107]"
poland,RND.WA,1w,"['hammer', 'engulfing', 'RSI_OVERSOLD']","[95, 92, 88]"
poland,RNK.WA,1w,"['hammer', 'RSI_OVERSOLD', 'engulfing']","[372, 345, 230]"
poland,ROB.WA,1w,,
poland,RPC.WA,1w,['hammer'],[104]
poland,RVU.WA,1w,"['RSI_OVERSOLD', 'RSI_OVERSOLD']","[91, 20]"
poland,RWL.WA,1w,"['RSI_OVERSOLD', 'RSI_OVERSOLD']","[344, 46]"
poland,S2B.WA,1w,,
poland,SAN.WA,1w,"['RSI_OVERSOLD', 'engulfing', 'RSI_OVERSOLD', 'RSI_OVERSOLD']","[344, 342, 339, 335]"
poland,SCP.WA,1w,"['RSI_OVERSOLD', 'RSI_OVERSOLD', 'RSI_OVERSOLD']","[222, 95, 23]"
poland,SCW.WA,1w,,
poland,SEK.WA,1w,"['hammer', 'hammer']","[266, 86]"
poland,SEL.WA,1w,"['RSI_OVERSOLD', 'RSI_OVERSOLD', 'engulfing', 'RSI_OVERSOLD', 'RSI_OVERSOLD']","[446, 440, 438, 422, 414]"
poland,SFG.WA,1w,"['RSI_OVERSOLD', 'hammer', 'RSI_OVERSOLD', 'RSI_OVERSOLD', 'RSI_OVERSOLD']","[241, 233, 167, 106, 16]"
poland,SFS.WA,1w,"['RSI_OVERSOLD', 'RSI_OVERSOLD', 'engulfing', 'RSI_OVERSOLD', 'RSI_OVERSOLD']","[362, 344, 340, 312, 108]"
poland,SGN.WA,1w,"['RSI_OVERSOLD', 'RSI_OVERSOLD', 'RSI_OVERSOLD']","[378, 376, 35]"
poland,SHD.WA,1w,"['hammer', 'engulfing', 'inverted_hammer', 'RSI_OVERSOLD', 'RSI_OVERSOLD']","[259, 255, 157, 150, 38]"
poland,SHG.WA,1w,"['inverted_hammer', 'RSI_OVERSOLD']","[437, 23]"
poland,SIM.WA,1w,"['RSI_OVERSOLD', 'RSI_OVERSOLD', 'RSI_OVERSOLD']","[253, 208, 147]"
poland,SKA.WA,1w,"['RSI_OVERSOLD', 'RSI_OVERSOLD', 'RSI_OVERSOLD', 'RSI_OVERSOLD']","[372, 253, 208, 102]"
poland,SKH.WA,1w,"['RSI_OVERSOLD', 'RSI_OVERSOLD', 'hammer']","[403, 343, 211]"
poland,SKL.WA,1w,,
poland,SLV.WA,1w,"['RSI_OVERSOLD', 'RSI_OVERSOLD']","[80, 69]"
poland,SNK.WA,1w,"['RSI_OVERSOLD', 'RSI_OVERSOLD', 'RSI_OVERSOLD', 'inverted_hammer', 'RSI_OVERSOLD']","[368, 356, 346, 341, 259]"
poland,SNT.WA,1w,['RSI_OVERSOLD'],[424]
poland,SNW.WA,1w,"['RSI_OVERSOLD', 'hammer', 'RSI_OVERSOLD']","[252, 207, 95]"
poland,SNX.WA,1w,"['RSI_OVERSOLD', 'RSI_OVERSOLD', 'RSI_OVERSOLD', 'hammer', 'engulfing']","[460, 97, 50, 48, 42]"
poland,SON.WA,1w,"['inverted_hammer', 'hammer', 'RSI_OVERSOLD']","[473, 449, 29]"
poland,SPH.WA,1w,"['RSI_OVERSOLD', 'RSI_OVERSOLD', 'hammer', 'RSI_OVERSOLD']","[423, 362, 358, 35]"
poland,SPR.WA,1w,['RSI_OVERSOLD'],[3]
poland,STF.WA,1w,"['RSI_OVERSOLD', 'RSI_OVERSOLD', 'hammer', 'RSI_OVERSOLD', 'RSI_OVERSOLD']","[399, 383, 382, 344, 95]"
poland,STP.WA,1w,"['RSI_OVERSOLD', 'RSI_OVERSOLD', 'RSI_OVERSOLD', 'RSI_OVERSOLD', 'RSI_OVERSOLD']","[408, 387, 378, 344, 264]"
poland,STS.WA,1w,"['engulfing', 'RSI_OVERSOLD', 'RSI_OVERSOLD', 'inverted_hammer', 'hammer']","[197, 147, 102, 10, 3]"
poland,STX.WA,1w,"['RSI_OVERSOLD', 'RSI_OVERSOLD', 'RSI_OVERSOLD', 'hammer', 'hammer']","[433, 344, 242, 214, 55]"
poland,SVE.WA,1w,"['RSI_OVERSOLD', 'RSI_OVERSOLD', 'RSI_OVERSOLD', 'RSI_OVERSOLD', 'hammer']","[149, 146, 45, 43, 23]"
poland,SVRS.WA,1w,"['RSI_OVERSOLD', 'engulfing', 'hammer', 'RSI_OVERSOLD', 'RSI_OVERSOLD']","[346, 339, 107, 87, 21]"
poland,SWG.WA,1w,"['hammer', 'RSI_OVERSOLD', 'hammer', 'inverted_hammer', 'inverted_hammer']","[470, 465, 302, 158, 96]"
poland,TAR.WA,1w,['RSI_OVERSOLD'],[468]
poland,TBL.WA,1w,"['RSI_OVERSOLD', 'hammer', 'hammer', 'engulfing', 'RSI_OVERSOLD']","[252, 250, 160, 156, 146]"
poland,TEN.WA,1w,"['RSI_OVERSOLD', 'RSI_OVERSOLD', 'hammer', 'RSI_OVERSOLD', 'hammer']","[261, 246, 242, 182, 177]"
poland,THG.WA,1w,"['RSI_OVERSOLD', 'hammer', 'hammer', 'RSI_OVERSOLD', 'RSI_OVERSOLD']","[179, 151, 147, 104, 92]"
poland,TLX.WA,1w,"['RSI_OVERSOLD', 'RSI_OVERSOLD', 'RSI_OVERSOLD', 'RSI_OVERSOLD', 'RSI_OVERSOLD']","[421, 413, 411, 344, 211]"
poland,TME.WA,1w,"['RSI_OVERSOLD', 'RSI_OVERSOLD', 'RSI_OVERSOLD', 'RSI_OVERSOLD', 'hammer']","[348, 335, 44, 15, 9]"
poland,TMR.WA,1w,"['inverted_hammer', 'hammer', 'RSI_OVERSOLD', 'RSI_OVERSOLD']","[207, 125, 124, 81]"
poland,TOA.WA,1w,"['RSI_OVERSOLD', 'RSI_OVERSOLD', 'engulfing', 'RSI_OVERSOLD', 'RSI_OVERSOLD']","[344, 242, 240, 223, 79]"
poland,TOR.WA,1w,"['RSI_OVERSOLD', 'RSI_OVERSOLD', 'RSI_OVERSOLD']","[468, 439, 415]"
poland,TOW.WA,1w,"['hammer', 'RSI_OVERSOLD', 'RSI_OVERSOLD', 'inverted_hammer', 'inverted_hammer']","[157, 126, 16, 11, 9]"
poland,TPE.WA,1w,"['RSI_OVERSOLD', 'RSI_OVERSOLD', 'RSI_OVERSOLD', 'RSI_OVERSOLD', 'inverted_hammer']","[439, 423, 385, 346, 251]"
poland,TRI.WA,1w,"['hammer', 'hammer, RSI_OVERSOLD', 'RSI_OVERSOLD', 'RSI_OVERSOLD', 'RSI_OVERSOLD']","[437, 111, 109, 103, 77]"
poland,TRK.WA,1w,"['engulfing', 'hammer', 'RSI_OVERSOLD']","[465, 356, 346]"
poland,TRN.WA,1w,"['RSI_OVERSOLD', 'hammer']","[471, 439]"
poland,TRR.WA,1w,"['hammer', 'RSI_OVERSOLD', 'hammer', 'RSI_OVERSOLD', 'RSI_OVERSOLD']","[490, 474, 444, 228, 13]"
poland,TSG.WA,1w,"['RSI_OVERSOLD', 'RSI_OVERSOLD', 'engulfing', 'engulfing']","[490, 462, 459, 250]"
poland,TXT.WA,1w,"['RSI_OVERSOLD', 'RSI_OVERSOLD', 'hammer', 'RSI_OVERSOLD', 'hammer']","[466, 106, 100, 46, 44]"
poland,UCG.WA,1w,['RSI_OVERSOLD'],[436]
poland,ULG.WA,1w,"['RSI_OVERSOLD', 'piercing_line', 'RSI_OVERSOLD', 'hammer', 'RSI_OVERSOLD']","[255, 254, 246, 146, 96]"
poland,ULM.WA,1w,"['RSI_OVERSOLD', 'RSI_OVERSOLD', 'RSI_OVERSOLD', 'RSI_OVERSOLD']","[457, 222, 95, 88]"
poland,UNF.WA,1w,"['RSI_OVERSOLD', 'hammer', 'RSI_OVERSOLD']","[328, 319, 159]"
poland,UNI.WA,1w,"['RSI_OVERSOLD', 'RSI_OVERSOLD', 'RSI_OVERSOLD']","[468, 425, 98]"
poland,UNT.WA,1w,"['RSI_OVERSOLD', 'RSI_OVERSOLD', 'RSI_OVERSOLD', 'RSI_OVERSOLD', 'RSI_OVERSOLD']","[466, 462, 438, 425, 413]"
poland,URT.WA,1w,"['hammer', 'RSI_OVERSOLD', 'RSI_OVERSOLD', 'hammer']","[77, 71, 54, 53]"
poland,VER.WA,1w,['inverted_hammer'],[34]
poland,VGO.WA,1w,['RSI_OVERSOLD'],[212]
poland,VIN.WA,1w,"['RSI_OVERSOLD', 'RSI_OVERSOLD', 'hammer']","[445, 344, 336]"
poland,VOT.WA,1w,"['RSI_OVERSOLD', 'RSI_OVERSOLD']","[421, 124]"
poland,VOX.WA,1w,"['hammer, engulfing', 'engulfing', 'RSI_OVERSOLD', 'RSI_OVERSOLD']","[246, 238, 44, 28]"
poland,VRC.WA,1w,"['RSI_OVERSOLD', 'RSI_OVERSOLD']","[246, 242]"
poland,VRG.WA,1w,['RSI_OVERSOLD'],[346]
poland,VVD.WA,1w,"['RSI_OVERSOLD', 'RSI_OVERSOLD', 'RSI_OVERSOLD', 'engulfing', 'RSI_OVERSOLD']","[490, 412, 360, 250, 134]"
poland,WAS.WA,1w,"['RSI_OVERSOLD', 'RSI_OVERSOLD', 'hammer', 'RSI_OVERSOLD']","[411, 343, 140, 96]"
poland,WIG.WA,1w,,
poland,WIK.WA,1w,"['RSI_OVERSOLD', 'engulfing', 'RSI_OVERSOLD']","[465, 435, 434]"
poland,WLT.WA,1w,"['RSI_OVERSOLD', 'engulfing', 'RSI_OVERSOLD', 'RSI_OVERSOLD', 'hammer']","[363, 355, 344, 122, 116]"
poland,WPL.WA,1w,"['RSI_OVERSOLD', 'RSI_OVERSOLD', 'hammer', 'hammer', 'RSI_OVERSOLD']","[474, 344, 158, 95, 56]"
poland,WPR.WA,1w,"['RSI_OVERSOLD', 'RSI_OVERSOLD', 'RSI_OVERSOLD']","[144, 139, 44]"
poland,WTN.WA,1w,"['RSI_OVERSOLD', 'RSI_OVERSOLD', 'engulfing', 'RSI_OVERSOLD', 'hammer']","[98, 60, 51, 19, 18]"
poland,WWL.WA,1w,"['engulfing', 'RSI_OVERSOLD', 'RSI_OVERSOLD', 'RSI_OVERSOLD', 'hammer']","[475, 388, 343, 255, 242]"
poland,WXF.WA,1w,['RSI_OVERSOLD'],[96]
poland,XPL.WA,1w,"['hammer', 'RSI_OVERSOLD', 'RSI_OVERSOLD']","[190, 189, 185]"
poland,XTB.WA,1w,"['RSI_OVERSOLD', 'RSI_OVERSOLD', 'inverted_hammer']","[469, 465, 419]"
poland,XTP.WA,1w,"['hammer', 'RSI_OVERSOLD', 'RSI_OVERSOLD', 'RSI_OVERSOLD']","[367, 344, 252, 116]"
poland,YAN.WA,1w,['RSI_OVERSOLD'],[117]
poland,YRL.WA,1w,"['RSI_OVERSOLD', 'hammer']","[344, 53]"
poland,ZAB.WA,1w,,
poland,ZAP.WA,1w,"['engulfing', 'RSI_OVERSOLD', 'RSI_OVERSOLD', 'RSI_OVERSOLD', 'RSI_OVERSOLD']","[148, 147, 110, 99, 95]"
poland,ZEP.WA,1w,"['hammer', 'RSI_OVERSOLD', 'engulfing']","[94, 43, 42]"
poland,ZMT.WA,1w,"['RSI_OVERSOLD', 'RSI_OVERSOLD', 'RSI_OVERSOLD', 'hammer', 'hammer']","[438, 432, 423, 410, 242]"
poland,ZRE.WA,1w,"['RSI_OVERSOLD', 'inverted_hammer', 'hammer']","[471, 470, 467]"
poland,ZUE.WA,1w,"['inverted_hammer', 'RSI_OVERSOLD', 'engulfing', 'RSI_OVERSOLD', 'inverted_hammer']","[396, 395, 336, 248, 95]"
poland,ZUK.WA,1w,"['RSI_OVERSOLD', 'RSI_OVERSOLD', 'inverted_hammer', 'RSI_OVERSOLD', 'RSI_OVERSOLD']","[367, 152, 150, 147, 130]"
poland,06N.WA,1M,['rebound'],[33]
poland,08N.WA,1M,"['RSI_OVERSOLD', 'RSI_OVERSOLD']","[23, 13]"
poland,11B.WA,1M,"['RSI_OVERSOLD', 'inverted_hammer']","[25, 17]"
poland,1AT.WA,1M,,
poland,3RG.WA,1M,['inverted_hammer'],[55]
poland,4MS.WA,1M,,
poland,AAT.WA,1M,,
poland,ABE.WA,1M,['RSI_OVERSOLD'],[90]
poland,ABS.WA,1M,,
poland,ACG.WA,1M,"['rebound', 'RSI_OVERSOLD']","[11, 4]"
poland,ACP.WA,1M,,
poland,ACT.WA,1M,,
poland,ADV.WA,1M,"['RSI_OVERSOLD', 'RSI_OVERSOLD', 'RSI_OVERSOLD']","[85, 76, 29]"
poland,ADX.WA,1M,"['inverted_hammer', 'RSI_OVERSOLD', 'engulfing']","[39, 38, 37]"
poland,AGO.WA,1M,,
poland,AGT.WA,1M,,
poland,AIN.WA,1M,,
poland,ALE.WA,1M,"['engulfing', 'hammer']","[52, 49]"
poland,ALG.WA,1M,['engulfing'],[90]
poland,ALI.WA,1M,"['RSI_OVERSOLD', 'RSI_OVERSOLD', 'engulfing', 'RSI_OVERSOLD']","[101, 99, 96, 76]"
poland,ALL.WA,1M,,
poland,ALR.WA,1M,['RSI_OVERSOLD'],[85]
poland,AMB.WA,1M,,
poland,AMC.WA,1M,['rebound'],[25]
poland,ANR.WA,1M,,
poland,APE.WA,1M,,
poland,APL.WA,1M,,
poland,APN.WA,1M,['rebound'],[101]
poland,APR.WA,1M,,
poland,APT.WA,1M,,
poland,ARH.WA,1M,,
poland,ARL.WA,1M,,
poland,ART.WA,1M,,
poland,ASB.WA,1M,['rebound'],[97]
poland,ASE.WA,1M,,
poland,ASM.WA,1M,"['RSI_OVERSOLD', 'hammer']","[76, 70]"
poland,AST.WA,1M,"['RSI_OVERSOLD', 'RSI_OVERSOLD', 'inverted_hammer']","[95, 85, 81]"
poland,ATC.WA,1M,"['RSI_OVERSOLD', 'engulfing']","[92, 16]"
poland,ATD.WA,1M,,
poland,ATG.WA,1M,,
poland,ATP.WA,1M,,
poland,ATR.WA,1M,['RSI_OVERSOLD'],[95]
poland,ATS.WA,1M,['RSI_OVERSOLD'],[33]
poland,ATT.WA,1M,"['RSI_OVERSOLD', 'engulfing']","[98, 96]"
poland,AWM.WA,1M,"['RSI_OVERSOLD', 'inverted_hammer']","[83, 50]"
poland,BBD.WA,1M,,
poland,BBT.WA,1M,,
poland,BCM.WA,1M,['hammer'],[59]
poland,BCS.WA,1M,['RSI_OVERSOLD'],[7]
poland,BCX.WA,1M,,
poland,BDF.WA,1M,"['inverted_hammer', 'hammer', 'hammer', 'inverted_hammer', 'RSI_OVERSOLD']","[83, 80, 47, 37, 27]"
poland,BDX.WA,1M,,
poland,BFT.WA,1M,,
poland,BHW.WA,1M,,
poland,BIO.WA,1M,['RSI_OVERSOLD'],[23]
poland,BIP.WA,1M,,
poland,BLO.WA,1M,,
poland,BMC.WA,1M,,
poland,BMX.WA,1M,"['rebound', 'rebound']","[38, 5]"
poland,BNP.WA,1M,['RSI_OVERSOLD'],[73]
poland,BOS.WA,1M,,
poland,BOW.WA,1M,['RSI_OVERSOLD'],[23]
poland,BRS.WA,1M,,
poland,BST.WA,1M,['RSI_OVERSOLD'],[73]
poland,CAP.WA,1M,"['engulfing', 'engulfing', 'engulfing']","[35, 32, 18]"
poland,CAR.WA,1M,,
poland,CAV.WA,1M,"['hammer', 'rebound']","[35, 14]"
poland,CBF.WA,1M,,
poland,CCE.WA,1M,,
poland,CDL.WA,1M,"['rebound', 'RSI_OVERSOLD']","[101, 10]"
poland,CDR.WA,1M,['engulfing'],[50]
poland,CEZ.WA,1M,,
poland,CFI.WA,1M,,
poland,CIG.WA,1M,,
poland,CLC.WA,1M,"['engulfing', 'engulfing']","[52, 3]"
poland,CLD.WA,1M,['engulfing'],[94]
poland,CLE.WA,1M,"['inverted_hammer', 'RSI_OVERSOLD']","[81, 80]"
poland,CLN.WA,1M,,
poland,CMP.WA,1M,,
poland,COG.WA,1M,,
poland,CPD.WA,1M,,
poland,CPI.WA,1M,,
poland,CPL.WA,1M,"['rebound', 'RSI_OVERSOLD']","[97, 24]"
poland,CPR.WA,1M,"['RSI_OVERSOLD', 'engulfing', 'engulfing', 'engulfing']","[23, 17, 14, 12]"
poland,CPS.WA,1M,"['RSI_OVERSOLD', 'RSI_OVERSOLD', 'RSI_OVERSOLD', 'RSI_OVERSOLD']","[50, 38, 34, 32]"
poland,CRC.WA,1M,"['RSI_OVERSOLD, rebound']",[19]
poland,CRI.WA,1M,,
poland,CRJ.WA,1M,['RSI_OVERSOLD'],[26]
poland,CRM.WA,1M,['RSI_OVERSOLD'],[23]
poland,CRQ.WA,1M,,
poland,CSR.WA,1M,,
poland,CTS.WA,1M,,
poland,CTX.WA,1M,"['engulfing, rebound', 'RSI_OVERSOLD', 'RSI_OVERSOLD', 'RSI_OVERSOLD']","[35, 32, 24, 20]"
poland,CZT.WA,1M,,
poland,DAD.WA,1M,,
poland,DAT.WA,1M,,
poland,DBC.WA,1M,['engulfing'],[47]
poland,DBE.WA,1M,"['hammer', 'engulfing']","[35, 24]"
poland,DCR.WA,1M,,
poland,DEK.WA,1M,,
poland,DEL.WA,1M,,
poland,DGA.WA,1M,,
poland,DGE.WA,1M,,
poland,DIA.WA,1M,,
poland,DIG.WA,1M,['RSI_OVERSOLD'],[80]
poland,DMG.WA,1M,['engulfing'],[96]
poland,DNP.WA,1M,,
poland,DOM.WA,1M,,
poland,DTR.WA,1M,"['inverted_hammer', 'RSI_OVERSOLD']","[86, 80]"
poland,DVL.WA,1M,,
poland,EAH.WA,1M,,
poland,EAT.WA,1M,['RSI_OVERSOLD'],[9]
poland,EBP.WA,1M,"['RSI_OVERSOLD', 'RSI_OVERSOLD']","[80, 76]"
poland,ECB.WA,1M,"['RSI_OVERSOLD', 'RSI_OVERSOLD', 'RSI_OVERSOLD']","[86, 75, 61]"
poland,ECH.WA,1M,,
poland,EDI.WA,1M,,
poland,EFK.WA,1M,"['RSI_OVERSOLD', 'RSI_OVERSOLD']","[83, 80]"
poland,EHG.WA,1M,,
poland,EKP.WA,1M,['hammer'],[6]
poland,ELT.WA,1M,['rebound'],[87]
poland,ENA.WA,1M,,
poland,ENE.WA,1M,,
poland,ENG.WA,1M,,
poland,ENI.WA,1M,,
poland,ENP.WA,1M,,
poland,ENT.WA,1M,,
poland,EQU.WA,1M,,
poland,ERB.WA,1M,"['RSI_OVERSOLD', 'hammer']","[99, 2]"
poland,ERG.WA,1M,,
poland,EST.WA,1M,['RSI_OVERSOLD'],[4]
poland,ETL.WA,1M,"['RSI_OVERSOLD', 'engulfing']","[19, 18]"
poland,EUC.WA,1M,"['hammer', 'engulfing']","[87, 84]"
poland,EUR.WA,1M,,
poland,FAB.WA,1M,['RSI_OVERSOLD'],[80]
poland,FEE.WA,1M,['RSI_OVERSOLD'],[98]
poland,FHB.WA,1M,,
poland,FMG.WA,1M,['rebound'],[61]
poland,FON.WA,1M,,
poland,FOR.WA,1M,['hammer'],[11]
poland,FRO.WA,1M,['rebound'],[11]
poland,FSG.WA,1M,,
poland,FTE.WA,1M,"['RSI_OVERSOLD', 'RSI_OVERSOLD', 'RSI_OVERSOLD']","[97, 80, 49]"
poland,GIF.WA,1M,,
poland,GKI.WA,1M,,
poland,GMT.WA,1M,['RSI_OVERSOLD'],[11]
poland,GNS.WA,1M,,
poland,GOB.WA,1M,['hammer'],[59]
poland,GOP.WA,1M,['rebound'],[11]
poland,GPP.WA,1M,,
poland,GPW.WA,1M,,
poland,GRM.WA,1M,,
poland,GRN.WA,1M,,
poland,GRX.WA,1M,,
poland,GTC.WA,1M,['engulfing'],[3]
poland,GTN.WA,1M,['rebound'],[4]
poland,GVT.WA,1M,['hammer'],[84]
poland,HDR.WA,1M,['RSI_OVERSOLD'],[25]
poland,HEL.WA,1M,,
poland,HRP.WA,1M,"['RSI_OVERSOLD', 'engulfing']","[97, 94]"
poland,HRS.WA,1M,,
poland,HUB.WA,1M,,
poland,HUG.WA,1M,,
poland,IBS.WA,1M,"['RSI_OVERSOLD', 'RSI_OVERSOLD']","[94, 88]"
poland,ICE.WA,1M,,
poland,IDM.WA,1M,,
poland,IFI.WA,1M,,
poland,IFR.WA,1M,['engulfing'],[93]
poland,IMC.WA,1M,,
poland,IMP.WA,1M,['rebound'],[97]
poland,IMS.WA,1M,,
poland,INC.WA,1M,"['RSI_OVERSOLD', 'rebound']","[100, 99]"
poland,ING.WA,1M,['RSI_OVERSOLD'],[73]
poland,INK.WA,1M,,
poland,INL.WA,1M,"['inverted_hammer', 'hammer', 'engulfing']","[99, 98, 80]"
poland,INP.WA,1M,,
poland,IPE.WA,1M,,
poland,IPO.WA,1M,['engulfing'],[18]
poland,ITB.WA,1M,,
poland,IZB.WA,1M,"['engulfing', 'RSI_OVERSOLD', 'hammer']","[87, 81, 11]"
poland,IZO.WA,1M,,
poland,IZS.WA,1M,['RSI_OVERSOLD'],[96]
poland,JMT.WA,1M,,
poland,JRH.WA,1M,,
poland,JSW.WA,1M,['RSI_OVERSOLD'],[87]
poland,JWW.WA,1M,,
poland,KCH.WA,1M,"['engulfing', 'RSI_OVERSOLD']","[94, 88]"
poland,KCI.WA,1M,,
poland,KER.WA,1M,,
poland,KGH.WA,1M,,
poland,KGL.WA,1M,"['hammer', 'RSI_OVERSOLD']","[94, 54]"
poland,KGN.WA,1M,,
poland,KMP.WA,1M,"['hammer, RSI_OVERSOLD', 'rebound']","[95, 56]"
poland,KOM.WA,1M,"['RSI_OVERSOLD', 'RSI_OVERSOLD', 'RSI_OVERSOLD']","[87, 84, 80]"
poland,KPD.WA,1M,"['rebound', 'rebound', 'RSI_OVERSOLD', 'RSI_OVERSOLD', 'RSI_OVERSOLD']","[104, 25, 12, 7, 4]"
poland,KPL.WA,1M,,
poland,KRK.WA,1M,['rebound'],[104]
poland,KRU.WA,1M,['RSI_OVERSOLD'],[80]
poland,KSG.WA,1M,,
poland,KTY.WA,1M,,
poland,KVT.WA,1M,,
poland,LBT.WA,1M,,
poland,LBW.WA,1M,,
poland,LEN.WA,1M,['RSI_OVERSOLD'],[7]
poland,LES.WA,1M,"['hammer', 'engulfing', 'engulfing']","[98, 79, 34]"
poland,LKD.WA,1M,,
poland,LMU.WA,1M,,
poland,LPP.WA,1M,,
poland,LRQ.WA,1M,,
poland,LSI.WA,1M,,
poland,LTX.WA,1M,"['hammer', 'engulfing']","[51, 50]"
poland,LWB.WA,1M,"['RSI_OVERSOLD', 'RSI_OVERSOLD']","[81, 78]"
poland,MAB.WA,1M,"['RSI_OVERSOLD', 'hammer']","[80, 24]"
poland,MAK.WA,1M,,
poland,MAN.WA,1M,,
poland,MBK.WA,1M,"['RSI_OVERSOLD', 'inverted_hammer']","[74, 50]"
poland,MBR.WA,1M,,
poland,MBW.WA,1M,['RSI_OVERSOLD'],[77]
poland,MCI.WA,1M,,
poland,MCR.WA,1M,['RSI_OVERSOLD'],[8]
poland,MDG.WA,1M,['RSI_OVERSOLD'],[54]
poland,MDI.WA,1M,,
poland,MDV.WA,1M,"['RSI_OVERSOLD', 'hammer']","[80, 54]"
poland,MEG.WA,1M,['RSI_OVERSOLD'],[28]
poland,MEX.WA,1M,['RSI_OVERSOLD'],[73]
poland,MFO.WA,1M,,
poland,MGT.WA,1M,['rebound'],[25]
poland,MIL.WA,1M,"['RSI_OVERSOLD', 'RSI_OVERSOLD']","[80, 76]"
poland,MIR.WA,1M,['RSI_OVERSOLD'],[24]
poland,MLG.WA,1M,,
poland,MLK.WA,1M,,
poland,MLP.WA,1M,['rebound'],[7]
poland,MLS.WA,1M,"['RSI_OVERSOLD', 'engulfing']","[20, 18]"
poland,MNC.WA,1M,['rebound'],[111]
poland,MOC.WA,1M,,
poland,MOL.WA,1M,"['hammer', 'engulfing']","[92, 60]"
poland,MON.WA,1M,"['RSI_OVERSOLD', 'RSI_OVERSOLD']","[85, 78]"
poland,MOV.WA,1M,"['engulfing', 'rebound']","[48, 11]"
poland,MQR.WA,1M,"['engulfing', 'engulfing']","[35, 29]"
poland,MRB.WA,1M,,
poland,MRC.WA,1M,"['RSI_OVERSOLD', 'RSI_OVERSOLD']","[95, 91]"
poland,MSP.WA,1M,"['RSI_OVERSOLD', 'RSI_OVERSOLD']","[97, 23]"
poland,MSW.WA,1M,['rebound'],[107]
poland,MSZ.WA,1M,,
poland,MUR.WA,1M,,
poland,MVP.WA,1M,,
poland,MWT.WA,1M,"['hammer', 'RSI_OVERSOLD']","[98, 24]"
poland,MXC.WA,1M,['RSI_OVERSOLD'],[16]
poland,MZA.WA,1M,['RSI_OVERSOLD'],[80]
poland,NCL.WA,1M,,
poland,NEU.WA,1M,['rebound'],[111]
poland,NNG.WA,1M,['engulfing'],[52]
poland,NTC.WA,1M,"['rebound', 'rebound']","[104, 93]"
poland,NTT.WA,1M,,
poland,NTU.WA,1M,"['rebound', 'RSI_OVERSOLD', 'hammer', 'hammer']","[87, 84, 21, 12]"
poland,NVA.WA,1M,"['rebound', 'inverted_hammer']","[79, 47]"
poland,NVG.WA,1M,"['RSI_OVERSOLD', 'rebound']","[7, 1]"
poland,NVT.WA,1M,,
poland,NWA.WA,1M,,
poland,NWG.WA,1M,,
poland,NXG.WA,1M,['engulfing'],[56]
poland,OBL.WA,1M,,
poland,ODL.WA,1M,,
poland,OML.WA,1M,,
poland,OND.WA,1M,,
poland,ONO.WA,1M,['RSI_OVERSOLD'],[8]
poland,OPG.WA,1M,,
poland,OPL.WA,1M,,
poland,OPM.WA,1M,"['RSI_OVERSOLD', 'RSI_OVERSOLD', 'RSI_OVERSOLD']","[27, 13, 11]"
poland,OPN.WA,1M,['RSI_OVERSOLD'],[98]
poland,ORL.WA,1M,['inverted_hammer'],[2]
poland,OTM.WA,1M,['engulfing'],[94]
poland,OTS.WA,1M,"['engulfing', 'rebound', 'engulfing']","[94, 88, 87]"
poland,PAS.WA,1M,,
poland,PAT.WA,1M,,
poland,PBF.WA,1M,"['hammer', 'inverted_hammer']","[86, 85]"
poland,PBG.WA,1M,['rebound'],[113]
poland,PBX.WA,1M,"['RSI_OVERSOLD', 'hammer']","[7, 6]"
poland,PCE.WA,1M,"['RSI_OVERSOLD', 'RSI_OVERSOLD']","[97, 7]"
poland,PCF.WA,1M,,
poland,PCO.WA,1M,['RSI_OVERSOLD'],[38]
poland,PCR.WA,1M,,
poland,PCX.WA,1M,,
poland,PEN.WA,1M,"['hammer', 'inverted_hammer', 'engulfing']","[23, 15, 6]"
poland,PEO.WA,1M,['RSI_OVERSOLD'],[80]
poland,PEP.WA,1M,,
poland,PGE.WA,1M,['RSI_OVERSOLD'],[80]
poland,PGM.WA,1M,"['hammer', 'hammer']","[90, 83]"
poland,PGV.WA,1M,,
poland,PHN.WA,1M,['RSI_OVERSOLD'],[96]
poland,PHR.WA,1M,['engulfing'],[96]
poland,PJP.WA,1M,['RSI_OVERSOLD'],[55]
poland,PKN.WA,1M,,
poland,PKO.WA,1M,['RSI_OVERSOLD'],[80]
poland,PKP.WA,1M,"['RSI_OVERSOLD', 'hammer']","[84, 83]"
poland,PLT.WA,1M,['rebound'],[27]
poland,PLW.WA,1M,,
poland,PLZ.WA,1M,,
poland,PNT.WA,1M,,
poland,PPS.WA,1M,,
poland,PRE.WA,1M,,
poland,PRI.WA,1M,,
poland,PRM.WA,1M,,
poland,PRT.WA,1M,['RSI_OVERSOLD'],[23]
poland,PRTP.WA,1M,,
poland,PTG.WA,1M,"['inverted_hammer', 'RSI_OVERSOLD']","[13, 8]"
poland,PTN.WA,1M,['hammer'],[29]
poland,PTW.WA,1M,,
poland,PWX.WA,1M,"['rebound', 'RSI_OVERSOLD']","[74, 30]"
poland,PXM.WA,1M,,
poland,PZU.WA,1M,['RSI_OVERSOLD'],[73]
poland,QNA.WA,1M,,
poland,QNT.WA,1M,,
poland,QRS.WA,1M,['rebound'],[1]
poland,RAF.WA,1M,['rebound'],[25]
poland,RBW.WA,1M,,
poland,RDN.WA,1M,"['hammer', 'rebound']","[83, 51]"
poland,REX.WA,1M,,
poland,RHD.WA,1M,,
poland,RLP.WA,1M,,
poland,RMK.WA,1M,,
poland,RNC.WA,1M,['RSI_OVERSOLD'],[15]
poland,RND.WA,1M,,
poland,RNK.WA,1M,,
poland,ROB.WA,1M,,
poland,RPC.WA,1M,,
poland,RVU.WA,1M,"['RSI_OVERSOLD', 'RSI_OVERSOLD, rebound']","[22, 5]"
poland,RWL.WA,1M,['RSI_OVERSOLD'],[80]
poland,S2B.WA,1M,,
poland,SAN.WA,1M,,
poland,SCP.WA,1M,,
poland,SCW.WA,1M,,
poland,SEK.WA,1M,,
poland,SEL.WA,1M,['RSI_OVERSOLD'],[97]
poland,SFG.WA,1M,['engulfing'],[71]
poland,SFS.WA,1M,['RSI_OVERSOLD'],[73]
poland,SGN.WA,1M,,
poland,SHD.WA,1M,"['inverted_hammer', 'RSI_OVERSOLD']","[60, 9]"
poland,SHG.WA,1M,,
poland,SIM.WA,1M,,
poland,SKA.WA,1M,,
poland,SKH.WA,1M,,
poland,SKL.WA,1M,['rebound'],[91]
poland,SLV.WA,1M,['RSI_OVERSOLD'],[20]
poland,SNK.WA,1M,['hammer'],[98]
poland,SNT.WA,1M,,
poland,SNW.WA,1M,,
poland,SNX.WA,1M,,
poland,SON.WA,1M,,
poland,SPH.WA,1M,['RSI_OVERSOLD'],[9]
poland,SPR.WA,1M,,
poland,STF.WA,1M,"['RSI_OVERSOLD', 'RSI_OVERSOLD']","[89, 80]"
poland,STP.WA,1M,"['RSI_OVERSOLD', 'RSI_OVERSOLD', 'engulfing', 'engulfing']","[90, 88, 86, 82]"
poland,STS.WA,1M,['engulfing'],[77]
poland,STX.WA,1M,,
poland,SVE.WA,1M,['rebound'],[32]
poland,SVRS.WA,1M,"['rebound', 'RSI_OVERSOLD']","[61, 21]"
poland,SWG.WA,1M,,
poland,TAR.WA,1M,,
poland,TBL.WA,1M,"['hammer', 'engulfing', 'engulfing']","[83, 82, 79]"
poland,TEN.WA,1M,"['RSI_OVERSOLD', 'engulfing']","[54, 41]"
poland,THG.WA,1M,"['RSI_OVERSOLD', 'RSI_OVERSOLD']","[42, 10]"
poland,TLX.WA,1M,"['RSI_OVERSOLD', 'engulfing', 'RSI_OVERSOLD']","[97, 94, 80]"
poland,TME.WA,1M,,
poland,TMR.WA,1M,,
poland,TOA.WA,1M,,
poland,TOR.WA,1M,,
poland,TOW.WA,1M,['RSI_OVERSOLD'],[30]
poland,TPE.WA,1M,,
poland,TRI.WA,1M,,
poland,TRK.WA,1M,,
poland,TRN.WA,1M,,
poland,TRR.WA,1M,,
poland,TSG.WA,1M,,
poland,TXT.WA,1M,,
poland,UCG.WA,1M,,
poland,ULG.WA,1M,,
poland,ULM.WA,1M,['hammer'],[12]
poland,UNF.WA,1M,"['RSI_OVERSOLD', 'engulfing', 'RSI_OVERSOLD']","[76, 72, 21]"
poland,UNI.WA,1M,,
poland,UNT.WA,1M,,
poland,URT.WA,1M,['RSI_OVERSOLD'],[13]
poland,VER.WA,1M,,
poland,VGO.WA,1M,,
poland,VIN.WA,1M,,
poland,VOT.WA,1M,,
poland,VOX.WA,1M,,
poland,VRC.WA,1M,,
poland,VRG.WA,1M,"['RSI_OVERSOLD', 'inverted_hammer']","[80, 77]"
poland,VVD.WA,1M,"['hammer, rebound']",[35]
poland,WAS.WA,1M,,
poland,WIG.WA,1M,,
poland,WIK.WA,1M,,
poland,WLT.WA,1M,['RSI_OVERSOLD'],[80]
poland,WPL.WA,1M,"['hammer, engulfing']",[23]
poland,WPR.WA,1M,"['hammer, engulfing', 'engulfing']","[29, 14]"
poland,WTN.WA,1M,"['hammer', 'RSI_OVERSOLD']","[96, 80]"
poland,WWL.WA,1M,['RSI_OVERSOLD'],[89]
poland,WXF.WA,1M,,
poland,XPL.WA,1M,['rebound'],[44]
poland,XTB.WA,1M,,
poland,XTP.WA,1M,['hammer'],[59]
poland,YAN.WA,1M,,
poland,YRL.WA,1M,['rebound'],[1]
poland,ZAB.WA,1M,,
poland,ZAP.WA,1M,"['RSI_OVERSOLD', 'hammer']","[95, 34]"
poland,ZEP.WA,1M,,
poland,ZMT.WA,1M,,
poland,ZRE.WA,1M,,
poland,ZUE.WA,1M,['RSI_OVERSOLD'],[79]
poland,ZUK.WA,1M,,
